frame,op_id,module_path,op_type,op_role,domain,latency_s,dynamic_energy_j,macs
0,op_00000,stem.conv,Conv2d,spatial_conv,electronic,5.4402624e-06,2.7454361600000002e-05,3981312
0,op_00001,stem.bn,empty,normalization_softmax_activation,electronic,0.0,0.0,0
0,op_00002,stem.bn,native_batch_norm,normalization_softmax_activation,electronic,5.6937359999999995e-06,3.0293862399999994e-05,0
0,op_00003,stem.bn.act,silu_,normalization_softmax_activation,electronic,5.987647999999998e-06,3.05528832e-05,0
0,op_00004,stages.0.0.conv1_1x1.conv,Conv2d,pointwise_conv,photonic,3.0411935999999994e-05,7.365852891428567e-05,4718592
0,op_00005,stages.0.0.conv1_1x1.bn,empty,normalization_softmax_activation,electronic,0.0,0.0,0
0,op_00006,stages.0.0.conv1_1x1.bn,native_batch_norm,normalization_softmax_activation,electronic,1.1187471999999998e-05,6.058772479999999e-05,0
0,op_00007,stages.0.0.conv1_1x1.bn.act,silu_,normalization_softmax_activation,electronic,1.1775295999999998e-05,6.110576640000001e-05,0
0,op_00008,stages.0.0.conv2_kxk.conv,Conv2d,depthwise_conv,electronic,1.3242841599999414e-05,6.050037759999918e-05,2654208
0,op_00009,stages.0.0.conv2_kxk.bn,empty,normalization_softmax_activation,electronic,0.0,0.0,0
0,op_00010,stages.0.0.conv2_kxk.bn,native_batch_norm,normalization_softmax_activation,electronic,1.1187471999999998e-05,6.058772479999999e-05,0
0,op_00011,stages.0.0.conv2_kxk.bn.act,silu_,normalization_softmax_activation,electronic,1.1775295999999998e-05,6.110576639999999e-05,0
0,op_00012,stages.0.0.conv3_1x1.conv,Conv2d,pointwise_conv,photonic,3.343939200000005e-05,7.799373531428564e-05,4718592
0,op_00013,stages.0.0.conv3_1x1.bn,empty,normalization_softmax_activation,electronic,0.0,0.0,0
0,op_00014,stages.0.0.conv3_1x1.bn,native_batch_norm,normalization_softmax_activation,electronic,5.693736000000015e-06,3.0293862400000075e-05,0
0,op_00015,stages.0.0,add,control_residual,electronic,7.259456000000014e-06,4.436951040000009e-05,0
0,op_00016,stages.1.0.conv1_1x1.conv,Conv2d,pointwise_conv,photonic,3.041193600000018e-05,7.365852891428584e-05,4718592
0,op_00017,stages.1.0.conv1_1x1.bn,empty,normalization_softmax_activation,electronic,0.0,0.0,0
0,op_00018,stages.1.0.conv1_1x1.bn,native_batch_norm,normalization_softmax_activation,electronic,1.1187471999999998e-05,6.058772480000004e-05,0
0,op_00019,stages.1.0.conv1_1x1.bn.act,silu_,normalization_softmax_activation,electronic,1.1775295999999984e-05,6.11057664000001e-05,0
0,op_00020,stages.1.0.conv2_kxk.conv,Conv2d,depthwise_conv,electronic,9.38871040000072e-06,3.758571520000114e-05,663552
0,op_00021,stages.1.0.conv2_kxk.bn,empty,normalization_softmax_activation,electronic,0.0,0.0,0
0,op_00022,stages.1.0.conv2_kxk.bn,native_batch_norm,normalization_softmax_activation,electronic,2.9483680000000063e-06,1.5156531200000113e-05,0
0,op_00023,stages.1.0.conv2_kxk.bn.act,silu_,normalization_softmax_activation,electronic,3.0938240000000065e-06,1.5276441599999997e-05,0
0,op_00024,stages.1.0.conv3_1x1.conv,Conv2d,pointwise_conv,photonic,1.3934672000000167e-05,2.5526542628571524e-05,1769472
0,op_00025,stages.1.0.conv3_1x1.bn,empty,normalization_softmax_activation,electronic,0.0,0.0,0
0,op_00026,stages.1.0.conv3_1x1.bn,native_batch_norm,normalization_softmax_activation,electronic,2.2612759999999924e-06,1.1367398399999922e-05,0
0,op_00027,stages.1.1.conv1_1x1.conv,Conv2d,pointwise_conv,photonic,2.2816543999999825e-05,4.0051024457143166e-05,2654208
0,op_00028,stages.1.1.conv1_1x1.bn,empty,normalization_softmax_activation,electronic,0.0,0.0,0
0,op_00029,stages.1.1.conv1_1x1.bn,native_batch_norm,normalization_softmax_activation,electronic,4.32255199999998e-06,2.273479680000006e-05,0
0,op_00030,stages.1.1.conv1_1x1.bn.act,silu_,normalization_softmax_activation,electronic,4.540735999999967e-06,2.2914662399999832e-05,0
0,op_00031,stages.1.1.conv2_kxk.conv,Conv2d,depthwise_conv,electronic,8.799065599999752e-06,2.3200972800001708e-05,995328
0,op_00032,stages.1.1.conv2_kxk.bn,empty,normalization_softmax_activation,electronic,0.0,0.0,0
0,op_00033,stages.1.1.conv2_kxk.bn,native_batch_norm,normalization_softmax_activation,electronic,4.32255199999998e-06,2.273479680000006e-05,0
0,op_00034,stages.1.1.conv2_kxk.bn.act,silu_,normalization_softmax_activation,electronic,4.540735999999967e-06,2.2914662399999832e-05,0
0,op_00035,stages.1.1.conv3_1x1.conv,Conv2d,pointwise_conv,photonic,2.082966599999982e-05,3.618027154285723e-05,2654208
0,op_00036,stages.1.1.conv3_1x1.bn,empty,normalization_softmax_activation,electronic,0.0,0.0,0
0,op_00037,stages.1.1.conv3_1x1.bn,native_batch_norm,normalization_softmax_activation,electronic,2.2612760000000195e-06,1.136739840000003e-05,0
0,op_00038,stages.1.1,add,control_residual,electronic,2.847296000000005e-06,1.6638566399999844e-05,0
0,op_00039,stages.1.2.conv1_1x1.conv,Conv2d,pointwise_conv,photonic,2.2816543999999662e-05,4.005102445714349e-05,2654208
0,op_00040,stages.1.2.conv1_1x1.bn,empty,normalization_softmax_activation,electronic,0.0,0.0,0
0,op_00041,stages.1.2.conv1_1x1.bn,native_batch_norm,normalization_softmax_activation,electronic,4.32255199999998e-06,2.273479680000006e-05,0
0,op_00042,stages.1.2.conv1_1x1.bn.act,silu_,normalization_softmax_activation,electronic,4.540735999999967e-06,2.2914662399999832e-05,0
0,op_00043,stages.1.2.conv2_kxk.conv,Conv2d,depthwise_conv,electronic,8.799065599999752e-06,2.3200972800000406e-05,995328
0,op_00044,stages.1.2.conv2_kxk.bn,empty,normalization_softmax_activation,electronic,0.0,0.0,0
0,op_00045,stages.1.2.conv2_kxk.bn,native_batch_norm,normalization_softmax_activation,electronic,4.32255199999998e-06,2.273479680000006e-05,0
0,op_00046,stages.1.2.conv2_kxk.bn.act,silu_,normalization_softmax_activation,electronic,4.540735999999967e-06,2.2914662399999832e-05,0
0,op_00047,stages.1.2.conv3_1x1.conv,Conv2d,pointwise_conv,photonic,2.082966599999982e-05,3.618027154285723e-05,2654208
0,op_00048,stages.1.2.conv3_1x1.bn,empty,normalization_softmax_activation,electronic,0.0,0.0,0
0,op_00049,stages.1.2.conv3_1x1.bn,native_batch_norm,normalization_softmax_activation,electronic,2.2612760000000195e-06,1.136739840000003e-05,0
0,op_00050,stages.1.2,add,control_residual,electronic,2.847296000000005e-06,1.6638566399999844e-05,0
0,op_00051,stages.2.0.conv1_1x1.conv,Conv2d,pointwise_conv,photonic,2.2816543999999662e-05,4.0051024457143274e-05,2654208
0,op_00052,stages.2.0.conv1_1x1.bn,empty,normalization_softmax_activation,electronic,0.0,0.0,0
0,op_00053,stages.2.0.conv1_1x1.bn,native_batch_norm,normalization_softmax_activation,electronic,4.32255199999998e-06,2.273479680000006e-05,0
0,op_00054,stages.2.0.conv1_1x1.bn.act,silu_,normalization_softmax_activation,electronic,4.540735999999967e-06,2.2914662399999832e-05,0
0,op_00055,stages.2.0.conv2_kxk.conv,Conv2d,depthwise_conv,electronic,7.35376639999976e-06,1.4607974400000388e-05,248832
0,op_00056,stages.2.0.conv2_kxk.bn,empty,normalization_softmax_activation,electronic,0.0,0.0,0
0,op_00057,stages.2.0.conv2_kxk.bn,native_batch_norm,normalization_softmax_activation,electronic,1.2328880000000205e-06,5.698099200000155e-06,0
0,op_00058,stages.2.0.conv2_kxk.bn.act,silu_,normalization_softmax_activation,electronic,1.2851839999999276e-06,5.7286655999997955e-06,0
0,op_00059,stages.2.0.conv3_1x1.conv,Conv2d,pointwise_conv,photonic,1.0602128000000157e-05,1.5693992228571008e-05,1327104
0,op_00060,stages.2.0.conv3_1x1.bn,empty,normalization_softmax_activation,electronic,0.0,0.0,0
0,op_00061,stages.2.0.conv3_1x1.bn,native_batch_norm,normalization_softmax_activation,electronic,1.2328880000000205e-06,5.698099200000155e-06,0
0,op_00062,stages.2.1.conv_kxk.conv,Conv2d,spatial_conv,electronic,2.01387871999992e-05,1.261716480000126e-05,11943936
0,op_00063,stages.2.1.conv_kxk.bn,empty,normalization_softmax_activation,electronic,0.0,0.0,0
0,op_00064,stages.2.1.conv_kxk.bn,native_batch_norm,normalization_softmax_activation,electronic,1.2328880000000205e-06,5.698099200000155e-06,0
0,op_00065,stages.2.1.conv_kxk.bn.act,silu_,normalization_softmax_activation,electronic,1.2851839999999276e-06,5.728665600000012e-06,0
0,op_00066,stages.2.1.conv_1x1,Conv2d,pointwise_conv,photonic,1.3380704000000234e-05,1.9951191771428638e-05,1769472
0,op_00067,stages.2.1,view,control_residual,electronic,0.0,0.0,0
0,op_00068,stages.2.1,transpose,control_residual,electronic,0.0,0.0,0
0,op_00069,stages.2.1,clone,control_residual,electronic,1.3520000000000372e-06,7.37280000000012e-06,0
0,op_00070,stages.2.1,_unsafe_view,control_residual,electronic,0.0,0.0,0
0,op_00071,stages.2.1,transpose,control_residual,electronic,0.0,0.0,0
0,op_00072,stages.2.1,view,control_residual,electronic,0.0,0.0,0
0,op_00073,stages.2.1.transformer.0.norm1,native_layer_norm,normalization_softmax_activation,electronic,1.6000959999999806e-06,7.70608640000012e-06,0
0,op_00074,stages.2.1.transformer.0.attn.qkv,view,qkv_projection,electronic,0.0,0.0,0
0,op_00075,stages.2.1.transformer.0.attn.qkv,t,qkv_projection,electronic,0.0,0.0,0
0,op_00076,stages.2.1.transformer.0.attn.qkv,Linear,qkv_projection,photonic,5.152342999999117e-05,6.921928868571328e-05,7077888
0,op_00077,stages.2.1.transformer.0.attn.qkv,view,qkv_projection,electronic,0.0,0.0,0
0,op_00078,stages.2.1.transformer.0.attn,view,control_residual,electronic,0.0,0.0,0
0,op_00079,stages.2.1.transformer.0.attn,permute,control_residual,electronic,0.0,0.0,0
0,op_00080,stages.2.1.transformer.0.attn,unbind,control_residual,electronic,0.0,0.0,0
0,op_00081,stages.2.1.transformer.0.attn,mul,control_residual,electronic,1.388864000000079e-06,7.405977600000125e-06,0
0,op_00082,stages.2.1.transformer.0.attn,transpose,control_residual,electronic,0.0,0.0,0
0,op_00083,stages.2.1.transformer.0.attn,expand,control_residual,electronic,0.0,0.0,0
0,op_00084,stages.2.1.transformer.0.attn,clone,control_residual,electronic,1.3520000000000372e-06,7.37280000000012e-06,0
0,op_00085,stages.2.1.transformer.0.attn,_unsafe_view,control_residual,electronic,0.0,0.0,0
0,op_00086,stages.2.1.transformer.0.attn,expand,control_residual,electronic,0.0,0.0,0
0,op_00087,stages.2.1.transformer.0.attn,clone,control_residual,electronic,1.3520000000000372e-06,7.37280000000012e-06,0
0,op_00088,stages.2.1.transformer.0.attn,_unsafe_view,control_residual,electronic,0.0,0.0,0
0,op_00089,stages.2.1.transformer.0.attn,MatMul,attention_score,photonic,3.2068927999951845e-05,8.027925942857253e-05,5308416
0,op_00090,stages.2.1.transformer.0.attn,_unsafe_view,control_residual,electronic,0.0,0.0,0
0,op_00091,stages.2.1.transformer.0.attn,_softmax,control_residual,electronic,1.2226880000000117e-05,6.78481919999998e-05,0
0,op_00092,stages.2.1.transformer.0.attn,expand,control_residual,electronic,0.0,0.0,0
0,op_00093,stages.2.1.transformer.0.attn,view,control_residual,electronic,0.0,0.0,0
0,op_00094,stages.2.1.transformer.0.attn,expand,control_residual,electronic,0.0,0.0,0
0,op_00095,stages.2.1.transformer.0.attn,clone,control_residual,electronic,1.3520000000000372e-06,7.37280000000012e-06,0
0,op_00096,stages.2.1.transformer.0.attn,_unsafe_view,control_residual,electronic,0.0,0.0,0
0,op_00097,stages.2.1.transformer.0.attn,MatMul,attention_value,photonic,3.8123839999984e-05,8.89496722285615e-05,5308416
0,op_00098,stages.2.1.transformer.0.attn,_unsafe_view,control_residual,electronic,0.0,0.0,0
0,op_00099,stages.2.1.transformer.0.attn,transpose,control_residual,electronic,0.0,0.0,0
0,op_00100,stages.2.1.transformer.0.attn,clone,control_residual,electronic,1.3520000000000372e-06,7.37280000000012e-06,0
0,op_00101,stages.2.1.transformer.0.attn,_unsafe_view,control_residual,electronic,0.0,0.0,0
0,op_00102,stages.2.1.transformer.0.attn.proj,view,attention_output_projection,electronic,0.0,0.0,0
0,op_00103,stages.2.1.transformer.0.attn.proj,t,attention_output_projection,electronic,0.0,0.0,0
0,op_00104,stages.2.1.transformer.0.attn.proj,Linear,attention_output_projection,photonic,1.778780999999645e-05,2.5670779428572238e-05,2359296
0,op_00105,stages.2.1.transformer.0.attn.proj,view,attention_output_projection,electronic,0.0,0.0,0
0,op_00106,stages.2.1.transformer.0,add,control_residual,electronic,1.964864000000041e-06,1.1092377599999969e-05,0
0,op_00107,stages.2.1.transformer.0.norm2,native_layer_norm,normalization_softmax_activation,electronic,1.6000959999999806e-06,7.706086400000338e-06,0
0,op_00108,stages.2.1.transformer.0.mlp.fc1,view,ffn_linear,electronic,0.0,0.0,0
0,op_00109,stages.2.1.transformer.0.mlp.fc1,t,ffn_linear,electronic,0.0,0.0,0
0,op_00110,stages.2.1.transformer.0.mlp.fc1,Linear,ffn_linear,photonic,3.465561999999294e-05,4.744503405714525e-05,4718592
0,op_00111,stages.2.1.transformer.0.mlp.fc1,view,ffn_linear,electronic,0.0,0.0,0
0,op_00112,stages.2.1.transformer.0.mlp.act,silu,normalization_softmax_activation,electronic,3.0938239999999794e-06,1.5276441599999888e-05,0
0,op_00113,stages.2.1.transformer.0.mlp.fc2,view,ffn_linear,electronic,0.0,0.0,0
0,op_00114,stages.2.1.transformer.0.mlp.fc2,t,ffn_linear,electronic,0.0,0.0,0
0,op_00115,stages.2.1.transformer.0.mlp.fc2,Linear,ffn_linear,photonic,3.541123399999251e-05,4.852207085714443e-05,4718592
0,op_00116,stages.2.1.transformer.0.mlp.fc2,view,ffn_linear,electronic,0.0,0.0,0
0,op_00117,stages.2.1.transformer.0,add,control_residual,electronic,1.964864000000041e-06,1.1092377599999752e-05,0
0,op_00118,stages.2.1.transformer.1.norm1,native_layer_norm,normalization_softmax_activation,electronic,1.6000959999999806e-06,7.70608640000012e-06,0
0,op_00119,stages.2.1.transformer.1.attn.qkv,view,qkv_projection,electronic,0.0,0.0,0
0,op_00120,stages.2.1.transformer.1.attn.qkv,t,qkv_projection,electronic,0.0,0.0,0
0,op_00121,stages.2.1.transformer.1.attn.qkv,Linear,qkv_projection,photonic,5.1523429999989325e-05,6.92192886857174e-05,7077888
0,op_00122,stages.2.1.transformer.1.attn.qkv,view,qkv_projection,electronic,0.0,0.0,0
0,op_00123,stages.2.1.transformer.1.attn,view,control_residual,electronic,0.0,0.0,0
0,op_00124,stages.2.1.transformer.1.attn,permute,control_residual,electronic,0.0,0.0,0
0,op_00125,stages.2.1.transformer.1.attn,unbind,control_residual,electronic,0.0,0.0,0
0,op_00126,stages.2.1.transformer.1.attn,mul,control_residual,electronic,1.388864000000079e-06,7.4059775999999085e-06,0
0,op_00127,stages.2.1.transformer.1.attn,transpose,control_residual,electronic,0.0,0.0,0
0,op_00128,stages.2.1.transformer.1.attn,expand,control_residual,electronic,0.0,0.0,0
0,op_00129,stages.2.1.transformer.1.attn,clone,control_residual,electronic,1.3520000000000372e-06,7.37280000000012e-06,0
0,op_00130,stages.2.1.transformer.1.attn,_unsafe_view,control_residual,electronic,0.0,0.0,0
0,op_00131,stages.2.1.transformer.1.attn,expand,control_residual,electronic,0.0,0.0,0
0,op_00132,stages.2.1.transformer.1.attn,clone,control_residual,electronic,1.3520000000000372e-06,7.37280000000012e-06,0
0,op_00133,stages.2.1.transformer.1.attn,_unsafe_view,control_residual,electronic,0.0,0.0,0
0,op_00134,stages.2.1.transformer.1.attn,MatMul,attention_score,photonic,3.2068927999951845e-05,8.027925942854846e-05,5308416
0,op_00135,stages.2.1.transformer.1.attn,_unsafe_view,control_residual,electronic,0.0,0.0,0
0,op_00136,stages.2.1.transformer.1.attn,_softmax,control_residual,electronic,1.2226880000000117e-05,6.78481919999998e-05,0
0,op_00137,stages.2.1.transformer.1.attn,expand,control_residual,electronic,0.0,0.0,0
0,op_00138,stages.2.1.transformer.1.attn,view,control_residual,electronic,0.0,0.0,0
0,op_00139,stages.2.1.transformer.1.attn,expand,control_residual,electronic,0.0,0.0,0
0,op_00140,stages.2.1.transformer.1.attn,clone,control_residual,electronic,1.3520000000000372e-06,7.3727999999996865e-06,0
0,op_00141,stages.2.1.transformer.1.attn,_unsafe_view,control_residual,electronic,0.0,0.0,0
0,op_00142,stages.2.1.transformer.1.attn,MatMul,attention_value,photonic,3.8123839999984e-05,8.894967222855326e-05,5308416
0,op_00143,stages.2.1.transformer.1.attn,_unsafe_view,control_residual,electronic,0.0,0.0,0
0,op_00144,stages.2.1.transformer.1.attn,transpose,control_residual,electronic,0.0,0.0,0
0,op_00145,stages.2.1.transformer.1.attn,clone,control_residual,electronic,1.3520000000000372e-06,7.37280000000012e-06,0
0,op_00146,stages.2.1.transformer.1.attn,_unsafe_view,control_residual,electronic,0.0,0.0,0
0,op_00147,stages.2.1.transformer.1.attn.proj,view,attention_output_projection,electronic,0.0,0.0,0
0,op_00148,stages.2.1.transformer.1.attn.proj,t,attention_output_projection,electronic,0.0,0.0,0
0,op_00149,stages.2.1.transformer.1.attn.proj,Linear,attention_output_projection,photonic,1.778780999999645e-05,2.5670779428572238e-05,2359296
0,op_00150,stages.2.1.transformer.1.attn.proj,view,attention_output_projection,electronic,0.0,0.0,0
0,op_00151,stages.2.1.transformer.1,add,control_residual,electronic,1.964864000000041e-06,1.1092377600000185e-05,0
0,op_00152,stages.2.1.transformer.1.norm2,native_layer_norm,normalization_softmax_activation,electronic,1.6000959999999806e-06,7.70608640000012e-06,0
0,op_00153,stages.2.1.transformer.1.mlp.fc1,view,ffn_linear,electronic,0.0,0.0,0
0,op_00154,stages.2.1.transformer.1.mlp.fc1,t,ffn_linear,electronic,0.0,0.0,0
0,op_00155,stages.2.1.transformer.1.mlp.fc1,Linear,ffn_linear,photonic,3.465561999999294e-05,4.7445034057144383e-05,4718592
0,op_00156,stages.2.1.transformer.1.mlp.fc1,view,ffn_linear,electronic,0.0,0.0,0
0,op_00157,stages.2.1.transformer.1.mlp.act,silu,normalization_softmax_activation,electronic,3.0938239999999794e-06,1.5276441599999455e-05,0
0,op_00158,stages.2.1.transformer.1.mlp.fc2,view,ffn_linear,electronic,0.0,0.0,0
0,op_00159,stages.2.1.transformer.1.mlp.fc2,t,ffn_linear,electronic,0.0,0.0,0
0,op_00160,stages.2.1.transformer.1.mlp.fc2,Linear,ffn_linear,photonic,3.541123399999251e-05,4.852207085714443e-05,4718592
0,op_00161,stages.2.1.transformer.1.mlp.fc2,view,ffn_linear,electronic,0.0,0.0,0
0,op_00162,stages.2.1.transformer.1,add,control_residual,electronic,1.964864000000041e-06,1.1092377600000185e-05,0
0,op_00163,stages.2.1.norm,native_layer_norm,normalization_softmax_activation,electronic,1.6000959999999806e-06,7.70608640000012e-06,0
0,op_00164,stages.2.1,view,control_residual,electronic,0.0,0.0,0
0,op_00165,stages.2.1,transpose,control_residual,electronic,0.0,0.0,0
0,op_00166,stages.2.1,clone,control_residual,electronic,1.3520000000000372e-06,7.372800000000554e-06,0
0,op_00167,stages.2.1,_unsafe_view,control_residual,electronic,0.0,0.0,0
0,op_00168,stages.2.1,transpose,control_residual,electronic,0.0,0.0,0
0,op_00169,stages.2.1,clone,control_residual,electronic,1.3520000000000372e-06,7.3727999999996865e-06,0
0,op_00170,stages.2.1,_unsafe_view,control_residual,electronic,0.0,0.0,0
0,op_00171,stages.2.1.conv_proj.conv,Conv2d,pointwise_conv,photonic,1.3569919999997359e-05,2.0222142171430306e-05,1769472
0,op_00172,stages.2.1.conv_proj.bn,empty,normalization_softmax_activation,electronic,0.0,0.0,0
0,op_00173,stages.2.1.conv_proj.bn,native_batch_norm,normalization_softmax_activation,electronic,1.2328880000000205e-06,5.698099200000372e-06,0
0,op_00174,stages.2.1.conv_proj.bn.act,silu_,normalization_softmax_activation,electronic,1.2851839999998733e-06,5.728665600000012e-06,0
0,op_00175,stages.2.1,cat,control_residual,electronic,1.927999999999999e-06,1.1059199999999964e-05,0
0,op_00176,stages.2.1.conv_fusion.conv,Conv2d,spatial_conv,electronic,3.964557439999853e-05,2.246952960000253e-05,23887872
0,op_00177,stages.2.1.conv_fusion.bn,empty,normalization_softmax_activation,electronic,0.0,0.0,0
0,op_00178,stages.2.1.conv_fusion.bn,native_batch_norm,normalization_softmax_activation,electronic,1.2328880000000205e-06,5.698099199999938e-06,0
0,op_00179,stages.2.1.conv_fusion.bn.act,silu_,normalization_softmax_activation,electronic,1.2851839999998733e-06,5.728665600000012e-06,0
0,op_00180,stages.3.0.conv1_1x1.conv,Conv2d,pointwise_conv,photonic,1.9701056000009324e-05,2.8465590857144982e-05,2654208
0,op_00181,stages.3.0.conv1_1x1.bn,empty,normalization_softmax_activation,electronic,0.0,0.0,0
0,op_00182,stages.3.0.conv1_1x1.bn,native_batch_norm,normalization_softmax_activation,electronic,2.2657760000001446e-06,1.139619840000031e-05,0
0,op_00183,stages.3.0.conv1_1x1.bn.act,silu_,normalization_softmax_activation,electronic,2.370368000000067e-06,1.1457331200000025e-05,0
0,op_00184,stages.3.0.conv2_kxk.conv,Conv2d,depthwise_conv,electronic,1.119288319999961e-05,8.330649600000496e-06,124416
0,op_00185,stages.3.0.conv2_kxk.bn,empty,normalization_softmax_activation,electronic,0.0,0.0,0
0,op_00186,stages.3.0.conv2_kxk.bn,native_batch_norm,normalization_softmax_activation,electronic,7.209439999999751e-07,2.877849600000249e-06,0
0,op_00187,stages.3.0.conv2_kxk.bn.act,silu_,normalization_softmax_activation,electronic,7.425919999999933e-07,2.8643327999997893e-06,0
0,op_00188,stages.3.0.conv3_1x1.conv,Conv2d,pointwise_conv,photonic,1.0507567999998909e-05,1.0675748571423952e-05,884736
0,op_00189,stages.3.0.conv3_1x1.bn,empty,normalization_softmax_activation,electronic,0.0,0.0,0
0,op_00190,stages.3.0.conv3_1x1.bn,native_batch_norm,normalization_softmax_activation,electronic,5.472959999999489e-07,1.918566399999877e-06,0
0,op_00191,stages.3.1.conv_kxk.conv,Conv2d,spatial_conv,electronic,3.1213683199998515e-05,8.073216000002107e-06,5308416
0,op_00192,stages.3.1.conv_kxk.bn,empty,normalization_softmax_activation,electronic,0.0,0.0,0
0,op_00193,stages.3.1.conv_kxk.bn,native_batch_norm,normalization_softmax_activation,electronic,5.472959999999489e-07,1.918566399999877e-06,0
0,op_00194,stages.3.1.conv_kxk.bn.act,silu_,normalization_softmax_activation,electronic,5.61727999999961e-07,1.909555199999715e-06,0
0,op_00195,stages.3.1.conv_1x1,Conv2d,pointwise_conv,photonic,8.740799999999759e-06,8.94591634285338e-06,737280
0,op_00196,stages.3.1,view,control_residual,electronic,0.0,0.0,0
0,op_00197,stages.3.1,transpose,control_residual,electronic,0.0,0.0,0
0,op_00198,stages.3.1,clone,control_residual,electronic,5.600000000001437e-07,2.303999999999848e-06,0
0,op_00199,stages.3.1,_unsafe_view,control_residual,electronic,0.0,0.0,0
0,op_00200,stages.3.1,transpose,control_residual,electronic,0.0,0.0,0
0,op_00201,stages.3.1,view,control_residual,electronic,0.0,0.0,0
0,op_00202,stages.3.1.transformer.0.norm1,native_layer_norm,normalization_softmax_activation,electronic,6.378480000002445e-07,2.4125632000003387e-06,0
0,op_00203,stages.3.1.transformer.0.attn.qkv,view,qkv_projection,electronic,0.0,0.0,0
0,op_00204,stages.3.1.transformer.0.attn.qkv,t,qkv_projection,electronic,0.0,0.0,0
0,op_00205,stages.3.1.transformer.0.attn.qkv,Linear,qkv_projection,photonic,3.188672749999803e-05,3.047799428569989e-05,2764800
0,op_00206,stages.3.1.transformer.0.attn.qkv,view,qkv_projection,electronic,0.0,0.0,0
0,op_00207,stages.3.1.transformer.0.attn,view,control_residual,electronic,0.0,0.0,0
0,op_00208,stages.3.1.transformer.0.attn,permute,control_residual,electronic,0.0,0.0,0
0,op_00209,stages.3.1.transformer.0.attn,unbind,control_residual,electronic,0.0,0.0,0
0,op_00210,stages.3.1.transformer.0.attn,mul,control_residual,electronic,5.715200000000822e-07,2.3143680000000527e-06,0
0,op_00211,stages.3.1.transformer.0.attn,transpose,control_residual,electronic,0.0,0.0,0
0,op_00212,stages.3.1.transformer.0.attn,expand,control_residual,electronic,0.0,0.0,0
0,op_00213,stages.3.1.transformer.0.attn,clone,control_residual,electronic,5.600000000001437e-07,2.303999999999848e-06,0
0,op_00214,stages.3.1.transformer.0.attn,_unsafe_view,control_residual,electronic,0.0,0.0,0
0,op_00215,stages.3.1.transformer.0.attn,expand,control_residual,electronic,0.0,0.0,0
0,op_00216,stages.3.1.transformer.0.attn,clone,control_residual,electronic,5.600000000001437e-07,2.303999999999848e-06,0
0,op_00217,stages.3.1.transformer.0.attn,_unsafe_view,control_residual,electronic,0.0,0.0,0
0,op_00218,stages.3.1.transformer.0.attn,MatMul,attention_score,photonic,4.727151999984157e-06,1.2897576228578303e-05,414720
0,op_00219,stages.3.1.transformer.0.attn,_unsafe_view,control_residual,electronic,0.0,0.0,0
0,op_00220,stages.3.1.transformer.0.attn,_softmax,control_residual,electronic,9.516800000000051e-07,4.2405120000000955e-06,0
0,op_00221,stages.3.1.transformer.0.attn,expand,control_residual,electronic,0.0,0.0,0
0,op_00222,stages.3.1.transformer.0.attn,view,control_residual,electronic,0.0,0.0,0
0,op_00223,stages.3.1.transformer.0.attn,expand,control_residual,electronic,0.0,0.0,0
0,op_00224,stages.3.1.transformer.0.attn,clone,control_residual,electronic,5.600000000001437e-07,2.303999999999848e-06,0
0,op_00225,stages.3.1.transformer.0.attn,_unsafe_view,control_residual,electronic,0.0,0.0,0
0,op_00226,stages.3.1.transformer.0.attn,MatMul,attention_value,photonic,4.3254199999847795e-06,1.2199647085719273e-05,414720
0,op_00227,stages.3.1.transformer.0.attn,_unsafe_view,control_residual,electronic,0.0,0.0,0
0,op_00228,stages.3.1.transformer.0.attn,transpose,control_residual,electronic,0.0,0.0,0
0,op_00229,stages.3.1.transformer.0.attn,clone,control_residual,electronic,5.600000000001437e-07,2.303999999999848e-06,0
0,op_00230,stages.3.1.transformer.0.attn,_unsafe_view,control_residual,electronic,0.0,0.0,0
0,op_00231,stages.3.1.transformer.0.attn.proj,view,attention_output_projection,electronic,0.0,0.0,0
0,op_00232,stages.3.1.transformer.0.attn.proj,t,attention_output_projection,electronic,0.0,0.0,0
0,op_00233,stages.3.1.transformer.0.attn.proj,Linear,attention_output_projection,photonic,1.0975842499999326e-05,1.0971107428566287e-05,921600
0,op_00234,stages.3.1.transformer.0.attn.proj,view,attention_output_projection,electronic,0.0,0.0,0
0,op_00235,stages.3.1.transformer.0,add,control_residual,electronic,7.515200000000975e-07,3.4663679999999766e-06,0
0,op_00236,stages.3.1.transformer.0.norm2,native_layer_norm,normalization_softmax_activation,electronic,6.378480000002445e-07,2.4125632000003387e-06,0
0,op_00237,stages.3.1.transformer.0.mlp.fc1,view,ffn_linear,electronic,0.0,0.0,0
0,op_00238,stages.3.1.transformer.0.mlp.fc1,t,ffn_linear,electronic,0.0,0.0,0
0,op_00239,stages.3.1.transformer.0.mlp.fc1,Linear,ffn_linear,photonic,2.133588499999878e-05,2.0724550857133522e-05,1843200
0,op_00240,stages.3.1.transformer.0.mlp.fc1,view,ffn_linear,electronic,0.0,0.0,0
0,op_00241,stages.3.1.transformer.0.mlp.act,silu,normalization_softmax_activation,electronic,1.1043200000002747e-06,4.773887999999938e-06,0
0,op_00242,stages.3.1.transformer.0.mlp.fc2,view,ffn_linear,electronic,0.0,0.0,0
0,op_00243,stages.3.1.transformer.0.mlp.fc2,t,ffn_linear,electronic,0.0,0.0,0
0,op_00244,stages.3.1.transformer.0.mlp.fc2,Linear,ffn_linear,photonic,2.1570842499996686e-05,2.1054782857133237e-05,1843200
0,op_00245,stages.3.1.transformer.0.mlp.fc2,view,ffn_linear,electronic,0.0,0.0,0
0,op_00246,stages.3.1.transformer.0,add,control_residual,electronic,7.515200000000975e-07,3.466367999999543e-06,0
0,op_00247,stages.3.1.transformer.1.norm1,native_layer_norm,normalization_softmax_activation,electronic,6.378480000002445e-07,2.4125632000003387e-06,0
0,op_00248,stages.3.1.transformer.1.attn.qkv,view,qkv_projection,electronic,0.0,0.0,0
0,op_00249,stages.3.1.transformer.1.attn.qkv,t,qkv_projection,electronic,0.0,0.0,0
0,op_00250,stages.3.1.transformer.1.attn.qkv,Linear,qkv_projection,photonic,3.188672749999803e-05,3.0477994285700322e-05,2764800
0,op_00251,stages.3.1.transformer.1.attn.qkv,view,qkv_projection,electronic,0.0,0.0,0
0,op_00252,stages.3.1.transformer.1.attn,view,control_residual,electronic,0.0,0.0,0
0,op_00253,stages.3.1.transformer.1.attn,permute,control_residual,electronic,0.0,0.0,0
0,op_00254,stages.3.1.transformer.1.attn,unbind,control_residual,electronic,0.0,0.0,0
0,op_00255,stages.3.1.transformer.1.attn,mul,control_residual,electronic,5.715200000000822e-07,2.3143680000000527e-06,0
0,op_00256,stages.3.1.transformer.1.attn,transpose,control_residual,electronic,0.0,0.0,0
0,op_00257,stages.3.1.transformer.1.attn,expand,control_residual,electronic,0.0,0.0,0
0,op_00258,stages.3.1.transformer.1.attn,clone,control_residual,electronic,5.600000000001437e-07,2.303999999999848e-06,0
0,op_00259,stages.3.1.transformer.1.attn,_unsafe_view,control_residual,electronic,0.0,0.0,0
0,op_00260,stages.3.1.transformer.1.attn,expand,control_residual,electronic,0.0,0.0,0
0,op_00261,stages.3.1.transformer.1.attn,clone,control_residual,electronic,5.600000000001437e-07,2.303999999999848e-06,0
0,op_00262,stages.3.1.transformer.1.attn,_unsafe_view,control_residual,electronic,0.0,0.0,0
0,op_00263,stages.3.1.transformer.1.attn,MatMul,attention_score,photonic,4.727151999984157e-06,1.2897576228578303e-05,414720
0,op_00264,stages.3.1.transformer.1.attn,_unsafe_view,control_residual,electronic,0.0,0.0,0
0,op_00265,stages.3.1.transformer.1.attn,_softmax,control_residual,electronic,9.516800000000051e-07,4.2405120000000955e-06,0
0,op_00266,stages.3.1.transformer.1.attn,expand,control_residual,electronic,0.0,0.0,0
0,op_00267,stages.3.1.transformer.1.attn,view,control_residual,electronic,0.0,0.0,0
0,op_00268,stages.3.1.transformer.1.attn,expand,control_residual,electronic,0.0,0.0,0
0,op_00269,stages.3.1.transformer.1.attn,clone,control_residual,electronic,5.600000000001437e-07,2.303999999999848e-06,0
0,op_00270,stages.3.1.transformer.1.attn,_unsafe_view,control_residual,electronic,0.0,0.0,0
0,op_00271,stages.3.1.transformer.1.attn,MatMul,attention_value,photonic,4.3254199999847795e-06,1.2199647085718406e-05,414720
0,op_00272,stages.3.1.transformer.1.attn,_unsafe_view,control_residual,electronic,0.0,0.0,0
0,op_00273,stages.3.1.transformer.1.attn,transpose,control_residual,electronic,0.0,0.0,0
0,op_00274,stages.3.1.transformer.1.attn,clone,control_residual,electronic,5.600000000001437e-07,2.303999999999848e-06,0
0,op_00275,stages.3.1.transformer.1.attn,_unsafe_view,control_residual,electronic,0.0,0.0,0
0,op_00276,stages.3.1.transformer.1.attn.proj,view,attention_output_projection,electronic,0.0,0.0,0
0,op_00277,stages.3.1.transformer.1.attn.proj,t,attention_output_projection,electronic,0.0,0.0,0
0,op_00278,stages.3.1.transformer.1.attn.proj,Linear,attention_output_projection,photonic,1.0975842499999326e-05,1.0971107428567155e-05,921600
0,op_00279,stages.3.1.transformer.1.attn.proj,view,attention_output_projection,electronic,0.0,0.0,0
0,op_00280,stages.3.1.transformer.1,add,control_residual,electronic,7.515200000000975e-07,3.4663679999999766e-06,0
0,op_00281,stages.3.1.transformer.1.norm2,native_layer_norm,normalization_softmax_activation,electronic,6.378480000002445e-07,2.4125632000003387e-06,0
0,op_00282,stages.3.1.transformer.1.mlp.fc1,view,ffn_linear,electronic,0.0,0.0,0
0,op_00283,stages.3.1.transformer.1.mlp.fc1,t,ffn_linear,electronic,0.0,0.0,0
0,op_00284,stages.3.1.transformer.1.mlp.fc1,Linear,ffn_linear,photonic,2.133588499999878e-05,2.0724550857133088e-05,1843200
0,op_00285,stages.3.1.transformer.1.mlp.fc1,view,ffn_linear,electronic,0.0,0.0,0
0,op_00286,stages.3.1.transformer.1.mlp.act,silu,normalization_softmax_activation,electronic,1.1043200000002747e-06,4.773887999999938e-06,0
0,op_00287,stages.3.1.transformer.1.mlp.fc2,view,ffn_linear,electronic,0.0,0.0,0
0,op_00288,stages.3.1.transformer.1.mlp.fc2,t,ffn_linear,electronic,0.0,0.0,0
0,op_00289,stages.3.1.transformer.1.mlp.fc2,Linear,ffn_linear,photonic,2.1570842499996686e-05,2.1054782857133237e-05,1843200
0,op_00290,stages.3.1.transformer.1.mlp.fc2,view,ffn_linear,electronic,0.0,0.0,0
0,op_00291,stages.3.1.transformer.1,add,control_residual,electronic,7.515200000000975e-07,3.466367999999543e-06,0
0,op_00292,stages.3.1.transformer.2.norm1,native_layer_norm,normalization_softmax_activation,electronic,6.378480000002445e-07,2.4125632000003387e-06,0
0,op_00293,stages.3.1.transformer.2.attn.qkv,view,qkv_projection,electronic,0.0,0.0,0
0,op_00294,stages.3.1.transformer.2.attn.qkv,t,qkv_projection,electronic,0.0,0.0,0
0,op_00295,stages.3.1.transformer.2.attn.qkv,Linear,qkv_projection,photonic,3.188672749999803e-05,3.0477994285700322e-05,2764800
0,op_00296,stages.3.1.transformer.2.attn.qkv,view,qkv_projection,electronic,0.0,0.0,0
0,op_00297,stages.3.1.transformer.2.attn,view,control_residual,electronic,0.0,0.0,0
0,op_00298,stages.3.1.transformer.2.attn,permute,control_residual,electronic,0.0,0.0,0
0,op_00299,stages.3.1.transformer.2.attn,unbind,control_residual,electronic,0.0,0.0,0
0,op_00300,stages.3.1.transformer.2.attn,mul,control_residual,electronic,5.715200000000822e-07,2.3143680000000527e-06,0
0,op_00301,stages.3.1.transformer.2.attn,transpose,control_residual,electronic,0.0,0.0,0
0,op_00302,stages.3.1.transformer.2.attn,expand,control_residual,electronic,0.0,0.0,0
0,op_00303,stages.3.1.transformer.2.attn,clone,control_residual,electronic,5.600000000001437e-07,2.303999999999848e-06,0
0,op_00304,stages.3.1.transformer.2.attn,_unsafe_view,control_residual,electronic,0.0,0.0,0
0,op_00305,stages.3.1.transformer.2.attn,expand,control_residual,electronic,0.0,0.0,0
0,op_00306,stages.3.1.transformer.2.attn,clone,control_residual,electronic,5.600000000001437e-07,2.303999999999848e-06,0
0,op_00307,stages.3.1.transformer.2.attn,_unsafe_view,control_residual,electronic,0.0,0.0,0
0,op_00308,stages.3.1.transformer.2.attn,MatMul,attention_score,photonic,4.727151999984157e-06,1.2897576228578303e-05,414720
0,op_00309,stages.3.1.transformer.2.attn,_unsafe_view,control_residual,electronic,0.0,0.0,0
0,op_00310,stages.3.1.transformer.2.attn,_softmax,control_residual,electronic,9.516800000000051e-07,4.2405120000000955e-06,0
0,op_00311,stages.3.1.transformer.2.attn,expand,control_residual,electronic,0.0,0.0,0
0,op_00312,stages.3.1.transformer.2.attn,view,control_residual,electronic,0.0,0.0,0
0,op_00313,stages.3.1.transformer.2.attn,expand,control_residual,electronic,0.0,0.0,0
0,op_00314,stages.3.1.transformer.2.attn,clone,control_residual,electronic,5.600000000001437e-07,2.303999999999848e-06,0
0,op_00315,stages.3.1.transformer.2.attn,_unsafe_view,control_residual,electronic,0.0,0.0,0
0,op_00316,stages.3.1.transformer.2.attn,MatMul,attention_value,photonic,4.3254199999847795e-06,1.2199647085718406e-05,414720
0,op_00317,stages.3.1.transformer.2.attn,_unsafe_view,control_residual,electronic,0.0,0.0,0
0,op_00318,stages.3.1.transformer.2.attn,transpose,control_residual,electronic,0.0,0.0,0
0,op_00319,stages.3.1.transformer.2.attn,clone,control_residual,electronic,5.600000000001437e-07,2.303999999999848e-06,0
0,op_00320,stages.3.1.transformer.2.attn,_unsafe_view,control_residual,electronic,0.0,0.0,0
0,op_00321,stages.3.1.transformer.2.attn.proj,view,attention_output_projection,electronic,0.0,0.0,0
0,op_00322,stages.3.1.transformer.2.attn.proj,t,attention_output_projection,electronic,0.0,0.0,0
0,op_00323,stages.3.1.transformer.2.attn.proj,Linear,attention_output_projection,photonic,1.0975842499999326e-05,1.0971107428566721e-05,921600
0,op_00324,stages.3.1.transformer.2.attn.proj,view,attention_output_projection,electronic,0.0,0.0,0
0,op_00325,stages.3.1.transformer.2,add,control_residual,electronic,7.515200000000975e-07,3.4663679999999766e-06,0
0,op_00326,stages.3.1.transformer.2.norm2,native_layer_norm,normalization_softmax_activation,electronic,6.378480000002445e-07,2.4125632000003387e-06,0
0,op_00327,stages.3.1.transformer.2.mlp.fc1,view,ffn_linear,electronic,0.0,0.0,0
0,op_00328,stages.3.1.transformer.2.mlp.fc1,t,ffn_linear,electronic,0.0,0.0,0
0,op_00329,stages.3.1.transformer.2.mlp.fc1,Linear,ffn_linear,photonic,2.133588499999878e-05,2.0724550857133955e-05,1843200
0,op_00330,stages.3.1.transformer.2.mlp.fc1,view,ffn_linear,electronic,0.0,0.0,0
0,op_00331,stages.3.1.transformer.2.mlp.act,silu,normalization_softmax_activation,electronic,1.1043200000002747e-06,4.773887999999504e-06,0
0,op_00332,stages.3.1.transformer.2.mlp.fc2,view,ffn_linear,electronic,0.0,0.0,0
0,op_00333,stages.3.1.transformer.2.mlp.fc2,t,ffn_linear,electronic,0.0,0.0,0
0,op_00334,stages.3.1.transformer.2.mlp.fc2,Linear,ffn_linear,photonic,2.1570842499996686e-05,2.1054782857133237e-05,1843200
0,op_00335,stages.3.1.transformer.2.mlp.fc2,view,ffn_linear,electronic,0.0,0.0,0
0,op_00336,stages.3.1.transformer.2,add,control_residual,electronic,7.515200000000975e-07,3.4663679999999766e-06,0
0,op_00337,stages.3.1.transformer.3.norm1,native_layer_norm,normalization_softmax_activation,electronic,6.378480000002445e-07,2.4125632000003387e-06,0
0,op_00338,stages.3.1.transformer.3.attn.qkv,view,qkv_projection,electronic,0.0,0.0,0
0,op_00339,stages.3.1.transformer.3.attn.qkv,t,qkv_projection,electronic,0.0,0.0,0
0,op_00340,stages.3.1.transformer.3.attn.qkv,Linear,qkv_projection,photonic,3.188672749999803e-05,3.047799428569989e-05,2764800
0,op_00341,stages.3.1.transformer.3.attn.qkv,view,qkv_projection,electronic,0.0,0.0,0
0,op_00342,stages.3.1.transformer.3.attn,view,control_residual,electronic,0.0,0.0,0
0,op_00343,stages.3.1.transformer.3.attn,permute,control_residual,electronic,0.0,0.0,0
0,op_00344,stages.3.1.transformer.3.attn,unbind,control_residual,electronic,0.0,0.0,0
0,op_00345,stages.3.1.transformer.3.attn,mul,control_residual,electronic,5.715200000000822e-07,2.3143680000000527e-06,0
0,op_00346,stages.3.1.transformer.3.attn,transpose,control_residual,electronic,0.0,0.0,0
0,op_00347,stages.3.1.transformer.3.attn,expand,control_residual,electronic,0.0,0.0,0
0,op_00348,stages.3.1.transformer.3.attn,clone,control_residual,electronic,5.600000000001437e-07,2.303999999999848e-06,0
0,op_00349,stages.3.1.transformer.3.attn,_unsafe_view,control_residual,electronic,0.0,0.0,0
0,op_00350,stages.3.1.transformer.3.attn,expand,control_residual,electronic,0.0,0.0,0
0,op_00351,stages.3.1.transformer.3.attn,clone,control_residual,electronic,5.600000000001437e-07,2.303999999999848e-06,0
0,op_00352,stages.3.1.transformer.3.attn,_unsafe_view,control_residual,electronic,0.0,0.0,0
0,op_00353,stages.3.1.transformer.3.attn,MatMul,attention_score,photonic,4.727151999984157e-06,1.2897576228578303e-05,414720
0,op_00354,stages.3.1.transformer.3.attn,_unsafe_view,control_residual,electronic,0.0,0.0,0
0,op_00355,stages.3.1.transformer.3.attn,_softmax,control_residual,electronic,9.516800000000051e-07,4.2405120000000955e-06,0
0,op_00356,stages.3.1.transformer.3.attn,expand,control_residual,electronic,0.0,0.0,0
0,op_00357,stages.3.1.transformer.3.attn,view,control_residual,electronic,0.0,0.0,0
0,op_00358,stages.3.1.transformer.3.attn,expand,control_residual,electronic,0.0,0.0,0
0,op_00359,stages.3.1.transformer.3.attn,clone,control_residual,electronic,5.600000000001437e-07,2.303999999999848e-06,0
0,op_00360,stages.3.1.transformer.3.attn,_unsafe_view,control_residual,electronic,0.0,0.0,0
0,op_00361,stages.3.1.transformer.3.attn,MatMul,attention_value,photonic,4.3254199999847795e-06,1.219964708571884e-05,414720
0,op_00362,stages.3.1.transformer.3.attn,_unsafe_view,control_residual,electronic,0.0,0.0,0
0,op_00363,stages.3.1.transformer.3.attn,transpose,control_residual,electronic,0.0,0.0,0
0,op_00364,stages.3.1.transformer.3.attn,clone,control_residual,electronic,5.600000000001437e-07,2.303999999999848e-06,0
0,op_00365,stages.3.1.transformer.3.attn,_unsafe_view,control_residual,electronic,0.0,0.0,0
0,op_00366,stages.3.1.transformer.3.attn.proj,view,attention_output_projection,electronic,0.0,0.0,0
0,op_00367,stages.3.1.transformer.3.attn.proj,t,attention_output_projection,electronic,0.0,0.0,0
0,op_00368,stages.3.1.transformer.3.attn.proj,Linear,attention_output_projection,photonic,1.0975842499999326e-05,1.0971107428566721e-05,921600
0,op_00369,stages.3.1.transformer.3.attn.proj,view,attention_output_projection,electronic,0.0,0.0,0
0,op_00370,stages.3.1.transformer.3,add,control_residual,electronic,7.515200000000975e-07,3.4663679999999766e-06,0
0,op_00371,stages.3.1.transformer.3.norm2,native_layer_norm,normalization_softmax_activation,electronic,6.378480000002445e-07,2.4125632000003387e-06,0
0,op_00372,stages.3.1.transformer.3.mlp.fc1,view,ffn_linear,electronic,0.0,0.0,0
0,op_00373,stages.3.1.transformer.3.mlp.fc1,t,ffn_linear,electronic,0.0,0.0,0
0,op_00374,stages.3.1.transformer.3.mlp.fc1,Linear,ffn_linear,photonic,2.133588499999878e-05,2.0724550857133522e-05,1843200
0,op_00375,stages.3.1.transformer.3.mlp.fc1,view,ffn_linear,electronic,0.0,0.0,0
0,op_00376,stages.3.1.transformer.3.mlp.act,silu,normalization_softmax_activation,electronic,1.1043200000002747e-06,4.773887999999504e-06,0
0,op_00377,stages.3.1.transformer.3.mlp.fc2,view,ffn_linear,electronic,0.0,0.0,0
0,op_00378,stages.3.1.transformer.3.mlp.fc2,t,ffn_linear,electronic,0.0,0.0,0
0,op_00379,stages.3.1.transformer.3.mlp.fc2,Linear,ffn_linear,photonic,2.1570842499996686e-05,2.1054782857133237e-05,1843200
0,op_00380,stages.3.1.transformer.3.mlp.fc2,view,ffn_linear,electronic,0.0,0.0,0
0,op_00381,stages.3.1.transformer.3,add,control_residual,electronic,7.515200000000975e-07,3.4663679999999766e-06,0
0,op_00382,stages.3.1.norm,native_layer_norm,normalization_softmax_activation,electronic,6.378480000002445e-07,2.4125632000003387e-06,0
0,op_00383,stages.3.1,view,control_residual,electronic,0.0,0.0,0
0,op_00384,stages.3.1,transpose,control_residual,electronic,0.0,0.0,0
0,op_00385,stages.3.1,clone,control_residual,electronic,5.600000000001437e-07,2.303999999999848e-06,0
0,op_00386,stages.3.1,_unsafe_view,control_residual,electronic,0.0,0.0,0
0,op_00387,stages.3.1,transpose,control_residual,electronic,0.0,0.0,0
0,op_00388,stages.3.1,clone,control_residual,electronic,5.600000000001437e-07,2.303999999999848e-06,0
0,op_00389,stages.3.1,_unsafe_view,control_residual,electronic,0.0,0.0,0
0,op_00390,stages.3.1.conv_proj.conv,Conv2d,pointwise_conv,photonic,8.788103999999393e-06,9.013653942852983e-06,737280
0,op_00391,stages.3.1.conv_proj.bn,empty,normalization_softmax_activation,electronic,0.0,0.0,0
0,op_00392,stages.3.1.conv_proj.bn,native_batch_norm,normalization_softmax_activation,electronic,5.472959999999489e-07,1.918566399999877e-06,0
0,op_00393,stages.3.1.conv_proj.bn.act,silu_,normalization_softmax_activation,electronic,5.61727999999961e-07,1.909555199999715e-06,0
0,op_00394,stages.3.1,cat,control_residual,electronic,7.760000000000752e-07,3.686400000000277e-06,0
0,op_00395,stages.3.1.conv_fusion.conv,Conv2d,spatial_conv,electronic,6.208336639999725e-05,1.5224832000004795e-05,10616832
0,op_00396,stages.3.1.conv_fusion.bn,empty,normalization_softmax_activation,electronic,0.0,0.0,0
0,op_00397,stages.3.1.conv_fusion.bn,native_batch_norm,normalization_softmax_activation,electronic,5.472959999999489e-07,1.918566399999877e-06,0
0,op_00398,stages.3.1.conv_fusion.bn.act,silu_,normalization_softmax_activation,electronic,5.61727999999961e-07,1.909555199999715e-06,0
0,op_00399,stages.4.0.conv1_1x1.conv,Conv2d,pointwise_conv,photonic,1.3757279999999624e-05,1.3728987428565306e-05,1179648
0,op_00400,stages.4.0.conv1_1x1.bn,empty,normalization_softmax_activation,electronic,0.0,0.0,0
0,op_00401,stages.4.0.conv1_1x1.bn,native_batch_norm,normalization_softmax_activation,electronic,8.945920000000013e-07,3.837132800000188e-06,0
0,op_00402,stages.4.0.conv1_1x1.bn.act,silu_,normalization_softmax_activation,electronic,9.234560000000256e-07,3.819110400000297e-06,0
0,op_00403,stages.4.0.conv2_kxk.conv,Conv2d,depthwise_conv,electronic,1.375229439999951e-05,4.145766400001291e-06,41472
0,op_00404,stages.4.0.conv2_kxk.bn,empty,normalization_softmax_activation,electronic,0.0,0.0,0
0,op_00405,stages.4.0.conv2_kxk.bn,native_batch_norm,normalization_softmax_activation,electronic,3.7964800000001714e-07,9.976832000004564e-07,0
0,op_00406,stages.4.0.conv2_kxk.bn.act,silu_,normalization_softmax_activation,electronic,3.8086400000014557e-07,9.547776000000743e-07,0
0,op_00407,stages.4.0.conv3_1x1.conv,Conv2d,pointwise_conv,photonic,1.065327999999607e-05,6.592103314292594e-06,368640
0,op_00408,stages.4.0.conv3_1x1.bn,empty,normalization_softmax_activation,electronic,0.0,0.0,0
0,op_00409,stages.4.0.conv3_1x1.bn,native_batch_norm,normalization_softmax_activation,electronic,3.1227999999989056e-07,6.235519999999058e-07,0
0,op_00410,stages.4.1.conv_kxk.conv,Conv2d,spatial_conv,electronic,4.705471999999792e-05,7.822080000004662e-06,2073600
0,op_00411,stages.4.1.conv_kxk.bn,empty,normalization_softmax_activation,electronic,0.0,0.0,0
0,op_00412,stages.4.1.conv_kxk.bn,native_batch_norm,normalization_softmax_activation,electronic,3.1227999999989056e-07,6.235519999999058e-07,0
0,op_00413,stages.4.1.conv_kxk.bn.act,silu_,normalization_softmax_activation,electronic,3.1304000000010636e-07,5.967360000003717e-07,0
0,op_00414,stages.4.1.conv_1x1,Conv2d,pointwise_conv,photonic,8.027413999997122e-06,4.982079085719907e-06,276480
0,op_00415,stages.4.1,view,control_residual,electronic,0.0,0.0,0
0,op_00416,stages.4.1,transpose,control_residual,electronic,0.0,0.0,0
0,op_00417,stages.4.1,clone,control_residual,electronic,3.0800000000007904e-07,6.911999999997809e-07,0
0,op_00418,stages.4.1,_unsafe_view,control_residual,electronic,0.0,0.0,0
0,op_00419,stages.4.1,transpose,control_residual,electronic,0.0,0.0,0
0,op_00420,stages.4.1,view,control_residual,electronic,0.0,0.0,0
0,op_00421,stages.4.1.transformer.0.norm1,native_layer_norm,normalization_softmax_activation,electronic,3.3329300000006085e-07,7.366512000000526e-07,0
0,op_00422,stages.4.1.transformer.0.attn.qkv,view,qkv_projection,electronic,0.0,0.0,0
0,op_00423,stages.4.1.transformer.0.attn.qkv,t,qkv_projection,electronic,0.0,0.0,0
0,op_00424,stages.4.1.transformer.0.attn.qkv,Linear,qkv_projection,photonic,2.8251388999989526e-05,1.7077112228589594e-05,995328
0,op_00425,stages.4.1.transformer.0.attn.qkv,view,qkv_projection,electronic,0.0,0.0,0
0,op_00426,stages.4.1.transformer.0.attn,view,control_residual,electronic,0.0,0.0,0
0,op_00427,stages.4.1.transformer.0.attn,permute,control_residual,electronic,0.0,0.0,0
0,op_00428,stages.4.1.transformer.0.attn,unbind,control_residual,electronic,0.0,0.0,0
0,op_00429,stages.4.1.transformer.0.attn,mul,control_residual,electronic,3.1145600000014734e-07,6.943103999998423e-07,0
0,op_00430,stages.4.1.transformer.0.attn,transpose,control_residual,electronic,0.0,0.0,0
0,op_00431,stages.4.1.transformer.0.attn,expand,control_residual,electronic,0.0,0.0,0
0,op_00432,stages.4.1.transformer.0.attn,clone,control_residual,electronic,3.0800000000007904e-07,6.911999999997809e-07,0
0,op_00433,stages.4.1.transformer.0.attn,_unsafe_view,control_residual,electronic,0.0,0.0,0
0,op_00434,stages.4.1.transformer.0.attn,expand,control_residual,electronic,0.0,0.0,0
0,op_00435,stages.4.1.transformer.0.attn,clone,control_residual,electronic,3.0800000000007904e-07,6.911999999997809e-07,0
0,op_00436,stages.4.1.transformer.0.attn,_unsafe_view,control_residual,electronic,0.0,0.0,0
0,op_00437,stages.4.1.transformer.0.attn,MatMul,attention_score,photonic,6.883719999917822e-07,2.8403412571454192e-06,31104
0,op_00438,stages.4.1.transformer.0.attn,_unsafe_view,control_residual,electronic,0.0,0.0,0
0,op_00439,stages.4.1.transformer.0.attn,_softmax,control_residual,electronic,2.4697999999995744e-07,2.650320000000331e-07,0
0,op_00440,stages.4.1.transformer.0.attn,expand,control_residual,electronic,0.0,0.0,0
0,op_00441,stages.4.1.transformer.0.attn,view,control_residual,electronic,0.0,0.0,0
0,op_00442,stages.4.1.transformer.0.attn,expand,control_residual,electronic,0.0,0.0,0
0,op_00443,stages.4.1.transformer.0.attn,clone,control_residual,electronic,3.0800000000007904e-07,6.911999999997809e-07,0
0,op_00444,stages.4.1.transformer.0.attn,_unsafe_view,control_residual,electronic,0.0,0.0,0
0,op_00445,stages.4.1.transformer.0.attn,MatMul,attention_value,photonic,6.263742500021811e-07,2.3682123428611646e-06,31104
0,op_00446,stages.4.1.transformer.0.attn,_unsafe_view,control_residual,electronic,0.0,0.0,0
0,op_00447,stages.4.1.transformer.0.attn,transpose,control_residual,electronic,0.0,0.0,0
0,op_00448,stages.4.1.transformer.0.attn,clone,control_residual,electronic,3.0800000000007904e-07,6.911999999997809e-07,0
0,op_00449,stages.4.1.transformer.0.attn,_unsafe_view,control_residual,electronic,0.0,0.0,0
0,op_00450,stages.4.1.transformer.0.attn.proj,view,attention_output_projection,electronic,0.0,0.0,0
0,op_00451,stages.4.1.transformer.0.attn.proj,t,attention_output_projection,electronic,0.0,0.0,0
0,op_00452,stages.4.1.transformer.0.attn.proj,Linear,attention_output_projection,photonic,9.595462999996461e-06,5.9359035428636735e-06,331776
0,op_00453,stages.4.1.transformer.0.attn.proj,view,attention_output_projection,electronic,0.0,0.0,0
0,op_00454,stages.4.1.transformer.0,add,control_residual,electronic,3.654560000001302e-07,1.0399103999997328e-06,0
0,op_00455,stages.4.1.transformer.0.norm2,native_layer_norm,normalization_softmax_activation,electronic,3.3329300000006085e-07,7.366512000004863e-07,0
0,op_00456,stages.4.1.transformer.0.mlp.fc1,view,ffn_linear,electronic,0.0,0.0,0
0,op_00457,stages.4.1.transformer.0.mlp.fc1,t,ffn_linear,electronic,0.0,0.0,0
0,op_00458,stages.4.1.transformer.0.mlp.fc1,Linear,ffn_linear,photonic,1.8923425999992994e-05,1.15065078857262e-05,663552
0,op_00459,stages.4.1.transformer.0.mlp.fc1,view,ffn_linear,electronic,0.0,0.0,0
0,op_00460,stages.4.1.transformer.0.mlp.act,silu,normalization_softmax_activation,electronic,4.712960000000533e-07,1.4321664000001115e-06,0
0,op_00461,stages.4.1.transformer.0.mlp.fc2,view,ffn_linear,electronic,0.0,0.0,0
0,op_00462,stages.4.1.transformer.0.mlp.fc2,t,ffn_linear,electronic,0.0,0.0,0
0,op_00463,stages.4.1.transformer.0.mlp.fc2,Linear,ffn_linear,photonic,1.8992506999992347e-05,1.1597967085726513e-05,663552
0,op_00464,stages.4.1.transformer.0.mlp.fc2,view,ffn_linear,electronic,0.0,0.0,0
0,op_00465,stages.4.1.transformer.0,add,control_residual,electronic,3.654560000001302e-07,1.0399104000001665e-06,0
0,op_00466,stages.4.1.transformer.1.norm1,native_layer_norm,normalization_softmax_activation,electronic,3.3329300000006085e-07,7.366512000000526e-07,0
0,op_00467,stages.4.1.transformer.1.attn.qkv,view,qkv_projection,electronic,0.0,0.0,0
0,op_00468,stages.4.1.transformer.1.attn.qkv,t,qkv_projection,electronic,0.0,0.0,0
0,op_00469,stages.4.1.transformer.1.attn.qkv,Linear,qkv_projection,photonic,2.8251388999989526e-05,1.7077112228590027e-05,995328
0,op_00470,stages.4.1.transformer.1.attn.qkv,view,qkv_projection,electronic,0.0,0.0,0
0,op_00471,stages.4.1.transformer.1.attn,view,control_residual,electronic,0.0,0.0,0
0,op_00472,stages.4.1.transformer.1.attn,permute,control_residual,electronic,0.0,0.0,0
0,op_00473,stages.4.1.transformer.1.attn,unbind,control_residual,electronic,0.0,0.0,0
0,op_00474,stages.4.1.transformer.1.attn,mul,control_residual,electronic,3.1145600000014734e-07,6.943103999998423e-07,0
0,op_00475,stages.4.1.transformer.1.attn,transpose,control_residual,electronic,0.0,0.0,0
0,op_00476,stages.4.1.transformer.1.attn,expand,control_residual,electronic,0.0,0.0,0
0,op_00477,stages.4.1.transformer.1.attn,clone,control_residual,electronic,3.0800000000007904e-07,6.911999999997809e-07,0
0,op_00478,stages.4.1.transformer.1.attn,_unsafe_view,control_residual,electronic,0.0,0.0,0
0,op_00479,stages.4.1.transformer.1.attn,expand,control_residual,electronic,0.0,0.0,0
0,op_00480,stages.4.1.transformer.1.attn,clone,control_residual,electronic,3.0800000000007904e-07,6.911999999997809e-07,0
0,op_00481,stages.4.1.transformer.1.attn,_unsafe_view,control_residual,electronic,0.0,0.0,0
0,op_00482,stages.4.1.transformer.1.attn,MatMul,attention_score,photonic,6.883719999917822e-07,2.8403412571454192e-06,31104
0,op_00483,stages.4.1.transformer.1.attn,_unsafe_view,control_residual,electronic,0.0,0.0,0
0,op_00484,stages.4.1.transformer.1.attn,_softmax,control_residual,electronic,2.4697999999995744e-07,2.650320000000331e-07,0
0,op_00485,stages.4.1.transformer.1.attn,expand,control_residual,electronic,0.0,0.0,0
0,op_00486,stages.4.1.transformer.1.attn,view,control_residual,electronic,0.0,0.0,0
0,op_00487,stages.4.1.transformer.1.attn,expand,control_residual,electronic,0.0,0.0,0
0,op_00488,stages.4.1.transformer.1.attn,clone,control_residual,electronic,3.0800000000007904e-07,6.911999999997809e-07,0
0,op_00489,stages.4.1.transformer.1.attn,_unsafe_view,control_residual,electronic,0.0,0.0,0
0,op_00490,stages.4.1.transformer.1.attn,MatMul,attention_value,photonic,6.263742500021811e-07,2.3682123428611646e-06,31104
0,op_00491,stages.4.1.transformer.1.attn,_unsafe_view,control_residual,electronic,0.0,0.0,0
0,op_00492,stages.4.1.transformer.1.attn,transpose,control_residual,electronic,0.0,0.0,0
0,op_00493,stages.4.1.transformer.1.attn,clone,control_residual,electronic,3.0800000000007904e-07,6.911999999997809e-07,0
0,op_00494,stages.4.1.transformer.1.attn,_unsafe_view,control_residual,electronic,0.0,0.0,0
0,op_00495,stages.4.1.transformer.1.attn.proj,view,attention_output_projection,electronic,0.0,0.0,0
0,op_00496,stages.4.1.transformer.1.attn.proj,t,attention_output_projection,electronic,0.0,0.0,0
0,op_00497,stages.4.1.transformer.1.attn.proj,Linear,attention_output_projection,photonic,9.595462999996461e-06,5.9359035428636735e-06,331776
0,op_00498,stages.4.1.transformer.1.attn.proj,view,attention_output_projection,electronic,0.0,0.0,0
0,op_00499,stages.4.1.transformer.1,add,control_residual,electronic,3.654560000001302e-07,1.0399104000001665e-06,0
0,op_00500,stages.4.1.transformer.1.norm2,native_layer_norm,normalization_softmax_activation,electronic,3.3329300000006085e-07,7.366512000000526e-07,0
0,op_00501,stages.4.1.transformer.1.mlp.fc1,view,ffn_linear,electronic,0.0,0.0,0
0,op_00502,stages.4.1.transformer.1.mlp.fc1,t,ffn_linear,electronic,0.0,0.0,0
0,op_00503,stages.4.1.transformer.1.mlp.fc1,Linear,ffn_linear,photonic,1.8923425999992994e-05,1.15065078857262e-05,663552
0,op_00504,stages.4.1.transformer.1.mlp.fc1,view,ffn_linear,electronic,0.0,0.0,0
0,op_00505,stages.4.1.transformer.1.mlp.act,silu,normalization_softmax_activation,electronic,4.712960000000533e-07,1.4321664000005452e-06,0
0,op_00506,stages.4.1.transformer.1.mlp.fc2,view,ffn_linear,electronic,0.0,0.0,0
0,op_00507,stages.4.1.transformer.1.mlp.fc2,t,ffn_linear,electronic,0.0,0.0,0
0,op_00508,stages.4.1.transformer.1.mlp.fc2,Linear,ffn_linear,photonic,1.8992506999992347e-05,1.1597967085726513e-05,663552
0,op_00509,stages.4.1.transformer.1.mlp.fc2,view,ffn_linear,electronic,0.0,0.0,0
0,op_00510,stages.4.1.transformer.1,add,control_residual,electronic,3.654560000001302e-07,1.0399103999997328e-06,0
0,op_00511,stages.4.1.transformer.2.norm1,native_layer_norm,normalization_softmax_activation,electronic,3.3329300000006085e-07,7.366512000004863e-07,0
0,op_00512,stages.4.1.transformer.2.attn.qkv,view,qkv_projection,electronic,0.0,0.0,0
0,op_00513,stages.4.1.transformer.2.attn.qkv,t,qkv_projection,electronic,0.0,0.0,0
0,op_00514,stages.4.1.transformer.2.attn.qkv,Linear,qkv_projection,photonic,2.8251388999989526e-05,1.7077112228589594e-05,995328
0,op_00515,stages.4.1.transformer.2.attn.qkv,view,qkv_projection,electronic,0.0,0.0,0
0,op_00516,stages.4.1.transformer.2.attn,view,control_residual,electronic,0.0,0.0,0
0,op_00517,stages.4.1.transformer.2.attn,permute,control_residual,electronic,0.0,0.0,0
0,op_00518,stages.4.1.transformer.2.attn,unbind,control_residual,electronic,0.0,0.0,0
0,op_00519,stages.4.1.transformer.2.attn,mul,control_residual,electronic,3.1145600000014734e-07,6.943103999994087e-07,0
0,op_00520,stages.4.1.transformer.2.attn,transpose,control_residual,electronic,0.0,0.0,0
0,op_00521,stages.4.1.transformer.2.attn,expand,control_residual,electronic,0.0,0.0,0
0,op_00522,stages.4.1.transformer.2.attn,clone,control_residual,electronic,3.0800000000007904e-07,6.911999999997809e-07,0
0,op_00523,stages.4.1.transformer.2.attn,_unsafe_view,control_residual,electronic,0.0,0.0,0
0,op_00524,stages.4.1.transformer.2.attn,expand,control_residual,electronic,0.0,0.0,0
0,op_00525,stages.4.1.transformer.2.attn,clone,control_residual,electronic,3.0800000000007904e-07,6.911999999997809e-07,0
0,op_00526,stages.4.1.transformer.2.attn,_unsafe_view,control_residual,electronic,0.0,0.0,0
0,op_00527,stages.4.1.transformer.2.attn,MatMul,attention_score,photonic,6.883719999917822e-07,2.840341257145853e-06,31104
0,op_00528,stages.4.1.transformer.2.attn,_unsafe_view,control_residual,electronic,0.0,0.0,0
0,op_00529,stages.4.1.transformer.2.attn,_softmax,control_residual,electronic,2.4697999999995744e-07,2.650320000000331e-07,0
0,op_00530,stages.4.1.transformer.2.attn,expand,control_residual,electronic,0.0,0.0,0
0,op_00531,stages.4.1.transformer.2.attn,view,control_residual,electronic,0.0,0.0,0
0,op_00532,stages.4.1.transformer.2.attn,expand,control_residual,electronic,0.0,0.0,0
0,op_00533,stages.4.1.transformer.2.attn,clone,control_residual,electronic,3.0800000000007904e-07,6.911999999997809e-07,0
0,op_00534,stages.4.1.transformer.2.attn,_unsafe_view,control_residual,electronic,0.0,0.0,0
0,op_00535,stages.4.1.transformer.2.attn,MatMul,attention_value,photonic,6.263742500021811e-07,2.3682123428611646e-06,31104
0,op_00536,stages.4.1.transformer.2.attn,_unsafe_view,control_residual,electronic,0.0,0.0,0
0,op_00537,stages.4.1.transformer.2.attn,transpose,control_residual,electronic,0.0,0.0,0
0,op_00538,stages.4.1.transformer.2.attn,clone,control_residual,electronic,3.0800000000007904e-07,6.911999999997809e-07,0
0,op_00539,stages.4.1.transformer.2.attn,_unsafe_view,control_residual,electronic,0.0,0.0,0
0,op_00540,stages.4.1.transformer.2.attn.proj,view,attention_output_projection,electronic,0.0,0.0,0
0,op_00541,stages.4.1.transformer.2.attn.proj,t,attention_output_projection,electronic,0.0,0.0,0
0,op_00542,stages.4.1.transformer.2.attn.proj,Linear,attention_output_projection,photonic,9.595462999996461e-06,5.93590354286324e-06,331776
0,op_00543,stages.4.1.transformer.2.attn.proj,view,attention_output_projection,electronic,0.0,0.0,0
0,op_00544,stages.4.1.transformer.2,add,control_residual,electronic,3.654560000001302e-07,1.0399104000001665e-06,0
0,op_00545,stages.4.1.transformer.2.norm2,native_layer_norm,normalization_softmax_activation,electronic,3.3329300000006085e-07,7.366512000000526e-07,0
0,op_00546,stages.4.1.transformer.2.mlp.fc1,view,ffn_linear,electronic,0.0,0.0,0
0,op_00547,stages.4.1.transformer.2.mlp.fc1,t,ffn_linear,electronic,0.0,0.0,0
0,op_00548,stages.4.1.transformer.2.mlp.fc1,Linear,ffn_linear,photonic,1.8923425999992994e-05,1.1506507885726634e-05,663552
0,op_00549,stages.4.1.transformer.2.mlp.fc1,view,ffn_linear,electronic,0.0,0.0,0
0,op_00550,stages.4.1.transformer.2.mlp.act,silu,normalization_softmax_activation,electronic,4.712960000000533e-07,1.4321664000005452e-06,0
0,op_00551,stages.4.1.transformer.2.mlp.fc2,view,ffn_linear,electronic,0.0,0.0,0
0,op_00552,stages.4.1.transformer.2.mlp.fc2,t,ffn_linear,electronic,0.0,0.0,0
0,op_00553,stages.4.1.transformer.2.mlp.fc2,Linear,ffn_linear,photonic,1.8992506999992347e-05,1.1597967085726513e-05,663552
0,op_00554,stages.4.1.transformer.2.mlp.fc2,view,ffn_linear,electronic,0.0,0.0,0
0,op_00555,stages.4.1.transformer.2,add,control_residual,electronic,3.654560000001302e-07,1.0399104000001665e-06,0
0,op_00556,stages.4.1.norm,native_layer_norm,normalization_softmax_activation,electronic,3.3329300000006085e-07,7.366512000000526e-07,0
0,op_00557,stages.4.1,view,control_residual,electronic,0.0,0.0,0
0,op_00558,stages.4.1,transpose,control_residual,electronic,0.0,0.0,0
0,op_00559,stages.4.1,clone,control_residual,electronic,3.0800000000007904e-07,6.911999999997809e-07,0
0,op_00560,stages.4.1,_unsafe_view,control_residual,electronic,0.0,0.0,0
0,op_00561,stages.4.1,transpose,control_residual,electronic,0.0,0.0,0
0,op_00562,stages.4.1,clone,control_residual,electronic,3.0800000000007904e-07,6.911999999997809e-07,0
0,op_00563,stages.4.1,_unsafe_view,control_residual,electronic,0.0,0.0,0
0,op_00564,stages.4.1.conv_proj.conv,Conv2d,pointwise_conv,photonic,8.039239999997139e-06,4.9990134857193745e-06,276480
0,op_00565,stages.4.1.conv_proj.bn,empty,normalization_softmax_activation,electronic,0.0,0.0,0
0,op_00566,stages.4.1.conv_proj.bn,native_batch_norm,normalization_softmax_activation,electronic,3.1227999999989056e-07,6.235519999999058e-07,0
0,op_00567,stages.4.1.conv_proj.bn.act,silu_,normalization_softmax_activation,electronic,3.1304000000010636e-07,5.967360000003717e-07,0
0,op_00568,stages.4.1,cat,control_residual,electronic,3.7999999999991166e-07,1.151999999999924e-06,0
0,op_00569,stages.4.1.conv_fusion.conv,Conv2d,spatial_conv,electronic,9.386444000035639e-05,1.535616000000869e-05,4147200
0,op_00570,stages.4.1.conv_fusion.bn,empty,normalization_softmax_activation,electronic,0.0,0.0,0
0,op_00571,stages.4.1.conv_fusion.bn,native_batch_norm,normalization_softmax_activation,electronic,3.1227999999989056e-07,6.235519999999058e-07,0
0,op_00572,stages.4.1.conv_fusion.bn.act,silu_,normalization_softmax_activation,electronic,3.130399999998895e-07,5.967360000003717e-07,0
0,op_00573,final_conv.conv,Conv2d,pointwise_conv,photonic,2.616013000008178e-05,1.589662628573036e-05,921600
0,op_00574,final_conv.bn,empty,normalization_softmax_activation,electronic,0.0,0.0,0
0,op_00575,final_conv.bn,native_batch_norm,normalization_softmax_activation,electronic,6.491200000000898e-07,2.4942080000000567e-06,0
0,op_00576,final_conv.bn.act,silu_,normalization_softmax_activation,electronic,6.521600000000856e-07,2.386943999999752e-06,0
0,op_00577,head.global_pool.pool,mean,control_residual,electronic,3.965199999998205e-07,1.194368000000199e-06,0
0,op_00578,head.global_pool.flatten,view,control_residual,electronic,0.0,0.0,0
0,op_00579,head.fc,t,classifier_linear,electronic,0.0,0.0,0
0,op_00580,head.fc,Linear,classifier_linear,photonic,0.00025957040625048614,0.00010007125257166906,320000
1,op_00000,stem.conv,Conv2d,spatial_conv,electronic,5.030262400001085e-06,2.7400243199999542e-05,3981312
1,op_00001,stem.bn,empty,normalization_softmax_activation,electronic,0.0,0.0,0
1,op_00002,stem.bn,native_batch_norm,normalization_softmax_activation,electronic,5.693736000000286e-06,3.029386239999975e-05,0
1,op_00003,stem.bn.act,silu_,normalization_softmax_activation,electronic,5.987648000000279e-06,3.0552883199999777e-05,0
1,op_00004,stages.0.0.conv1_1x1.conv,Conv2d,pointwise_conv,photonic,3.0001935999999715e-05,7.360441051428631e-05,4718592
1,op_00005,stages.0.0.conv1_1x1.bn,empty,normalization_softmax_activation,electronic,0.0,0.0,0
1,op_00006,stages.0.0.conv1_1x1.bn,native_batch_norm,normalization_softmax_activation,electronic,1.1187471999999591e-05,6.05877247999995e-05,0
1,op_00007,stages.0.0.conv1_1x1.bn.act,silu_,normalization_softmax_activation,electronic,1.1775296000000011e-05,6.110576640000042e-05,0
1,op_00008,stages.0.0.conv2_kxk.conv,Conv2d,depthwise_conv,electronic,9.962841600005476e-06,6.006743039999995e-05,2654208
1,op_00009,stages.0.0.conv2_kxk.bn,empty,normalization_softmax_activation,electronic,0.0,0.0,0
1,op_00010,stages.0.0.conv2_kxk.bn,native_batch_norm,normalization_softmax_activation,electronic,1.1187471999999591e-05,6.05877247999995e-05,0
1,op_00011,stages.0.0.conv2_kxk.bn.act,silu_,normalization_softmax_activation,electronic,1.1775296000000011e-05,6.110576640000042e-05,0
1,op_00012,stages.0.0.conv3_1x1.conv,Conv2d,pointwise_conv,photonic,3.302939199999926e-05,7.793961691428611e-05,4718592
1,op_00013,stages.0.0.conv3_1x1.bn,empty,normalization_softmax_activation,electronic,0.0,0.0,0
1,op_00014,stages.0.0.conv3_1x1.bn,native_batch_norm,normalization_softmax_activation,electronic,5.693736000000286e-06,3.0293862399999316e-05,0
1,op_00015,stages.0.0,add,control_residual,electronic,7.259456000000258e-06,4.4369510399999874e-05,0
1,op_00016,stages.1.0.conv1_1x1.conv,Conv2d,pointwise_conv,photonic,3.0001935999999715e-05,7.360441051428718e-05,4718592
1,op_00017,stages.1.0.conv1_1x1.bn,empty,normalization_softmax_activation,electronic,0.0,0.0,0
1,op_00018,stages.1.0.conv1_1x1.bn,native_batch_norm,normalization_softmax_activation,electronic,1.1187471999999591e-05,6.05877247999995e-05,0
1,op_00019,stages.1.0.conv1_1x1.bn.act,silu_,normalization_softmax_activation,electronic,1.1775296000000011e-05,6.110576640000042e-05,0
1,op_00020,stages.1.0.conv2_kxk.conv,Conv2d,depthwise_conv,electronic,6.108710400005643e-06,3.71527679999999e-05,663552
1,op_00021,stages.1.0.conv2_kxk.bn,empty,normalization_softmax_activation,electronic,0.0,0.0,0
1,op_00022,stages.1.0.conv2_kxk.bn,native_batch_norm,normalization_softmax_activation,electronic,2.9483680000002774e-06,1.515653120000033e-05,0
1,op_00023,stages.1.0.conv2_kxk.bn.act,silu_,normalization_softmax_activation,electronic,3.0938240000001963e-06,1.5276441600000322e-05,0
1,op_00024,stages.1.0.conv3_1x1.conv,Conv2d,pointwise_conv,photonic,1.331967200000157e-05,2.544536502856968e-05,1769472
1,op_00025,stages.1.0.conv3_1x1.bn,empty,normalization_softmax_activation,electronic,0.0,0.0,0
1,op_00026,stages.1.0.conv3_1x1.bn,native_batch_norm,normalization_softmax_activation,electronic,2.261276000000128e-06,1.1367398399999597e-05,0
1,op_00027,stages.1.1.conv1_1x1.conv,Conv2d,pointwise_conv,photonic,2.1586544000002685e-05,3.988866925714197e-05,2654208
1,op_00028,stages.1.1.conv1_1x1.bn,empty,normalization_softmax_activation,electronic,0.0,0.0,0
1,op_00029,stages.1.1.conv1_1x1.bn,native_batch_norm,normalization_softmax_activation,electronic,4.322552000000143e-06,2.273479680000006e-05,0
1,op_00030,stages.1.1.conv1_1x1.bn.act,silu_,normalization_softmax_activation,electronic,4.5407360000004546e-06,2.291466240000005e-05,0
1,op_00031,stages.1.1.conv2_kxk.conv,Conv2d,depthwise_conv,electronic,3.8790656000085334e-06,2.2551551999999524e-05,995328
1,op_00032,stages.1.1.conv2_kxk.bn,empty,normalization_softmax_activation,electronic,0.0,0.0,0
1,op_00033,stages.1.1.conv2_kxk.bn,native_batch_norm,normalization_softmax_activation,electronic,4.322552000000143e-06,2.273479680000006e-05,0
1,op_00034,stages.1.1.conv2_kxk.bn.act,silu_,normalization_softmax_activation,electronic,4.5407360000004546e-06,2.2914662399999182e-05,0
1,op_00035,stages.1.1.conv3_1x1.conv,Conv2d,pointwise_conv,photonic,1.9907166000001503e-05,3.6058505142856634e-05,2654208
1,op_00036,stages.1.1.conv3_1x1.bn,empty,normalization_softmax_activation,electronic,0.0,0.0,0
1,op_00037,stages.1.1.conv3_1x1.bn,native_batch_norm,normalization_softmax_activation,electronic,2.261276000000128e-06,1.1367398400000464e-05,0
1,op_00038,stages.1.1,add,control_residual,electronic,2.8472959999999506e-06,1.6638566399999194e-05,0
1,op_00039,stages.1.2.conv1_1x1.conv,Conv2d,pointwise_conv,photonic,2.1586544000002685e-05,3.9888669257142836e-05,2654208
1,op_00040,stages.1.2.conv1_1x1.bn,empty,normalization_softmax_activation,electronic,0.0,0.0,0
1,op_00041,stages.1.2.conv1_1x1.bn,native_batch_norm,normalization_softmax_activation,electronic,4.322552000000143e-06,2.2734796800000928e-05,0
1,op_00042,stages.1.2.conv1_1x1.bn.act,silu_,normalization_softmax_activation,electronic,4.5407360000004546e-06,2.291466240000005e-05,0
1,op_00043,stages.1.2.conv2_kxk.conv,Conv2d,depthwise_conv,electronic,3.8790656000085334e-06,2.2551551999999524e-05,995328
1,op_00044,stages.1.2.conv2_kxk.bn,empty,normalization_softmax_activation,electronic,0.0,0.0,0
1,op_00045,stages.1.2.conv2_kxk.bn,native_batch_norm,normalization_softmax_activation,electronic,4.322552000000143e-06,2.2734796799999193e-05,0
1,op_00046,stages.1.2.conv2_kxk.bn.act,silu_,normalization_softmax_activation,electronic,4.5407360000004546e-06,2.291466240000005e-05,0
1,op_00047,stages.1.2.conv3_1x1.conv,Conv2d,pointwise_conv,photonic,1.9907166000001503e-05,3.6058505142855767e-05,2654208
1,op_00048,stages.1.2.conv3_1x1.bn,empty,normalization_softmax_activation,electronic,0.0,0.0,0
1,op_00049,stages.1.2.conv3_1x1.bn,native_batch_norm,normalization_softmax_activation,electronic,2.261276000000128e-06,1.1367398399999597e-05,0
1,op_00050,stages.1.2,add,control_residual,electronic,2.8472959999999506e-06,1.663856640000006e-05,0
1,op_00051,stages.2.0.conv1_1x1.conv,Conv2d,pointwise_conv,photonic,2.1586544000002685e-05,3.988866925714197e-05,2654208
1,op_00052,stages.2.0.conv1_1x1.bn,empty,normalization_softmax_activation,electronic,0.0,0.0,0
1,op_00053,stages.2.0.conv1_1x1.bn,native_batch_norm,normalization_softmax_activation,electronic,4.322552000000143e-06,2.273479680000006e-05,0
1,op_00054,stages.2.0.conv1_1x1.bn.act,silu_,normalization_softmax_activation,electronic,4.5407360000004546e-06,2.291466240000005e-05,0
1,op_00055,stages.2.0.conv2_kxk.conv,Conv2d,depthwise_conv,electronic,2.433766400008596e-06,1.3958553599999722e-05,248832
1,op_00056,stages.2.0.conv2_kxk.bn,empty,normalization_softmax_activation,electronic,0.0,0.0,0
1,op_00057,stages.2.0.conv2_kxk.bn,native_batch_norm,normalization_softmax_activation,electronic,1.2328879999998037e-06,5.698099199999938e-06,0
1,op_00058,stages.2.0.conv2_kxk.bn.act,silu_,normalization_softmax_activation,electronic,1.285184000000307e-06,5.728665599999579e-06,0
1,op_00059,stages.2.0.conv3_1x1.conv,Conv2d,pointwise_conv,photonic,8.757128000000652e-06,1.5450459428573496e-05,1327104
1,op_00060,stages.2.0.conv3_1x1.bn,empty,normalization_softmax_activation,electronic,0.0,0.0,0
1,op_00061,stages.2.0.conv3_1x1.bn,native_batch_norm,normalization_softmax_activation,electronic,1.2328879999998037e-06,5.698099199999938e-06,0
1,op_00062,stages.2.1.conv_kxk.conv,Conv2d,spatial_conv,electronic,3.5337872000278277e-06,1.0425369599998714e-05,11943936
1,op_00063,stages.2.1.conv_kxk.bn,empty,normalization_softmax_activation,electronic,0.0,0.0,0
1,op_00064,stages.2.1.conv_kxk.bn,native_batch_norm,normalization_softmax_activation,electronic,1.2328879999998037e-06,5.698099199999071e-06,0
1,op_00065,stages.2.1.conv_kxk.bn.act,silu_,normalization_softmax_activation,electronic,1.285184000000307e-06,5.728665600000446e-06,0
1,op_00066,stages.2.1.conv_1x1,Conv2d,pointwise_conv,photonic,1.0920704000000423e-05,1.9626481371429715e-05,1769472
1,op_00067,stages.2.1,view,control_residual,electronic,0.0,0.0,0
1,op_00068,stages.2.1,transpose,control_residual,electronic,0.0,0.0,0
1,op_00069,stages.2.1,clone,control_residual,electronic,1.3519999999996035e-06,7.3727999999996865e-06,0
1,op_00070,stages.2.1,_unsafe_view,control_residual,electronic,0.0,0.0,0
1,op_00071,stages.2.1,transpose,control_residual,electronic,0.0,0.0,0
1,op_00072,stages.2.1,view,control_residual,electronic,0.0,0.0,0
1,op_00073,stages.2.1.transformer.0.norm1,native_layer_norm,normalization_softmax_activation,electronic,1.600096000000089e-06,7.706086399999687e-06,0
1,op_00074,stages.2.1.transformer.0.attn.qkv,view,qkv_projection,electronic,0.0,0.0,0
1,op_00075,stages.2.1.transformer.0.attn.qkv,t,qkv_projection,electronic,0.0,0.0,0
1,op_00076,stages.2.1.transformer.0.attn.qkv,Linear,qkv_projection,photonic,4.1683430000006346e-05,6.792044708570609e-05,7077888
1,op_00077,stages.2.1.transformer.0.attn.qkv,view,qkv_projection,electronic,0.0,0.0,0
1,op_00078,stages.2.1.transformer.0.attn,view,control_residual,electronic,0.0,0.0,0
1,op_00079,stages.2.1.transformer.0.attn,permute,control_residual,electronic,0.0,0.0,0
1,op_00080,stages.2.1.transformer.0.attn,unbind,control_residual,electronic,0.0,0.0,0
1,op_00081,stages.2.1.transformer.0.attn,mul,control_residual,electronic,1.3888639999997537e-06,7.405977599999475e-06,0
1,op_00082,stages.2.1.transformer.0.attn,transpose,control_residual,electronic,0.0,0.0,0
1,op_00083,stages.2.1.transformer.0.attn,expand,control_residual,electronic,0.0,0.0,0
1,op_00084,stages.2.1.transformer.0.attn,clone,control_residual,electronic,1.3519999999996035e-06,7.3727999999996865e-06,0
1,op_00085,stages.2.1.transformer.0.attn,_unsafe_view,control_residual,electronic,0.0,0.0,0
1,op_00086,stages.2.1.transformer.0.attn,expand,control_residual,electronic,0.0,0.0,0
1,op_00087,stages.2.1.transformer.0.attn,clone,control_residual,electronic,1.3519999999996035e-06,7.3727999999996865e-06,0
1,op_00088,stages.2.1.transformer.0.attn,_unsafe_view,control_residual,electronic,0.0,0.0,0
1,op_00089,stages.2.1.transformer.0.attn,MatMul,attention_score,photonic,3.206892800013952e-05,8.027925942864604e-05,5308416
1,op_00090,stages.2.1.transformer.0.attn,_unsafe_view,control_residual,electronic,0.0,0.0,0
1,op_00091,stages.2.1.transformer.0.attn,_softmax,control_residual,electronic,1.2226879999999683e-05,6.78481919999998e-05,0
1,op_00092,stages.2.1.transformer.0.attn,expand,control_residual,electronic,0.0,0.0,0
1,op_00093,stages.2.1.transformer.0.attn,view,control_residual,electronic,0.0,0.0,0
1,op_00094,stages.2.1.transformer.0.attn,expand,control_residual,electronic,0.0,0.0,0
1,op_00095,stages.2.1.transformer.0.attn,clone,control_residual,electronic,1.3519999999996035e-06,7.3727999999996865e-06,0
1,op_00096,stages.2.1.transformer.0.attn,_unsafe_view,control_residual,electronic,0.0,0.0,0
1,op_00097,stages.2.1.transformer.0.attn,MatMul,attention_value,photonic,3.8123840000087866e-05,8.894967222861268e-05,5308416
1,op_00098,stages.2.1.transformer.0.attn,_unsafe_view,control_residual,electronic,0.0,0.0,0
1,op_00099,stages.2.1.transformer.0.attn,transpose,control_residual,electronic,0.0,0.0,0
1,op_00100,stages.2.1.transformer.0.attn,clone,control_residual,electronic,1.3519999999996035e-06,7.3727999999996865e-06,0
1,op_00101,stages.2.1.transformer.0.attn,_unsafe_view,control_residual,electronic,0.0,0.0,0
1,op_00102,stages.2.1.transformer.0.attn.proj,view,attention_output_projection,electronic,0.0,0.0,0
1,op_00103,stages.2.1.transformer.0.attn.proj,t,attention_output_projection,electronic,0.0,0.0,0
1,op_00104,stages.2.1.transformer.0.attn.proj,Linear,attention_output_projection,photonic,1.4507810000001942e-05,2.523783222856471e-05,2359296
1,op_00105,stages.2.1.transformer.0.attn.proj,view,attention_output_projection,electronic,0.0,0.0,0
1,op_00106,stages.2.1.transformer.0,add,control_residual,electronic,1.9648640000001494e-06,1.1092377600000619e-05,0
1,op_00107,stages.2.1.transformer.0.norm2,native_layer_norm,normalization_softmax_activation,electronic,1.600096000000089e-06,7.706086400000554e-06,0
1,op_00108,stages.2.1.transformer.0.mlp.fc1,view,ffn_linear,electronic,0.0,0.0,0
1,op_00109,stages.2.1.transformer.0.mlp.fc1,t,ffn_linear,electronic,0.0,0.0,0
1,op_00110,stages.2.1.transformer.0.mlp.fc1,Linear,ffn_linear,photonic,2.8095620000004144e-05,4.65791396571328e-05,4718592
1,op_00111,stages.2.1.transformer.0.mlp.fc1,view,ffn_linear,electronic,0.0,0.0,0
1,op_00112,stages.2.1.transformer.0.mlp.act,silu,normalization_softmax_activation,electronic,3.0938240000001963e-06,1.5276441599999455e-05,0
1,op_00113,stages.2.1.transformer.0.mlp.fc2,view,ffn_linear,electronic,0.0,0.0,0
1,op_00114,stages.2.1.transformer.0.mlp.fc2,t,ffn_linear,electronic,0.0,0.0,0
1,op_00115,stages.2.1.transformer.0.mlp.fc2,Linear,ffn_linear,photonic,2.885123400000805e-05,4.7656176457133714e-05,4718592
1,op_00116,stages.2.1.transformer.0.mlp.fc2,view,ffn_linear,electronic,0.0,0.0,0
1,op_00117,stages.2.1.transformer.0,add,control_residual,electronic,1.9648640000001494e-06,1.1092377599999752e-05,0
1,op_00118,stages.2.1.transformer.1.norm1,native_layer_norm,normalization_softmax_activation,electronic,1.600096000000089e-06,7.706086399999687e-06,0
1,op_00119,stages.2.1.transformer.1.attn.qkv,view,qkv_projection,electronic,0.0,0.0,0
1,op_00120,stages.2.1.transformer.1.attn.qkv,t,qkv_projection,electronic,0.0,0.0,0
1,op_00121,stages.2.1.transformer.1.attn.qkv,Linear,qkv_projection,photonic,4.1683430000006346e-05,6.792044708569742e-05,7077888
1,op_00122,stages.2.1.transformer.1.attn.qkv,view,qkv_projection,electronic,0.0,0.0,0
1,op_00123,stages.2.1.transformer.1.attn,view,control_residual,electronic,0.0,0.0,0
1,op_00124,stages.2.1.transformer.1.attn,permute,control_residual,electronic,0.0,0.0,0
1,op_00125,stages.2.1.transformer.1.attn,unbind,control_residual,electronic,0.0,0.0,0
1,op_00126,stages.2.1.transformer.1.attn,mul,control_residual,electronic,1.3888639999997537e-06,7.4059776000012095e-06,0
1,op_00127,stages.2.1.transformer.1.attn,transpose,control_residual,electronic,0.0,0.0,0
1,op_00128,stages.2.1.transformer.1.attn,expand,control_residual,electronic,0.0,0.0,0
1,op_00129,stages.2.1.transformer.1.attn,clone,control_residual,electronic,1.3519999999996035e-06,7.372800000000554e-06,0
1,op_00130,stages.2.1.transformer.1.attn,_unsafe_view,control_residual,electronic,0.0,0.0,0
1,op_00131,stages.2.1.transformer.1.attn,expand,control_residual,electronic,0.0,0.0,0
1,op_00132,stages.2.1.transformer.1.attn,clone,control_residual,electronic,1.3519999999996035e-06,7.372800000000554e-06,0
1,op_00133,stages.2.1.transformer.1.attn,_unsafe_view,control_residual,electronic,0.0,0.0,0
1,op_00134,stages.2.1.transformer.1.attn,MatMul,attention_score,photonic,3.206892800013952e-05,8.027925942864604e-05,5308416
1,op_00135,stages.2.1.transformer.1.attn,_unsafe_view,control_residual,electronic,0.0,0.0,0
1,op_00136,stages.2.1.transformer.1.attn,_softmax,control_residual,electronic,1.2226879999999683e-05,6.78481919999998e-05,0
1,op_00137,stages.2.1.transformer.1.attn,expand,control_residual,electronic,0.0,0.0,0
1,op_00138,stages.2.1.transformer.1.attn,view,control_residual,electronic,0.0,0.0,0
1,op_00139,stages.2.1.transformer.1.attn,expand,control_residual,electronic,0.0,0.0,0
1,op_00140,stages.2.1.transformer.1.attn,clone,control_residual,electronic,1.3519999999996035e-06,7.372800000000554e-06,0
1,op_00141,stages.2.1.transformer.1.attn,_unsafe_view,control_residual,electronic,0.0,0.0,0
1,op_00142,stages.2.1.transformer.1.attn,MatMul,attention_value,photonic,3.8123840000087866e-05,8.894967222861181e-05,5308416
1,op_00143,stages.2.1.transformer.1.attn,_unsafe_view,control_residual,electronic,0.0,0.0,0
1,op_00144,stages.2.1.transformer.1.attn,transpose,control_residual,electronic,0.0,0.0,0
1,op_00145,stages.2.1.transformer.1.attn,clone,control_residual,electronic,1.3519999999996035e-06,7.372800000000554e-06,0
1,op_00146,stages.2.1.transformer.1.attn,_unsafe_view,control_residual,electronic,0.0,0.0,0
1,op_00147,stages.2.1.transformer.1.attn.proj,view,attention_output_projection,electronic,0.0,0.0,0
1,op_00148,stages.2.1.transformer.1.attn.proj,t,attention_output_projection,electronic,0.0,0.0,0
1,op_00149,stages.2.1.transformer.1.attn.proj,Linear,attention_output_projection,photonic,1.4507810000001942e-05,2.5237832228566445e-05,2359296
1,op_00150,stages.2.1.transformer.1.attn.proj,view,attention_output_projection,electronic,0.0,0.0,0
1,op_00151,stages.2.1.transformer.1,add,control_residual,electronic,1.9648640000001494e-06,1.1092377599999752e-05,0
1,op_00152,stages.2.1.transformer.1.norm2,native_layer_norm,normalization_softmax_activation,electronic,1.600096000000089e-06,7.706086399999687e-06,0
1,op_00153,stages.2.1.transformer.1.mlp.fc1,view,ffn_linear,electronic,0.0,0.0,0
1,op_00154,stages.2.1.transformer.1.mlp.fc1,t,ffn_linear,electronic,0.0,0.0,0
1,op_00155,stages.2.1.transformer.1.mlp.fc1,Linear,ffn_linear,photonic,2.8095620000004144e-05,4.65791396571328e-05,4718592
1,op_00156,stages.2.1.transformer.1.mlp.fc1,view,ffn_linear,electronic,0.0,0.0,0
1,op_00157,stages.2.1.transformer.1.mlp.act,silu,normalization_softmax_activation,electronic,3.0938240000001963e-06,1.5276441599999455e-05,0
1,op_00158,stages.2.1.transformer.1.mlp.fc2,view,ffn_linear,electronic,0.0,0.0,0
1,op_00159,stages.2.1.transformer.1.mlp.fc2,t,ffn_linear,electronic,0.0,0.0,0
1,op_00160,stages.2.1.transformer.1.mlp.fc2,Linear,ffn_linear,photonic,2.885123400000805e-05,4.7656176457133714e-05,4718592
1,op_00161,stages.2.1.transformer.1.mlp.fc2,view,ffn_linear,electronic,0.0,0.0,0
1,op_00162,stages.2.1.transformer.1,add,control_residual,electronic,1.9648640000001494e-06,1.1092377599999752e-05,0
1,op_00163,stages.2.1.norm,native_layer_norm,normalization_softmax_activation,electronic,1.600096000000089e-06,7.706086399999687e-06,0
1,op_00164,stages.2.1,view,control_residual,electronic,0.0,0.0,0
1,op_00165,stages.2.1,transpose,control_residual,electronic,0.0,0.0,0
1,op_00166,stages.2.1,clone,control_residual,electronic,1.3519999999996035e-06,7.372800000000554e-06,0
1,op_00167,stages.2.1,_unsafe_view,control_residual,electronic,0.0,0.0,0
1,op_00168,stages.2.1,transpose,control_residual,electronic,0.0,0.0,0
1,op_00169,stages.2.1,clone,control_residual,electronic,1.3519999999996035e-06,7.372800000000554e-06,0
1,op_00170,stages.2.1,_unsafe_view,control_residual,electronic,0.0,0.0,0
1,op_00171,stages.2.1.conv_proj.conv,Conv2d,pointwise_conv,photonic,1.110992000000156e-05,1.9897431771426395e-05,1769472
1,op_00172,stages.2.1.conv_proj.bn,empty,normalization_softmax_activation,electronic,0.0,0.0,0
1,op_00173,stages.2.1.conv_proj.bn,native_batch_norm,normalization_softmax_activation,electronic,1.2328879999998037e-06,5.698099199999071e-06,0
1,op_00174,stages.2.1.conv_proj.bn.act,silu_,normalization_softmax_activation,electronic,1.285184000000307e-06,5.728665600000446e-06,0
1,op_00175,stages.2.1,cat,control_residual,electronic,1.927999999999999e-06,1.1059199999999964e-05,0
1,op_00176,stages.2.1.conv_fusion.conv,Conv2d,spatial_conv,electronic,6.435574400055245e-06,1.808593919999657e-05,23887872
1,op_00177,stages.2.1.conv_fusion.bn,empty,normalization_softmax_activation,electronic,0.0,0.0,0
1,op_00178,stages.2.1.conv_fusion.bn,native_batch_norm,normalization_softmax_activation,electronic,1.2328879999998037e-06,5.698099199999938e-06,0
1,op_00179,stages.2.1.conv_fusion.bn.act,silu_,normalization_softmax_activation,electronic,1.285184000000307e-06,5.728665599999579e-06,0
1,op_00180,stages.3.0.conv1_1x1.conv,Conv2d,pointwise_conv,photonic,1.601105600000088e-05,2.797852525713608e-05,2654208
1,op_00181,stages.3.0.conv1_1x1.bn,empty,normalization_softmax_activation,electronic,0.0,0.0,0
1,op_00182,stages.3.0.conv1_1x1.bn,native_batch_norm,normalization_softmax_activation,electronic,2.2657759999999277e-06,1.1396198399999877e-05,0
1,op_00183,stages.3.0.conv1_1x1.bn.act,silu_,normalization_softmax_activation,electronic,2.370368000000067e-06,1.1457331200000025e-05,0
1,op_00184,stages.3.0.conv2_kxk.conv,Conv2d,depthwise_conv,electronic,1.352883200016631e-06,7.031807999999598e-06,124416
1,op_00185,stages.3.0.conv2_kxk.bn,empty,normalization_softmax_activation,electronic,0.0,0.0,0
1,op_00186,stages.3.0.conv2_kxk.bn,native_batch_norm,normalization_softmax_activation,electronic,7.20944000000192e-07,2.8778495999998155e-06,0
1,op_00187,stages.3.0.conv2_kxk.bn.act,silu_,normalization_softmax_activation,electronic,7.42592000000427e-07,2.8643328000010904e-06,0
1,op_00188,stages.3.0.conv3_1x1.conv,Conv2d,pointwise_conv,photonic,5.587568000015551e-06,1.0026327771436513e-05,884736
1,op_00189,stages.3.0.conv3_1x1.bn,empty,normalization_softmax_activation,electronic,0.0,0.0,0
1,op_00190,stages.3.0.conv3_1x1.bn,native_batch_norm,normalization_softmax_activation,electronic,5.47295999999732e-07,1.9185664000007444e-06,0
1,op_00191,stages.3.1.conv_kxk.conv,Conv2d,spatial_conv,electronic,1.6936832000491453e-06,4.1766911999981116e-06,5308416
1,op_00192,stages.3.1.conv_kxk.bn,empty,normalization_softmax_activation,electronic,0.0,0.0,0
1,op_00193,stages.3.1.conv_kxk.bn,native_batch_norm,normalization_softmax_activation,electronic,5.47295999999732e-07,1.9185664000007444e-06,0
1,op_00194,stages.3.1.conv_kxk.bn.act,silu_,normalization_softmax_activation,electronic,5.617279999997442e-07,1.9095552000001487e-06,0
1,op_00195,stages.3.1.conv_1x1,Conv2d,pointwise_conv,photonic,4.640800000013483e-06,8.404732342863486e-06,737280
1,op_00196,stages.3.1,view,control_residual,electronic,0.0,0.0,0
1,op_00197,stages.3.1,transpose,control_residual,electronic,0.0,0.0,0
1,op_00198,stages.3.1,clone,control_residual,electronic,5.600000000001437e-07,2.303999999999848e-06,0
1,op_00199,stages.3.1,_unsafe_view,control_residual,electronic,0.0,0.0,0
1,op_00200,stages.3.1,transpose,control_residual,electronic,0.0,0.0,0
1,op_00201,stages.3.1,view,control_residual,electronic,0.0,0.0,0
1,op_00202,stages.3.1.transformer.0.norm1,native_layer_norm,normalization_softmax_activation,electronic,6.378480000000276e-07,2.4125632000007724e-06,0
1,op_00203,stages.3.1.transformer.0.attn.qkv,view,qkv_projection,electronic,0.0,0.0,0
1,op_00204,stages.3.1.transformer.0.attn.qkv,t,qkv_projection,electronic,0.0,0.0,0
1,op_00205,stages.3.1.transformer.0.attn.qkv,Linear,qkv_projection,photonic,1.6511727500048787e-05,2.8448554285737462e-05,2764800
1,op_00206,stages.3.1.transformer.0.attn.qkv,view,qkv_projection,electronic,0.0,0.0,0
1,op_00207,stages.3.1.transformer.0.attn,view,control_residual,electronic,0.0,0.0,0
1,op_00208,stages.3.1.transformer.0.attn,permute,control_residual,electronic,0.0,0.0,0
1,op_00209,stages.3.1.transformer.0.attn,unbind,control_residual,electronic,0.0,0.0,0
1,op_00210,stages.3.1.transformer.0.attn,mul,control_residual,electronic,5.715200000000822e-07,2.3143679999991854e-06,0
1,op_00211,stages.3.1.transformer.0.attn,transpose,control_residual,electronic,0.0,0.0,0
1,op_00212,stages.3.1.transformer.0.attn,expand,control_residual,electronic,0.0,0.0,0
1,op_00213,stages.3.1.transformer.0.attn,clone,control_residual,electronic,5.600000000001437e-07,2.303999999999848e-06,0
1,op_00214,stages.3.1.transformer.0.attn,_unsafe_view,control_residual,electronic,0.0,0.0,0
1,op_00215,stages.3.1.transformer.0.attn,expand,control_residual,electronic,0.0,0.0,0
1,op_00216,stages.3.1.transformer.0.attn,clone,control_residual,electronic,5.600000000001437e-07,2.303999999999848e-06,0
1,op_00217,stages.3.1.transformer.0.attn,_unsafe_view,control_residual,electronic,0.0,0.0,0
1,op_00218,stages.3.1.transformer.0.attn,MatMul,attention_score,photonic,4.7271520000119124e-06,1.2897576228556619e-05,414720
1,op_00219,stages.3.1.transformer.0.attn,_unsafe_view,control_residual,electronic,0.0,0.0,0
1,op_00220,stages.3.1.transformer.0.attn,_softmax,control_residual,electronic,9.516800000002219e-07,4.240512000000529e-06,0
1,op_00221,stages.3.1.transformer.0.attn,expand,control_residual,electronic,0.0,0.0,0
1,op_00222,stages.3.1.transformer.0.attn,view,control_residual,electronic,0.0,0.0,0
1,op_00223,stages.3.1.transformer.0.attn,expand,control_residual,electronic,0.0,0.0,0
1,op_00224,stages.3.1.transformer.0.attn,clone,control_residual,electronic,5.600000000001437e-07,2.303999999999848e-06,0
1,op_00225,stages.3.1.transformer.0.attn,_unsafe_view,control_residual,electronic,0.0,0.0,0
1,op_00226,stages.3.1.transformer.0.attn,MatMul,attention_value,photonic,4.325420000017739e-06,1.2199647085702793e-05,414720
1,op_00227,stages.3.1.transformer.0.attn,_unsafe_view,control_residual,electronic,0.0,0.0,0
1,op_00228,stages.3.1.transformer.0.attn,transpose,control_residual,electronic,0.0,0.0,0
1,op_00229,stages.3.1.transformer.0.attn,clone,control_residual,electronic,5.600000000001437e-07,2.303999999999848e-06,0
1,op_00230,stages.3.1.transformer.0.attn,_unsafe_view,control_residual,electronic,0.0,0.0,0
1,op_00231,stages.3.1.transformer.0.attn.proj,view,attention_output_projection,electronic,0.0,0.0,0
1,op_00232,stages.3.1.transformer.0.attn.proj,t,attention_output_projection,electronic,0.0,0.0,0
1,op_00233,stages.3.1.transformer.0.attn.proj,Linear,attention_output_projection,photonic,5.8508425000163185e-06,1.0294627428577945e-05,921600
1,op_00234,stages.3.1.transformer.0.attn.proj,view,attention_output_projection,electronic,0.0,0.0,0
1,op_00235,stages.3.1.transformer.0,add,control_residual,electronic,7.515199999998806e-07,3.4663679999999766e-06,0
1,op_00236,stages.3.1.transformer.0.norm2,native_layer_norm,normalization_softmax_activation,electronic,6.378480000000276e-07,2.4125632000007724e-06,0
1,op_00237,stages.3.1.transformer.0.mlp.fc1,view,ffn_linear,electronic,0.0,0.0,0
1,op_00238,stages.3.1.transformer.0.mlp.fc1,t,ffn_linear,electronic,0.0,0.0,0
1,op_00239,stages.3.1.transformer.0.mlp.fc1,Linear,ffn_linear,photonic,1.1085885000032113e-05,1.9371590857158137e-05,1843200
1,op_00240,stages.3.1.transformer.0.mlp.fc1,view,ffn_linear,electronic,0.0,0.0,0
1,op_00241,stages.3.1.transformer.0.mlp.act,silu,normalization_softmax_activation,electronic,1.1043199999996242e-06,4.773887999999504e-06,0
1,op_00242,stages.3.1.transformer.0.mlp.fc2,view,ffn_linear,electronic,0.0,0.0,0
1,op_00243,stages.3.1.transformer.0.mlp.fc2,t,ffn_linear,electronic,0.0,0.0,0
1,op_00244,stages.3.1.transformer.0.mlp.fc2,Linear,ffn_linear,photonic,1.132084250003067e-05,1.9701822857156985e-05,1843200
1,op_00245,stages.3.1.transformer.0.mlp.fc2,view,ffn_linear,electronic,0.0,0.0,0
1,op_00246,stages.3.1.transformer.0,add,control_residual,electronic,7.515199999998806e-07,3.466368000000844e-06,0
1,op_00247,stages.3.1.transformer.1.norm1,native_layer_norm,normalization_softmax_activation,electronic,6.378480000000276e-07,2.4125631999990377e-06,0
1,op_00248,stages.3.1.transformer.1.attn.qkv,view,qkv_projection,electronic,0.0,0.0,0
1,op_00249,stages.3.1.transformer.1.attn.qkv,t,qkv_projection,electronic,0.0,0.0,0
1,op_00250,stages.3.1.transformer.1.attn.qkv,Linear,qkv_projection,photonic,1.6511727500048787e-05,2.844855428573833e-05,2764800
1,op_00251,stages.3.1.transformer.1.attn.qkv,view,qkv_projection,electronic,0.0,0.0,0
1,op_00252,stages.3.1.transformer.1.attn,view,control_residual,electronic,0.0,0.0,0
1,op_00253,stages.3.1.transformer.1.attn,permute,control_residual,electronic,0.0,0.0,0
1,op_00254,stages.3.1.transformer.1.attn,unbind,control_residual,electronic,0.0,0.0,0
1,op_00255,stages.3.1.transformer.1.attn,mul,control_residual,electronic,5.715200000000822e-07,2.3143680000000527e-06,0
1,op_00256,stages.3.1.transformer.1.attn,transpose,control_residual,electronic,0.0,0.0,0
1,op_00257,stages.3.1.transformer.1.attn,expand,control_residual,electronic,0.0,0.0,0
1,op_00258,stages.3.1.transformer.1.attn,clone,control_residual,electronic,5.600000000001437e-07,2.303999999999848e-06,0
1,op_00259,stages.3.1.transformer.1.attn,_unsafe_view,control_residual,electronic,0.0,0.0,0
1,op_00260,stages.3.1.transformer.1.attn,expand,control_residual,electronic,0.0,0.0,0
1,op_00261,stages.3.1.transformer.1.attn,clone,control_residual,electronic,5.600000000001437e-07,2.303999999999848e-06,0
1,op_00262,stages.3.1.transformer.1.attn,_unsafe_view,control_residual,electronic,0.0,0.0,0
1,op_00263,stages.3.1.transformer.1.attn,MatMul,attention_score,photonic,4.7271520000119124e-06,1.2897576228556619e-05,414720
1,op_00264,stages.3.1.transformer.1.attn,_unsafe_view,control_residual,electronic,0.0,0.0,0
1,op_00265,stages.3.1.transformer.1.attn,_softmax,control_residual,electronic,9.516800000002219e-07,4.240512000000529e-06,0
1,op_00266,stages.3.1.transformer.1.attn,expand,control_residual,electronic,0.0,0.0,0
1,op_00267,stages.3.1.transformer.1.attn,view,control_residual,electronic,0.0,0.0,0
1,op_00268,stages.3.1.transformer.1.attn,expand,control_residual,electronic,0.0,0.0,0
1,op_00269,stages.3.1.transformer.1.attn,clone,control_residual,electronic,5.600000000001437e-07,2.303999999999848e-06,0
1,op_00270,stages.3.1.transformer.1.attn,_unsafe_view,control_residual,electronic,0.0,0.0,0
1,op_00271,stages.3.1.transformer.1.attn,MatMul,attention_value,photonic,4.325420000017739e-06,1.2199647085701058e-05,414720
1,op_00272,stages.3.1.transformer.1.attn,_unsafe_view,control_residual,electronic,0.0,0.0,0
1,op_00273,stages.3.1.transformer.1.attn,transpose,control_residual,electronic,0.0,0.0,0
1,op_00274,stages.3.1.transformer.1.attn,clone,control_residual,electronic,5.600000000001437e-07,2.303999999999848e-06,0
1,op_00275,stages.3.1.transformer.1.attn,_unsafe_view,control_residual,electronic,0.0,0.0,0
1,op_00276,stages.3.1.transformer.1.attn.proj,view,attention_output_projection,electronic,0.0,0.0,0
1,op_00277,stages.3.1.transformer.1.attn.proj,t,attention_output_projection,electronic,0.0,0.0,0
1,op_00278,stages.3.1.transformer.1.attn.proj,Linear,attention_output_projection,photonic,5.8508425000163185e-06,1.0294627428578812e-05,921600
1,op_00279,stages.3.1.transformer.1.attn.proj,view,attention_output_projection,electronic,0.0,0.0,0
1,op_00280,stages.3.1.transformer.1,add,control_residual,electronic,7.515199999998806e-07,3.4663679999999766e-06,0
1,op_00281,stages.3.1.transformer.1.norm2,native_layer_norm,normalization_softmax_activation,electronic,6.378480000000276e-07,2.412563199999905e-06,0
1,op_00282,stages.3.1.transformer.1.mlp.fc1,view,ffn_linear,electronic,0.0,0.0,0
1,op_00283,stages.3.1.transformer.1.mlp.fc1,t,ffn_linear,electronic,0.0,0.0,0
1,op_00284,stages.3.1.transformer.1.mlp.fc1,Linear,ffn_linear,photonic,1.1085885000032113e-05,1.9371590857158137e-05,1843200
1,op_00285,stages.3.1.transformer.1.mlp.fc1,view,ffn_linear,electronic,0.0,0.0,0
1,op_00286,stages.3.1.transformer.1.mlp.act,silu,normalization_softmax_activation,electronic,1.1043199999996242e-06,4.773887999999504e-06,0
1,op_00287,stages.3.1.transformer.1.mlp.fc2,view,ffn_linear,electronic,0.0,0.0,0
1,op_00288,stages.3.1.transformer.1.mlp.fc2,t,ffn_linear,electronic,0.0,0.0,0
1,op_00289,stages.3.1.transformer.1.mlp.fc2,Linear,ffn_linear,photonic,1.132084250003067e-05,1.9701822857157852e-05,1843200
1,op_00290,stages.3.1.transformer.1.mlp.fc2,view,ffn_linear,electronic,0.0,0.0,0
1,op_00291,stages.3.1.transformer.1,add,control_residual,electronic,7.515199999998806e-07,3.4663679999991093e-06,0
1,op_00292,stages.3.1.transformer.2.norm1,native_layer_norm,normalization_softmax_activation,electronic,6.378480000000276e-07,2.4125632000007724e-06,0
1,op_00293,stages.3.1.transformer.2.attn.qkv,view,qkv_projection,electronic,0.0,0.0,0
1,op_00294,stages.3.1.transformer.2.attn.qkv,t,qkv_projection,electronic,0.0,0.0,0
1,op_00295,stages.3.1.transformer.2.attn.qkv,Linear,qkv_projection,photonic,1.6511727500048787e-05,2.844855428573833e-05,2764800
1,op_00296,stages.3.1.transformer.2.attn.qkv,view,qkv_projection,electronic,0.0,0.0,0
1,op_00297,stages.3.1.transformer.2.attn,view,control_residual,electronic,0.0,0.0,0
1,op_00298,stages.3.1.transformer.2.attn,permute,control_residual,electronic,0.0,0.0,0
1,op_00299,stages.3.1.transformer.2.attn,unbind,control_residual,electronic,0.0,0.0,0
1,op_00300,stages.3.1.transformer.2.attn,mul,control_residual,electronic,5.715200000000822e-07,2.3143679999991854e-06,0
1,op_00301,stages.3.1.transformer.2.attn,transpose,control_residual,electronic,0.0,0.0,0
1,op_00302,stages.3.1.transformer.2.attn,expand,control_residual,electronic,0.0,0.0,0
1,op_00303,stages.3.1.transformer.2.attn,clone,control_residual,electronic,5.600000000001437e-07,2.303999999999848e-06,0
1,op_00304,stages.3.1.transformer.2.attn,_unsafe_view,control_residual,electronic,0.0,0.0,0
1,op_00305,stages.3.1.transformer.2.attn,expand,control_residual,electronic,0.0,0.0,0
1,op_00306,stages.3.1.transformer.2.attn,clone,control_residual,electronic,5.600000000001437e-07,2.303999999999848e-06,0
1,op_00307,stages.3.1.transformer.2.attn,_unsafe_view,control_residual,electronic,0.0,0.0,0
1,op_00308,stages.3.1.transformer.2.attn,MatMul,attention_score,photonic,4.7271520000119124e-06,1.2897576228556619e-05,414720
1,op_00309,stages.3.1.transformer.2.attn,_unsafe_view,control_residual,electronic,0.0,0.0,0
1,op_00310,stages.3.1.transformer.2.attn,_softmax,control_residual,electronic,9.516800000002219e-07,4.240512000000529e-06,0
1,op_00311,stages.3.1.transformer.2.attn,expand,control_residual,electronic,0.0,0.0,0
1,op_00312,stages.3.1.transformer.2.attn,view,control_residual,electronic,0.0,0.0,0
1,op_00313,stages.3.1.transformer.2.attn,expand,control_residual,electronic,0.0,0.0,0
1,op_00314,stages.3.1.transformer.2.attn,clone,control_residual,electronic,5.600000000001437e-07,2.303999999999848e-06,0
1,op_00315,stages.3.1.transformer.2.attn,_unsafe_view,control_residual,electronic,0.0,0.0,0
1,op_00316,stages.3.1.transformer.2.attn,MatMul,attention_value,photonic,4.325420000017739e-06,1.2199647085701926e-05,414720
1,op_00317,stages.3.1.transformer.2.attn,_unsafe_view,control_residual,electronic,0.0,0.0,0
1,op_00318,stages.3.1.transformer.2.attn,transpose,control_residual,electronic,0.0,0.0,0
1,op_00319,stages.3.1.transformer.2.attn,clone,control_residual,electronic,5.600000000001437e-07,2.303999999999848e-06,0
1,op_00320,stages.3.1.transformer.2.attn,_unsafe_view,control_residual,electronic,0.0,0.0,0
1,op_00321,stages.3.1.transformer.2.attn.proj,view,attention_output_projection,electronic,0.0,0.0,0
1,op_00322,stages.3.1.transformer.2.attn.proj,t,attention_output_projection,electronic,0.0,0.0,0
1,op_00323,stages.3.1.transformer.2.attn.proj,Linear,attention_output_projection,photonic,5.8508425000163185e-06,1.0294627428578812e-05,921600
1,op_00324,stages.3.1.transformer.2.attn.proj,view,attention_output_projection,electronic,0.0,0.0,0
1,op_00325,stages.3.1.transformer.2,add,control_residual,electronic,7.515199999998806e-07,3.4663679999999766e-06,0
1,op_00326,stages.3.1.transformer.2.norm2,native_layer_norm,normalization_softmax_activation,electronic,6.378480000000276e-07,2.412563199999905e-06,0
1,op_00327,stages.3.1.transformer.2.mlp.fc1,view,ffn_linear,electronic,0.0,0.0,0
1,op_00328,stages.3.1.transformer.2.mlp.fc1,t,ffn_linear,electronic,0.0,0.0,0
1,op_00329,stages.3.1.transformer.2.mlp.fc1,Linear,ffn_linear,photonic,1.1085885000032113e-05,1.937159085715727e-05,1843200
1,op_00330,stages.3.1.transformer.2.mlp.fc1,view,ffn_linear,electronic,0.0,0.0,0
1,op_00331,stages.3.1.transformer.2.mlp.act,silu,normalization_softmax_activation,electronic,1.1043199999996242e-06,4.773888000000372e-06,0
1,op_00332,stages.3.1.transformer.2.mlp.fc2,view,ffn_linear,electronic,0.0,0.0,0
1,op_00333,stages.3.1.transformer.2.mlp.fc2,t,ffn_linear,electronic,0.0,0.0,0
1,op_00334,stages.3.1.transformer.2.mlp.fc2,Linear,ffn_linear,photonic,1.132084250003067e-05,1.9701822857157852e-05,1843200
1,op_00335,stages.3.1.transformer.2.mlp.fc2,view,ffn_linear,electronic,0.0,0.0,0
1,op_00336,stages.3.1.transformer.2,add,control_residual,electronic,7.515199999998806e-07,3.4663679999991093e-06,0
1,op_00337,stages.3.1.transformer.3.norm1,native_layer_norm,normalization_softmax_activation,electronic,6.378480000000276e-07,2.4125632000007724e-06,0
1,op_00338,stages.3.1.transformer.3.attn.qkv,view,qkv_projection,electronic,0.0,0.0,0
1,op_00339,stages.3.1.transformer.3.attn.qkv,t,qkv_projection,electronic,0.0,0.0,0
1,op_00340,stages.3.1.transformer.3.attn.qkv,Linear,qkv_projection,photonic,1.6511727500048787e-05,2.8448554285736595e-05,2764800
1,op_00341,stages.3.1.transformer.3.attn.qkv,view,qkv_projection,electronic,0.0,0.0,0
1,op_00342,stages.3.1.transformer.3.attn,view,control_residual,electronic,0.0,0.0,0
1,op_00343,stages.3.1.transformer.3.attn,permute,control_residual,electronic,0.0,0.0,0
1,op_00344,stages.3.1.transformer.3.attn,unbind,control_residual,electronic,0.0,0.0,0
1,op_00345,stages.3.1.transformer.3.attn,mul,control_residual,electronic,5.715200000000822e-07,2.3143680000000527e-06,0
1,op_00346,stages.3.1.transformer.3.attn,transpose,control_residual,electronic,0.0,0.0,0
1,op_00347,stages.3.1.transformer.3.attn,expand,control_residual,electronic,0.0,0.0,0
1,op_00348,stages.3.1.transformer.3.attn,clone,control_residual,electronic,5.600000000001437e-07,2.303999999999848e-06,0
1,op_00349,stages.3.1.transformer.3.attn,_unsafe_view,control_residual,electronic,0.0,0.0,0
1,op_00350,stages.3.1.transformer.3.attn,expand,control_residual,electronic,0.0,0.0,0
1,op_00351,stages.3.1.transformer.3.attn,clone,control_residual,electronic,5.600000000001437e-07,2.303999999999848e-06,0
1,op_00352,stages.3.1.transformer.3.attn,_unsafe_view,control_residual,electronic,0.0,0.0,0
1,op_00353,stages.3.1.transformer.3.attn,MatMul,attention_score,photonic,4.7271520000119124e-06,1.2897576228556619e-05,414720
1,op_00354,stages.3.1.transformer.3.attn,_unsafe_view,control_residual,electronic,0.0,0.0,0
1,op_00355,stages.3.1.transformer.3.attn,_softmax,control_residual,electronic,9.516800000002219e-07,4.240512000000529e-06,0
1,op_00356,stages.3.1.transformer.3.attn,expand,control_residual,electronic,0.0,0.0,0
1,op_00357,stages.3.1.transformer.3.attn,view,control_residual,electronic,0.0,0.0,0
1,op_00358,stages.3.1.transformer.3.attn,expand,control_residual,electronic,0.0,0.0,0
1,op_00359,stages.3.1.transformer.3.attn,clone,control_residual,electronic,5.600000000001437e-07,2.303999999999848e-06,0
1,op_00360,stages.3.1.transformer.3.attn,_unsafe_view,control_residual,electronic,0.0,0.0,0
1,op_00361,stages.3.1.transformer.3.attn,MatMul,attention_value,photonic,4.325420000017739e-06,1.2199647085702793e-05,414720
1,op_00362,stages.3.1.transformer.3.attn,_unsafe_view,control_residual,electronic,0.0,0.0,0
1,op_00363,stages.3.1.transformer.3.attn,transpose,control_residual,electronic,0.0,0.0,0
1,op_00364,stages.3.1.transformer.3.attn,clone,control_residual,electronic,5.600000000001437e-07,2.303999999999848e-06,0
1,op_00365,stages.3.1.transformer.3.attn,_unsafe_view,control_residual,electronic,0.0,0.0,0
1,op_00366,stages.3.1.transformer.3.attn.proj,view,attention_output_projection,electronic,0.0,0.0,0
1,op_00367,stages.3.1.transformer.3.attn.proj,t,attention_output_projection,electronic,0.0,0.0,0
1,op_00368,stages.3.1.transformer.3.attn.proj,Linear,attention_output_projection,photonic,5.8508425000163185e-06,1.0294627428577945e-05,921600
1,op_00369,stages.3.1.transformer.3.attn.proj,view,attention_output_projection,electronic,0.0,0.0,0
1,op_00370,stages.3.1.transformer.3,add,control_residual,electronic,7.515199999998806e-07,3.4663679999991093e-06,0
1,op_00371,stages.3.1.transformer.3.norm2,native_layer_norm,normalization_softmax_activation,electronic,6.378480000000276e-07,2.4125632000007724e-06,0
1,op_00372,stages.3.1.transformer.3.mlp.fc1,view,ffn_linear,electronic,0.0,0.0,0
1,op_00373,stages.3.1.transformer.3.mlp.fc1,t,ffn_linear,electronic,0.0,0.0,0
1,op_00374,stages.3.1.transformer.3.mlp.fc1,Linear,ffn_linear,photonic,1.1085885000032113e-05,1.9371590857158137e-05,1843200
1,op_00375,stages.3.1.transformer.3.mlp.fc1,view,ffn_linear,electronic,0.0,0.0,0
1,op_00376,stages.3.1.transformer.3.mlp.act,silu,normalization_softmax_activation,electronic,1.1043199999996242e-06,4.773887999999504e-06,0
1,op_00377,stages.3.1.transformer.3.mlp.fc2,view,ffn_linear,electronic,0.0,0.0,0
1,op_00378,stages.3.1.transformer.3.mlp.fc2,t,ffn_linear,electronic,0.0,0.0,0
1,op_00379,stages.3.1.transformer.3.mlp.fc2,Linear,ffn_linear,photonic,1.132084250003067e-05,1.9701822857156118e-05,1843200
1,op_00380,stages.3.1.transformer.3.mlp.fc2,view,ffn_linear,electronic,0.0,0.0,0
1,op_00381,stages.3.1.transformer.3,add,control_residual,electronic,7.515199999998806e-07,3.466368000000844e-06,0
1,op_00382,stages.3.1.norm,native_layer_norm,normalization_softmax_activation,electronic,6.378480000000276e-07,2.4125632000007724e-06,0
1,op_00383,stages.3.1,view,control_residual,electronic,0.0,0.0,0
1,op_00384,stages.3.1,transpose,control_residual,electronic,0.0,0.0,0
1,op_00385,stages.3.1,clone,control_residual,electronic,5.600000000001437e-07,2.303999999999848e-06,0
1,op_00386,stages.3.1,_unsafe_view,control_residual,electronic,0.0,0.0,0
1,op_00387,stages.3.1,transpose,control_residual,electronic,0.0,0.0,0
1,op_00388,stages.3.1,clone,control_residual,electronic,5.600000000001437e-07,2.303999999999848e-06,0
1,op_00389,stages.3.1,_unsafe_view,control_residual,electronic,0.0,0.0,0
1,op_00390,stages.3.1.conv_proj.conv,Conv2d,pointwise_conv,photonic,4.6881040000131165e-06,8.472469942863957e-06,737280
1,op_00391,stages.3.1.conv_proj.bn,empty,normalization_softmax_activation,electronic,0.0,0.0,0
1,op_00392,stages.3.1.conv_proj.bn,native_batch_norm,normalization_softmax_activation,electronic,5.47295999999732e-07,1.918566399999877e-06,0
1,op_00393,stages.3.1.conv_proj.bn.act,silu_,normalization_softmax_activation,electronic,5.617279999997442e-07,1.909555200001016e-06,0
1,op_00394,stages.3.1,cat,control_residual,electronic,7.760000000000752e-07,3.6863999999994096e-06,0
1,op_00395,stages.3.1.conv_fusion.conv,Conv2d,spatial_conv,electronic,3.0433664000980784e-06,7.431782399994202e-06,10616832
1,op_00396,stages.3.1.conv_fusion.bn,empty,normalization_softmax_activation,electronic,0.0,0.0,0
1,op_00397,stages.3.1.conv_fusion.bn,native_batch_norm,normalization_softmax_activation,electronic,5.47295999999732e-07,1.9185664000007444e-06,0
1,op_00398,stages.3.1.conv_fusion.bn.act,silu_,normalization_softmax_activation,electronic,5.617279999997442e-07,1.9095552000001487e-06,0
1,op_00399,stages.4.0.conv1_1x1.conv,Conv2d,pointwise_conv,photonic,7.197280000021452e-06,1.286309302858061e-05,1179648
1,op_00400,stages.4.0.conv1_1x1.bn,empty,normalization_softmax_activation,electronic,0.0,0.0,0
1,op_00401,stages.4.0.conv1_1x1.bn,native_batch_norm,normalization_softmax_activation,electronic,8.945920000002182e-07,3.837132799999754e-06,0
1,op_00402,stages.4.0.conv1_1x1.bn.act,silu_,normalization_softmax_activation,electronic,9.234560000002424e-07,3.81911039999943e-06,0
1,op_00403,stages.4.0.conv2_kxk.conv,Conv2d,depthwise_conv,electronic,6.32294400022132e-07,2.413977599998937e-06,41472
1,op_00404,stages.4.0.conv2_kxk.bn,empty,normalization_softmax_activation,electronic,0.0,0.0,0
1,op_00405,stages.4.0.conv2_kxk.bn,native_batch_norm,normalization_softmax_activation,electronic,3.7964800000001714e-07,9.976832000000227e-07,0
1,op_00406,stages.4.0.conv2_kxk.bn.act,silu_,normalization_softmax_activation,electronic,3.808640000003624e-07,9.547776000000743e-07,0
1,op_00407,stages.4.0.conv3_1x1.conv,Conv2d,pointwise_conv,photonic,2.4532800000144107e-06,5.50973531427551e-06,368640
1,op_00408,stages.4.0.conv3_1x1.bn,empty,normalization_softmax_activation,electronic,0.0,0.0,0
1,op_00409,stages.4.0.conv3_1x1.bn,native_batch_norm,normalization_softmax_activation,electronic,3.1227999999989056e-07,6.235520000003394e-07,0
1,op_00410,stages.4.1.conv_kxk.conv,Conv2d,spatial_conv,electronic,9.297200000766941e-07,1.7337599999955183e-06,2073600
1,op_00411,stages.4.1.conv_kxk.bn,empty,normalization_softmax_activation,electronic,0.0,0.0,0
1,op_00412,stages.4.1.conv_kxk.bn,native_batch_norm,normalization_softmax_activation,electronic,3.1227999999989056e-07,6.235520000012068e-07,0
1,op_00413,stages.4.1.conv_kxk.bn.act,silu_,normalization_softmax_activation,electronic,3.130399999998895e-07,5.96735999999938e-07,0
1,op_00414,stages.4.1.conv_1x1,Conv2d,pointwise_conv,photonic,1.8774140000091429e-06,4.17030308570536e-06,276480
1,op_00415,stages.4.1,view,control_residual,electronic,0.0,0.0,0
1,op_00416,stages.4.1,transpose,control_residual,electronic,0.0,0.0,0
1,op_00417,stages.4.1,clone,control_residual,electronic,3.0800000000007904e-07,6.911999999997809e-07,0
1,op_00418,stages.4.1,_unsafe_view,control_residual,electronic,0.0,0.0,0
1,op_00419,stages.4.1,transpose,control_residual,electronic,0.0,0.0,0
1,op_00420,stages.4.1,view,control_residual,electronic,0.0,0.0,0
1,op_00421,stages.4.1.transformer.0.norm1,native_layer_norm,normalization_softmax_activation,electronic,3.3329300000006085e-07,7.366512000004863e-07,0
1,op_00422,stages.4.1.transformer.0.attn.qkv,view,qkv_projection,electronic,0.0,0.0,0
1,op_00423,stages.4.1.transformer.0.attn.qkv,t,qkv_projection,electronic,0.0,0.0,0
1,op_00424,stages.4.1.transformer.0.attn.qkv,Linear,qkv_projection,photonic,6.111389000034925e-06,1.4154718628540952e-05,995328
1,op_00425,stages.4.1.transformer.0.attn.qkv,view,qkv_projection,electronic,0.0,0.0,0
1,op_00426,stages.4.1.transformer.0.attn,view,control_residual,electronic,0.0,0.0,0
1,op_00427,stages.4.1.transformer.0.attn,permute,control_residual,electronic,0.0,0.0,0
1,op_00428,stages.4.1.transformer.0.attn,unbind,control_residual,electronic,0.0,0.0,0
1,op_00429,stages.4.1.transformer.0.attn,mul,control_residual,electronic,3.1145600000014734e-07,6.943103999998423e-07,0
1,op_00430,stages.4.1.transformer.0.attn,transpose,control_residual,electronic,0.0,0.0,0
1,op_00431,stages.4.1.transformer.0.attn,expand,control_residual,electronic,0.0,0.0,0
1,op_00432,stages.4.1.transformer.0.attn,clone,control_residual,electronic,3.0800000000007904e-07,6.911999999997809e-07,0
1,op_00433,stages.4.1.transformer.0.attn,_unsafe_view,control_residual,electronic,0.0,0.0,0
1,op_00434,stages.4.1.transformer.0.attn,expand,control_residual,electronic,0.0,0.0,0
1,op_00435,stages.4.1.transformer.0.attn,clone,control_residual,electronic,3.0800000000007904e-07,6.911999999997809e-07,0
1,op_00436,stages.4.1.transformer.0.attn,_unsafe_view,control_residual,electronic,0.0,0.0,0
1,op_00437,stages.4.1.transformer.0.attn,MatMul,attention_score,photonic,6.883719999915654e-07,2.8403412571488887e-06,31104
1,op_00438,stages.4.1.transformer.0.attn,_unsafe_view,control_residual,electronic,0.0,0.0,0
1,op_00439,stages.4.1.transformer.0.attn,_softmax,control_residual,electronic,2.469800000001743e-07,2.650320000000331e-07,0
1,op_00440,stages.4.1.transformer.0.attn,expand,control_residual,electronic,0.0,0.0,0
1,op_00441,stages.4.1.transformer.0.attn,view,control_residual,electronic,0.0,0.0,0
1,op_00442,stages.4.1.transformer.0.attn,expand,control_residual,electronic,0.0,0.0,0
1,op_00443,stages.4.1.transformer.0.attn,clone,control_residual,electronic,3.0800000000007904e-07,6.911999999997809e-07,0
1,op_00444,stages.4.1.transformer.0.attn,_unsafe_view,control_residual,electronic,0.0,0.0,0
1,op_00445,stages.4.1.transformer.0.attn,MatMul,attention_value,photonic,6.263742499891707e-07,2.3682123428559604e-06,31104
1,op_00446,stages.4.1.transformer.0.attn,_unsafe_view,control_residual,electronic,0.0,0.0,0
1,op_00447,stages.4.1.transformer.0.attn,transpose,control_residual,electronic,0.0,0.0,0
1,op_00448,stages.4.1.transformer.0.attn,clone,control_residual,electronic,3.0800000000007904e-07,6.911999999997809e-07,0
1,op_00449,stages.4.1.transformer.0.attn,_unsafe_view,control_residual,electronic,0.0,0.0,0
1,op_00450,stages.4.1.transformer.0.attn.proj,view,attention_output_projection,electronic,0.0,0.0,0
1,op_00451,stages.4.1.transformer.0.attn.proj,t,attention_output_projection,electronic,0.0,0.0,0
1,op_00452,stages.4.1.transformer.0.attn.proj,Linear,attention_output_projection,photonic,2.2154630000118837e-06,4.9617723428471705e-06,331776
1,op_00453,stages.4.1.transformer.0.attn.proj,view,attention_output_projection,electronic,0.0,0.0,0
1,op_00454,stages.4.1.transformer.0,add,control_residual,electronic,3.654559999999134e-07,1.0399103999997328e-06,0
1,op_00455,stages.4.1.transformer.0.norm2,native_layer_norm,normalization_softmax_activation,electronic,3.3329300000006085e-07,7.366511999996189e-07,0
1,op_00456,stages.4.1.transformer.0.mlp.fc1,view,ffn_linear,electronic,0.0,0.0,0
1,op_00457,stages.4.1.transformer.0.mlp.fc1,t,ffn_linear,electronic,0.0,0.0,0
1,op_00458,stages.4.1.transformer.0.mlp.fc1,Linear,ffn_linear,photonic,4.163426000023188e-06,9.558245485694061e-06,663552
1,op_00459,stages.4.1.transformer.0.mlp.fc1,view,ffn_linear,electronic,0.0,0.0,0
1,op_00460,stages.4.1.transformer.0.mlp.act,silu,normalization_softmax_activation,electronic,4.712959999994028e-07,1.4321663999996778e-06,0
1,op_00461,stages.4.1.transformer.0.mlp.fc2,view,ffn_linear,electronic,0.0,0.0,0
1,op_00462,stages.4.1.transformer.0.mlp.fc2,t,ffn_linear,electronic,0.0,0.0,0
1,op_00463,stages.4.1.transformer.0.mlp.fc2,Linear,ffn_linear,photonic,4.232507000027745e-06,9.649704685694808e-06,663552
1,op_00464,stages.4.1.transformer.0.mlp.fc2,view,ffn_linear,electronic,0.0,0.0,0
1,op_00465,stages.4.1.transformer.0,add,control_residual,electronic,3.654559999999134e-07,1.0399103999997328e-06,0
1,op_00466,stages.4.1.transformer.1.norm1,native_layer_norm,normalization_softmax_activation,electronic,3.3329300000006085e-07,7.366512000004863e-07,0
1,op_00467,stages.4.1.transformer.1.attn.qkv,view,qkv_projection,electronic,0.0,0.0,0
1,op_00468,stages.4.1.transformer.1.attn.qkv,t,qkv_projection,electronic,0.0,0.0,0
1,op_00469,stages.4.1.transformer.1.attn.qkv,Linear,qkv_projection,photonic,6.111389000034925e-06,1.4154718628540952e-05,995328
1,op_00470,stages.4.1.transformer.1.attn.qkv,view,qkv_projection,electronic,0.0,0.0,0
1,op_00471,stages.4.1.transformer.1.attn,view,control_residual,electronic,0.0,0.0,0
1,op_00472,stages.4.1.transformer.1.attn,permute,control_residual,electronic,0.0,0.0,0
1,op_00473,stages.4.1.transformer.1.attn,unbind,control_residual,electronic,0.0,0.0,0
1,op_00474,stages.4.1.transformer.1.attn,mul,control_residual,electronic,3.1145600000014734e-07,6.94310399998975e-07,0
1,op_00475,stages.4.1.transformer.1.attn,transpose,control_residual,electronic,0.0,0.0,0
1,op_00476,stages.4.1.transformer.1.attn,expand,control_residual,electronic,0.0,0.0,0
1,op_00477,stages.4.1.transformer.1.attn,clone,control_residual,electronic,3.0800000000007904e-07,6.911999999997809e-07,0
1,op_00478,stages.4.1.transformer.1.attn,_unsafe_view,control_residual,electronic,0.0,0.0,0
1,op_00479,stages.4.1.transformer.1.attn,expand,control_residual,electronic,0.0,0.0,0
1,op_00480,stages.4.1.transformer.1.attn,clone,control_residual,electronic,3.0800000000007904e-07,6.911999999997809e-07,0
1,op_00481,stages.4.1.transformer.1.attn,_unsafe_view,control_residual,electronic,0.0,0.0,0
1,op_00482,stages.4.1.transformer.1.attn,MatMul,attention_score,photonic,6.883719999915654e-07,2.8403412571480213e-06,31104
1,op_00483,stages.4.1.transformer.1.attn,_unsafe_view,control_residual,electronic,0.0,0.0,0
1,op_00484,stages.4.1.transformer.1.attn,_softmax,control_residual,electronic,2.469800000001743e-07,2.650320000000331e-07,0
1,op_00485,stages.4.1.transformer.1.attn,expand,control_residual,electronic,0.0,0.0,0
1,op_00486,stages.4.1.transformer.1.attn,view,control_residual,electronic,0.0,0.0,0
1,op_00487,stages.4.1.transformer.1.attn,expand,control_residual,electronic,0.0,0.0,0
1,op_00488,stages.4.1.transformer.1.attn,clone,control_residual,electronic,3.0800000000007904e-07,6.911999999997809e-07,0
1,op_00489,stages.4.1.transformer.1.attn,_unsafe_view,control_residual,electronic,0.0,0.0,0
1,op_00490,stages.4.1.transformer.1.attn,MatMul,attention_value,photonic,6.263742499891707e-07,2.368212342857695e-06,31104
1,op_00491,stages.4.1.transformer.1.attn,_unsafe_view,control_residual,electronic,0.0,0.0,0
1,op_00492,stages.4.1.transformer.1.attn,transpose,control_residual,electronic,0.0,0.0,0
1,op_00493,stages.4.1.transformer.1.attn,clone,control_residual,electronic,3.0800000000007904e-07,6.911999999997809e-07,0
1,op_00494,stages.4.1.transformer.1.attn,_unsafe_view,control_residual,electronic,0.0,0.0,0
1,op_00495,stages.4.1.transformer.1.attn.proj,view,attention_output_projection,electronic,0.0,0.0,0
1,op_00496,stages.4.1.transformer.1.attn.proj,t,attention_output_projection,electronic,0.0,0.0,0
1,op_00497,stages.4.1.transformer.1.attn.proj,Linear,attention_output_projection,photonic,2.2154630000118837e-06,4.961772342846303e-06,331776
1,op_00498,stages.4.1.transformer.1.attn.proj,view,attention_output_projection,electronic,0.0,0.0,0
1,op_00499,stages.4.1.transformer.1,add,control_residual,electronic,3.654559999999134e-07,1.0399103999997328e-06,0
1,op_00500,stages.4.1.transformer.1.norm2,native_layer_norm,normalization_softmax_activation,electronic,3.3329300000006085e-07,7.366512000004863e-07,0
1,op_00501,stages.4.1.transformer.1.mlp.fc1,view,ffn_linear,electronic,0.0,0.0,0
1,op_00502,stages.4.1.transformer.1.mlp.fc1,t,ffn_linear,electronic,0.0,0.0,0
1,op_00503,stages.4.1.transformer.1.mlp.fc1,Linear,ffn_linear,photonic,4.163426000023188e-06,9.558245485694061e-06,663552
1,op_00504,stages.4.1.transformer.1.mlp.fc1,view,ffn_linear,electronic,0.0,0.0,0
1,op_00505,stages.4.1.transformer.1.mlp.act,silu,normalization_softmax_activation,electronic,4.712959999994028e-07,1.4321663999996778e-06,0
1,op_00506,stages.4.1.transformer.1.mlp.fc2,view,ffn_linear,electronic,0.0,0.0,0
1,op_00507,stages.4.1.transformer.1.mlp.fc2,t,ffn_linear,electronic,0.0,0.0,0
1,op_00508,stages.4.1.transformer.1.mlp.fc2,Linear,ffn_linear,photonic,4.232507000027745e-06,9.649704685694808e-06,663552
1,op_00509,stages.4.1.transformer.1.mlp.fc2,view,ffn_linear,electronic,0.0,0.0,0
1,op_00510,stages.4.1.transformer.1,add,control_residual,electronic,3.654559999999134e-07,1.0399103999997328e-06,0
1,op_00511,stages.4.1.transformer.2.norm1,native_layer_norm,normalization_softmax_activation,electronic,3.3329300000006085e-07,7.366511999996189e-07,0
1,op_00512,stages.4.1.transformer.2.attn.qkv,view,qkv_projection,electronic,0.0,0.0,0
1,op_00513,stages.4.1.transformer.2.attn.qkv,t,qkv_projection,electronic,0.0,0.0,0
1,op_00514,stages.4.1.transformer.2.attn.qkv,Linear,qkv_projection,photonic,6.111389000034925e-06,1.4154718628540952e-05,995328
1,op_00515,stages.4.1.transformer.2.attn.qkv,view,qkv_projection,electronic,0.0,0.0,0
1,op_00516,stages.4.1.transformer.2.attn,view,control_residual,electronic,0.0,0.0,0
1,op_00517,stages.4.1.transformer.2.attn,permute,control_residual,electronic,0.0,0.0,0
1,op_00518,stages.4.1.transformer.2.attn,unbind,control_residual,electronic,0.0,0.0,0
1,op_00519,stages.4.1.transformer.2.attn,mul,control_residual,electronic,3.1145600000014734e-07,6.943103999998423e-07,0
1,op_00520,stages.4.1.transformer.2.attn,transpose,control_residual,electronic,0.0,0.0,0
1,op_00521,stages.4.1.transformer.2.attn,expand,control_residual,electronic,0.0,0.0,0
1,op_00522,stages.4.1.transformer.2.attn,clone,control_residual,electronic,3.0800000000007904e-07,6.911999999997809e-07,0
1,op_00523,stages.4.1.transformer.2.attn,_unsafe_view,control_residual,electronic,0.0,0.0,0
1,op_00524,stages.4.1.transformer.2.attn,expand,control_residual,electronic,0.0,0.0,0
1,op_00525,stages.4.1.transformer.2.attn,clone,control_residual,electronic,3.0800000000007904e-07,6.911999999997809e-07,0
1,op_00526,stages.4.1.transformer.2.attn,_unsafe_view,control_residual,electronic,0.0,0.0,0
1,op_00527,stages.4.1.transformer.2.attn,MatMul,attention_score,photonic,6.883719999915654e-07,2.8403412571488887e-06,31104
1,op_00528,stages.4.1.transformer.2.attn,_unsafe_view,control_residual,electronic,0.0,0.0,0
1,op_00529,stages.4.1.transformer.2.attn,_softmax,control_residual,electronic,2.469800000001743e-07,2.650320000000331e-07,0
1,op_00530,stages.4.1.transformer.2.attn,expand,control_residual,electronic,0.0,0.0,0
1,op_00531,stages.4.1.transformer.2.attn,view,control_residual,electronic,0.0,0.0,0
1,op_00532,stages.4.1.transformer.2.attn,expand,control_residual,electronic,0.0,0.0,0
1,op_00533,stages.4.1.transformer.2.attn,clone,control_residual,electronic,3.0800000000007904e-07,6.911999999997809e-07,0
1,op_00534,stages.4.1.transformer.2.attn,_unsafe_view,control_residual,electronic,0.0,0.0,0
1,op_00535,stages.4.1.transformer.2.attn,MatMul,attention_value,photonic,6.263742499891707e-07,2.3682123428568277e-06,31104
1,op_00536,stages.4.1.transformer.2.attn,_unsafe_view,control_residual,electronic,0.0,0.0,0
1,op_00537,stages.4.1.transformer.2.attn,transpose,control_residual,electronic,0.0,0.0,0
1,op_00538,stages.4.1.transformer.2.attn,clone,control_residual,electronic,3.0800000000007904e-07,6.911999999997809e-07,0
1,op_00539,stages.4.1.transformer.2.attn,_unsafe_view,control_residual,electronic,0.0,0.0,0
1,op_00540,stages.4.1.transformer.2.attn.proj,view,attention_output_projection,electronic,0.0,0.0,0
1,op_00541,stages.4.1.transformer.2.attn.proj,t,attention_output_projection,electronic,0.0,0.0,0
1,op_00542,stages.4.1.transformer.2.attn.proj,Linear,attention_output_projection,photonic,2.2154630000118837e-06,4.961772342846303e-06,331776
1,op_00543,stages.4.1.transformer.2.attn.proj,view,attention_output_projection,electronic,0.0,0.0,0
1,op_00544,stages.4.1.transformer.2,add,control_residual,electronic,3.654559999999134e-07,1.0399103999997328e-06,0
1,op_00545,stages.4.1.transformer.2.norm2,native_layer_norm,normalization_softmax_activation,electronic,3.3329300000006085e-07,7.366511999996189e-07,0
1,op_00546,stages.4.1.transformer.2.mlp.fc1,view,ffn_linear,electronic,0.0,0.0,0
1,op_00547,stages.4.1.transformer.2.mlp.fc1,t,ffn_linear,electronic,0.0,0.0,0
1,op_00548,stages.4.1.transformer.2.mlp.fc1,Linear,ffn_linear,photonic,4.163426000023188e-06,9.558245485694061e-06,663552
1,op_00549,stages.4.1.transformer.2.mlp.fc1,view,ffn_linear,electronic,0.0,0.0,0
1,op_00550,stages.4.1.transformer.2.mlp.act,silu,normalization_softmax_activation,electronic,4.712959999994028e-07,1.4321663999996778e-06,0
1,op_00551,stages.4.1.transformer.2.mlp.fc2,view,ffn_linear,electronic,0.0,0.0,0
1,op_00552,stages.4.1.transformer.2.mlp.fc2,t,ffn_linear,electronic,0.0,0.0,0
1,op_00553,stages.4.1.transformer.2.mlp.fc2,Linear,ffn_linear,photonic,4.232507000027745e-06,9.649704685695676e-06,663552
1,op_00554,stages.4.1.transformer.2.mlp.fc2,view,ffn_linear,electronic,0.0,0.0,0
1,op_00555,stages.4.1.transformer.2,add,control_residual,electronic,3.654559999999134e-07,1.0399103999997328e-06,0
1,op_00556,stages.4.1.norm,native_layer_norm,normalization_softmax_activation,electronic,3.3329300000006085e-07,7.366511999996189e-07,0
1,op_00557,stages.4.1,view,control_residual,electronic,0.0,0.0,0
1,op_00558,stages.4.1,transpose,control_residual,electronic,0.0,0.0,0
1,op_00559,stages.4.1,clone,control_residual,electronic,3.0800000000007904e-07,6.911999999997809e-07,0
1,op_00560,stages.4.1,_unsafe_view,control_residual,electronic,0.0,0.0,0
1,op_00561,stages.4.1,transpose,control_residual,electronic,0.0,0.0,0
1,op_00562,stages.4.1,clone,control_residual,electronic,3.0800000000007904e-07,6.911999999997809e-07,0
1,op_00563,stages.4.1,_unsafe_view,control_residual,electronic,0.0,0.0,0
1,op_00564,stages.4.1.conv_proj.conv,Conv2d,pointwise_conv,photonic,1.8892400000095934e-06,4.187237485705694e-06,276480
1,op_00565,stages.4.1.conv_proj.bn,empty,normalization_softmax_activation,electronic,0.0,0.0,0
1,op_00566,stages.4.1.conv_proj.bn,native_batch_norm,normalization_softmax_activation,electronic,3.1227999999989056e-07,6.235519999994721e-07,0
1,op_00567,stages.4.1.conv_proj.bn.act,silu_,normalization_softmax_activation,electronic,3.130399999998895e-07,5.967360000008054e-07,0
1,op_00568,stages.4.1,cat,control_residual,electronic,3.8000000000034534e-07,1.1520000000007913e-06,0
1,op_00569,stages.4.1.conv_fusion.conv,Conv2d,spatial_conv,electronic,1.614440000153542e-06,3.179519999991706e-06,4147200
1,op_00570,stages.4.1.conv_fusion.bn,empty,normalization_softmax_activation,electronic,0.0,0.0,0
1,op_00571,stages.4.1.conv_fusion.bn,native_batch_norm,normalization_softmax_activation,electronic,3.1227999999989056e-07,6.235520000012068e-07,0
1,op_00572,stages.4.1.conv_fusion.bn.act,silu_,normalization_softmax_activation,electronic,3.130399999998895e-07,5.967359999990707e-07,0
1,op_00573,final_conv.conv,Conv2d,pointwise_conv,photonic,2.616013000008178e-05,1.5896626285689594e-05,921600
1,op_00574,final_conv.bn,empty,normalization_softmax_activation,electronic,0.0,0.0,0
1,op_00575,final_conv.bn,native_batch_norm,normalization_softmax_activation,electronic,6.491200000000898e-07,2.4942080000004904e-06,0
1,op_00576,final_conv.bn.act,silu_,normalization_softmax_activation,electronic,6.521600000000856e-07,2.386943999999752e-06,0
1,op_00577,head.global_pool.pool,mean,control_residual,electronic,3.965199999998205e-07,1.1943679999997653e-06,0
1,op_00578,head.global_pool.flatten,view,control_residual,electronic,0.0,0.0,0
1,op_00579,head.fc,t,classifier_linear,electronic,0.0,0.0,0
1,op_00580,head.fc,Linear,classifier_linear,photonic,0.0002554704062504758,9.953006857200096e-05,320000
