path,label,synset,class_name,image_sha256
imagenette2-160/val/n01440764/n01440764_10040.JPEG,0,n01440764,tench,664b010cf9322e1aafb79cfc4c1833d16afa64a7b944c8599c7dd1f3fd2982f9
imagenette2-160/val/n01440764/n01440764_10042.JPEG,0,n01440764,tench,632142982c74fc75883792e4c502f95b78ef608ea7032b7b2471ff633f09e253
imagenette2-160/val/n01440764/n01440764_10110.JPEG,0,n01440764,tench,1ba8bcf4a403f79ffb5ad6fa4514b81fe01b7a7a2ac505977b3aff787f14bf40
imagenette2-160/val/n01440764/n01440764_10150.JPEG,0,n01440764,tench,4f2b0f8f7e7593ffd1eee01db869d8fda76ed5fc51070f70321e478807b6a6cc
imagenette2-160/val/n01440764/n01440764_10162.JPEG,0,n01440764,tench,2c60a2da083b6dab1420a2a75fd69e98618dce932869fa4780a154d7733291ab
imagenette2-160/val/n01440764/n01440764_10281.JPEG,0,n01440764,tench,4c2acffba08f8792242a0cd0ec4fb7b078406e33b967fdc7e5be63c61ff57970
imagenette2-160/val/n01440764/n01440764_10331.JPEG,0,n01440764,tench,ceb2d3b04ed104d39bcc48e61a7ac035d744ae9229f69e467390f46550689ab1
imagenette2-160/val/n01440764/n01440764_10361.JPEG,0,n01440764,tench,a0304ed4937388717f3058c5d58f83571795fa6a9b3ebd515d1dd8bc2a92e3df
imagenette2-160/val/n01440764/n01440764_10410.JPEG,0,n01440764,tench,99e1eac0f2bd48cc7c475c978d8612cc68bcfc5c8a42697f5c265e67febd247a
imagenette2-160/val/n01440764/n01440764_10482.JPEG,0,n01440764,tench,b6a31b6264f9b1a979bdbf3d0a28779859528dacd59b74e53e47f468eed6c9c0
imagenette2-160/val/n01440764/n01440764_10531.JPEG,0,n01440764,tench,2cf47c3b601b07240d88da00d04745f9963e3cb53957da862c1b0525dea56236
imagenette2-160/val/n01440764/n01440764_10550.JPEG,0,n01440764,tench,9871391be17f4018fe4b2213b5d60e113a43576a3325ad581f7bd0f11abb5771
imagenette2-160/val/n01440764/n01440764_10592.JPEG,0,n01440764,tench,917867323710069b9dd41bb941b5f4f8ff12098ffc2730eb37228d81a8f2b767
imagenette2-160/val/n01440764/n01440764_10812.JPEG,0,n01440764,tench,e45a4156f219ddf5bc6069abb5d3241db8b7fbfaa94fae88d968bb4a2786aaef
imagenette2-160/val/n01440764/n01440764_11151.JPEG,0,n01440764,tench,78d621d9d455ba98da1b7051fa2dd6f5c5f83b783fc72eee400ef25304e7f1d5
imagenette2-160/val/n01440764/n01440764_11170.JPEG,0,n01440764,tench,72a73f3a920c29a8266a9276f7108e599a4a42367f96f8ce22211c1e0aee4d54
imagenette2-160/val/n01440764/n01440764_11350.JPEG,0,n01440764,tench,4dd28f3127dc15219776684a3861001e92d42dca7b6be38785d555b642f76986
imagenette2-160/val/n01440764/n01440764_11650.JPEG,0,n01440764,tench,f37a96a8e4a8d14ee979cce57752b01307428b83f2fb56606df612f62ce586ce
imagenette2-160/val/n01440764/n01440764_11750.JPEG,0,n01440764,tench,c38c49fc004c7d962fbe7a93d125a8da7643741f31bcf6b776f7203635db2bb5
imagenette2-160/val/n01440764/n01440764_11830.JPEG,0,n01440764,tench,34dce0b35ac43efd122eefa93d811334cc88f3989fab9e9ed354d2cc0df0301f
imagenette2-160/val/n01440764/n01440764_11930.JPEG,0,n01440764,tench,be05c17f662980134e2b7518a1eee7281fd24c5f870b9ad79d29a06e2e713b73
imagenette2-160/val/n01440764/n01440764_12021.JPEG,0,n01440764,tench,b396093df2249c3d3c7af725709334f40d819c7df4e3b90b3f6916bfe7c8f62e
imagenette2-160/val/n01440764/n01440764_12040.JPEG,0,n01440764,tench,d527c4ee0177d36ff643a26eb391fdc179f32ef590588f0ecb269c71753d5614
imagenette2-160/val/n01440764/n01440764_12100.JPEG,0,n01440764,tench,3c47dd58dc538c6121414c3043ad0d4a365bf25880df7bdfd7734d7951ca2566
imagenette2-160/val/n01440764/n01440764_12111.JPEG,0,n01440764,tench,895afda81112542d72f89ef48c347ed2f7ada1d832988a9f1b02e219a321ae18
imagenette2-160/val/n01440764/n01440764_12502.JPEG,0,n01440764,tench,ea79209d63580fb0bbbc3b4a3c38ded43f309abfc56ca160669a385964cc9306
imagenette2-160/val/n01440764/n01440764_12732.JPEG,0,n01440764,tench,d9e838195d850841b1aa8a386b293e3613aa6c36c07065fa11532461e4cadc27
imagenette2-160/val/n01440764/n01440764_1310.JPEG,0,n01440764,tench,b0afeb309574b713d4eaea940dfcf6f2078cc1e01141474ff49e0b6dc0e73dbf
imagenette2-160/val/n01440764/n01440764_13122.JPEG,0,n01440764,tench,c50318d3fb695e6c6467e5b4f6df4c0e6a31131723338724d5adfc83a619f94e
imagenette2-160/val/n01440764/n01440764_13161.JPEG,0,n01440764,tench,20f25ae3ead2292f1a17c359c65823006475fefdf4919c8a0e756916f579af67
imagenette2-160/val/n01440764/n01440764_13452.JPEG,0,n01440764,tench,cc0f5cb2cfc633447ec7704a33f6459b81270182e7300020862c3dbf4967746e
imagenette2-160/val/n01440764/n01440764_13581.JPEG,0,n01440764,tench,2cd9674f827adbde7902595f17c57c1ccd70f65335da6c59f0b93aea5fa81cfd
imagenette2-160/val/n01440764/n01440764_14232.JPEG,0,n01440764,tench,3bf8d2a2ed8be389196a4fe7d493139e5e45af1ff6dba4bdb7ce13efa978e195
imagenette2-160/val/n01440764/n01440764_14411.JPEG,0,n01440764,tench,a1029f83018a10922a63927b214313a23fa0b40961388d519093d9eea51ada51
imagenette2-160/val/n01440764/n01440764_14650.JPEG,0,n01440764,tench,4048365d64d02100f8f25204873d60f71a0b9c3702a6025c679d6d08c2420046
imagenette2-160/val/n01440764/n01440764_14771.JPEG,0,n01440764,tench,155905d8dc9feaed62660130f7720bb39521aa510b6471e0517521b12004f69f
imagenette2-160/val/n01440764/n01440764_14802.JPEG,0,n01440764,tench,67ef5bdaf48db12d2a30d1efe98a204237a413baedb044d884bb61c18d1a6341
imagenette2-160/val/n01440764/n01440764_14891.JPEG,0,n01440764,tench,023deb1248211468448f0d1a9c9e947929eb5e13d2123afd3f7acabfb0a899cb
imagenette2-160/val/n01440764/n01440764_1552.JPEG,0,n01440764,tench,676c38c038683f049f6ef2a7dd0696805d2078dff92eb4c3e649831e5e0d933c
imagenette2-160/val/n01440764/n01440764_16051.JPEG,0,n01440764,tench,24390312a638325cea3e0827ebabd995b12b035f23598aa9fe8b5f4e0c9432b1
imagenette2-160/val/n01440764/n01440764_16072.JPEG,0,n01440764,tench,edeee65014b402e228dd3f7dcf29d3351f3b89dbaf7d4a4c1ff8c132d9b9bd57
imagenette2-160/val/n01440764/n01440764_16982.JPEG,0,n01440764,tench,ea7875adadc1256e38065609e14afbd2b154a7d1e0154c7d07a6703820874990
imagenette2-160/val/n01440764/n01440764_17050.JPEG,0,n01440764,tench,f96afd552b417d87d4f7c768240d20c4b9d4a340b039644e41414b84a01981e3
imagenette2-160/val/n01440764/n01440764_172.JPEG,0,n01440764,tench,8dfd7d97f8d3b514ff4c0f5d310fc82215e0450e3ce9130bb39a10e30995b8ab
imagenette2-160/val/n01440764/n01440764_17782.JPEG,0,n01440764,tench,8cc64f87f08ef169a4f5140ae7ff9fa98ba38c9154908b7f474d7746afc31373
imagenette2-160/val/n01440764/n01440764_19302.JPEG,0,n01440764,tench,f66427ce917ce405a73b3d4bc340d03ee6e50fb5889b92c8c63881321326aa12
imagenette2-160/val/n01440764/n01440764_1980.JPEG,0,n01440764,tench,9411f79e9d290882f599a2cd52de5d1645846053eb04f5c18707ec68cac8a1e5
imagenette2-160/val/n01440764/n01440764_20592.JPEG,0,n01440764,tench,0fb9569ebf3eadc84d0e48314e2eb5288b7e8a53171d40b94f141950e4192414
imagenette2-160/val/n01440764/n01440764_20650.JPEG,0,n01440764,tench,51a58e85eb04e1df528ed5f60bbb235ba44fe396bf07261876e9da0eafaec199
imagenette2-160/val/n01440764/n01440764_20922.JPEG,0,n01440764,tench,4532a8fd12025469c27ff67f797902b607e9c7e50f63bf57e8ebab9edd8ec286
imagenette2-160/val/n01440764/n01440764_2290.JPEG,0,n01440764,tench,0e3084250514eb8a88e6719b74b7d89f1c18310eb3ef847bfef595a76daa947d
imagenette2-160/val/n01440764/n01440764_25090.JPEG,0,n01440764,tench,f210d4aca891eba12c8eceb240ec1575d734386a6d89f5d673f83ab6e415da33
imagenette2-160/val/n01440764/n01440764_2690.JPEG,0,n01440764,tench,d9f0f5f68dc6f183448bcce8681adf18bba061b1d21835e82e90bd26f0f70c8a
imagenette2-160/val/n01440764/n01440764_2751.JPEG,0,n01440764,tench,d23cb28872708450380765321eb15bc44eeccc281e5ea8d61ed884e098b7a5c6
imagenette2-160/val/n01440764/n01440764_2920.JPEG,0,n01440764,tench,55970d1f5fb418df7691919c13aa480174034247db12d29dce442066b1204126
imagenette2-160/val/n01440764/n01440764_3011.JPEG,0,n01440764,tench,00769961227d9ebf188f188cf8151e990450ec71c5d5dfc07005d9582e0a7991
imagenette2-160/val/n01440764/n01440764_31170.JPEG,0,n01440764,tench,19dfe3ef24fce99f27f1e26eb27e62eb3f1d32737651403718fd91ba34dc6f55
imagenette2-160/val/n01440764/n01440764_3172.JPEG,0,n01440764,tench,a551bd6a079ea5b4b491a84c78171871fd5c2f9a52bc5f2dde38bfb148bcca73
imagenette2-160/val/n01440764/n01440764_3712.JPEG,0,n01440764,tench,0b4bb72dc535e427bfe26a73d9404afe3dd4309fa015eee544777b6d26e40314
imagenette2-160/val/n01440764/n01440764_3761.JPEG,0,n01440764,tench,20f1d7e504818b5f5b54791610c224bbbfdd2c0f8708b1d39f3c72749b004ea5
imagenette2-160/val/n01440764/n01440764_3782.JPEG,0,n01440764,tench,8bb12b2788c0eb0d76042bb877d32d08400b12b2c5a149e461215102aa2a8a3d
imagenette2-160/val/n01440764/n01440764_4540.JPEG,0,n01440764,tench,df3f108446978c71b5d6a33ea2fe58f9d464c29a627d88e1a5eecbb5f1541e84
imagenette2-160/val/n01440764/n01440764_4562.JPEG,0,n01440764,tench,0003a357ada71b39b9b6c7e6aa706d6e25c14607a0b25e528e0f97ae633bf0f9
imagenette2-160/val/n01440764/n01440764_4852.JPEG,0,n01440764,tench,bb706e8368378d4aa34e566e8c936f9a3e5d0f789c6e21a88cce124e36fbf907
imagenette2-160/val/n01440764/n01440764_490.JPEG,0,n01440764,tench,1ac95919cf4f98ea615d51c73b73925b5a77f092beebe122e94b279a68627494
imagenette2-160/val/n01440764/n01440764_4962.JPEG,0,n01440764,tench,0c37677f7b4118d45ed0d5b5afe490b0675871ddc05bd1c27787cca31cbdb072
imagenette2-160/val/n01440764/n01440764_4980.JPEG,0,n01440764,tench,20e678c88dd4544a61f93d67f68100974217ad6ebf5bba82eb0c06a3b7c3db72
imagenette2-160/val/n01440764/n01440764_5432.JPEG,0,n01440764,tench,de09eed4afb1909f7e068114849dd38f4c56bc2ed1d03a557b8b8fdac69d0c6c
imagenette2-160/val/n01440764/n01440764_5642.JPEG,0,n01440764,tench,3a32136f59b6e1bfef6c16991a09dca4d6f30fbe9cc1ee1fd3857278dbb937c4
imagenette2-160/val/n01440764/n01440764_5781.JPEG,0,n01440764,tench,3540744fb9274b83a0a09a0c9f59f1b99f916939e008e2a2e7e3acf1d5786b8f
imagenette2-160/val/n01440764/n01440764_5802.JPEG,0,n01440764,tench,d5df6f40e3c1828d20ca9ba1b2c476d4580e95881de9b35b30a6ed1d818c5b5b
imagenette2-160/val/n01440764/n01440764_5861.JPEG,0,n01440764,tench,6f0e7b711669d485706a4aba8bcd6dffec818b2ae71329b759c53022745eef02
imagenette2-160/val/n01440764/n01440764_6021.JPEG,0,n01440764,tench,404dd58c8ed45b91f592053f5416b1270be45331c48bcc3eb574542e9d38c593
imagenette2-160/val/n01440764/n01440764_6301.JPEG,0,n01440764,tench,a49a94aee754ef30462b1b73b82951543b90847b62877658ac2856e8d03b578d
imagenette2-160/val/n01440764/n01440764_6361.JPEG,0,n01440764,tench,2788c33b2b76145f3d690b7d089e89c7f7eb71e44c6351b33d0e3719efbf341d
imagenette2-160/val/n01440764/n01440764_6391.JPEG,0,n01440764,tench,678b2dd8df4c8d5469364b37e610d2f34c959e3a9b80290d658e6c416b44e04a
imagenette2-160/val/n01440764/n01440764_6410.JPEG,0,n01440764,tench,c29f6e71a5825d19659d9e2c83f09350d33359d1e26b3473363fe2afb5d831a3
imagenette2-160/val/n01440764/n01440764_6432.JPEG,0,n01440764,tench,8eba83fc0c858ada0420eee547201c1fade404272fbb52c1fde629ec67b530b8
imagenette2-160/val/n01440764/n01440764_650.JPEG,0,n01440764,tench,6604f62663373007b38a267df0c49e58fe23cecadfe637b66a28e6febc5e5e0a
imagenette2-160/val/n01440764/n01440764_6500.JPEG,0,n01440764,tench,6ec8421dfac6b837fd90b62fcafd9b77245fe90b8ab56801a1a93605d261508f
imagenette2-160/val/n01440764/n01440764_6852.JPEG,0,n01440764,tench,779f0fae89a18a9498e3def6214b9156a0d97d19a5898f81fd6e44e9cad69cd4
imagenette2-160/val/n01440764/n01440764_6962.JPEG,0,n01440764,tench,7ae6a3aa63545619a867bbe848f25b38e493f06427d15ad25741c86fbc32e955
imagenette2-160/val/n01440764/n01440764_7040.JPEG,0,n01440764,tench,b624647d395ac55f3ea859f7e98b30f2ad60194be0a369d2f651f0bac6d30c19
imagenette2-160/val/n01440764/n01440764_7142.JPEG,0,n01440764,tench,d59b9f3049b428a4648aa615d01a38740c926a07456252a1d1b89e12be9e7bd3
imagenette2-160/val/n01440764/n01440764_7160.JPEG,0,n01440764,tench,ac5baa807a48fabab2b040caf1f135cf4b4f741710e25da5f8157cf456eff8c1
imagenette2-160/val/n01440764/n01440764_7210.JPEG,0,n01440764,tench,df8d1cc0914eeb20e57f6a4a9785c185adfae648f60200a6ca29be0166a96d1c
imagenette2-160/val/n01440764/n01440764_7302.JPEG,0,n01440764,tench,7e7bcff03fe3c9d8b2b6c465a5dc212f498ee0e17893b1aff08ff2901318c6fa
imagenette2-160/val/n01440764/n01440764_7591.JPEG,0,n01440764,tench,baff26f00cd48ae697c08ada23a493f333ce647725267c4bb60f30ce1ee08986
imagenette2-160/val/n01440764/n01440764_7671.JPEG,0,n01440764,tench,04f4cf3cb436aa5c4f1f7d7ddc1f92d8adb7557fefff0a37a3e543a17d668a3e
imagenette2-160/val/n01440764/n01440764_7772.JPEG,0,n01440764,tench,6d01b0700e4e9a16f92b0ca33c00900d29bbaf885209cd844ebf28e839f496bb
imagenette2-160/val/n01440764/n01440764_7792.JPEG,0,n01440764,tench,79d7f4d4d870d51a755cac534c2bdaa42d0f5cf932b13cfdd39e0802f9042ec2
imagenette2-160/val/n01440764/n01440764_7922.JPEG,0,n01440764,tench,ed1f18b89b0b8a7a29b4edeb599020ab53519ffd0d6a1db21cfcef9ae88d3c93
imagenette2-160/val/n01440764/n01440764_8150.JPEG,0,n01440764,tench,a9e85495fb3ceeb97d0cffcffa09e05808371edd3e4ef5f4766133530d2fd082
imagenette2-160/val/n01440764/n01440764_8191.JPEG,0,n01440764,tench,9bb0caa680d651b9da7fc8196bc9bf338701c3eb4c3d6aa5e593495d00c90078
imagenette2-160/val/n01440764/n01440764_8250.JPEG,0,n01440764,tench,2c815e77853e64f085dad50c3c430efc12210cbee9c7bcdd9760c5898ab9d335
imagenette2-160/val/n01440764/n01440764_8311.JPEG,0,n01440764,tench,dbaa656a8e9c78f4422ff2dfbcb0d04e4aec8a571743d21774d1b3ecd072e321
imagenette2-160/val/n01440764/n01440764_8521.JPEG,0,n01440764,tench,27435924e45c84270a4cc0fef2885c1c1aea134ba4a7dc444c3fbf46f04a9c97
imagenette2-160/val/n01440764/n01440764_8580.JPEG,0,n01440764,tench,60077887147a890512916b715997e4ef7bde69c6b69a02f1e0741da65e0e914f
imagenette2-160/val/n01440764/n01440764_8710.JPEG,0,n01440764,tench,84a9122536a5333862827ba28914b9492875596f5fdb26c02c13726e47fe73da
imagenette2-160/val/n01440764/n01440764_8852.JPEG,0,n01440764,tench,02a3fa8ce886a1376a0a996d0303113422b7b547959ac9678659ee3bcb6dc8a5
imagenette2-160/val/n01440764/n01440764_9020.JPEG,0,n01440764,tench,c08966759071b5591419fdedd83f2043fe207de0d196e7c908be7fc93c0b8782
imagenette2-160/val/n01440764/n01440764_9390.JPEG,0,n01440764,tench,873d97522ff773ad5e4f201275f63dd1f80e3bac39b8a1202780f0d75fc27243
imagenette2-160/val/n01440764/n01440764_9940.JPEG,0,n01440764,tench,d076678145234a5f7ace03ed90859b04d83dba130e917afb19deca5ba03be389
imagenette2-160/val/n02102040/ILSVRC2012_val_00026521.JPEG,217,n02102040,English springer,36c41b6caed8e2cb2baaf5af3c137a89ba9f5b1eb0402b8707a108334916eb79
imagenette2-160/val/n02102040/ILSVRC2012_val_00027182.JPEG,217,n02102040,English springer,4bce76d46f9c9f0024e8b50dea101ba00ebd3d4300bfff20f08f9b1ffbd7831f
imagenette2-160/val/n02102040/ILSVRC2012_val_00036282.JPEG,217,n02102040,English springer,705549e3671a99e0fa8d551463a3d54f001e03fb22d632a07c88be1974206f48
imagenette2-160/val/n02102040/ILSVRC2012_val_00040140.JPEG,217,n02102040,English springer,58b013c6c409e8d25273a79363d49c3adae14ae2bce13404db10663b91d5ccb6
imagenette2-160/val/n02102040/n02102040_1011.JPEG,217,n02102040,English springer,0ac0c801e33583b3519007fca984e50fa6602b947f7e07b3ae3d32ebd4f94968
imagenette2-160/val/n02102040/n02102040_1081.JPEG,217,n02102040,English springer,750787083f4d964bd700ef21ee3e002a719d82e629630b0a1cc8f426c1a7d8d7
imagenette2-160/val/n02102040/n02102040_1092.JPEG,217,n02102040,English springer,8935776de098e9de351b58def5c52a5e53f5df9f3307c3d05241a7ccaf8c4493
imagenette2-160/val/n02102040/n02102040_1102.JPEG,217,n02102040,English springer,c6db4132344e52b5084718cbb334a354f7472650207b5b5fad66e0323c081f29
imagenette2-160/val/n02102040/n02102040_1121.JPEG,217,n02102040,English springer,f4b1caf575259455dc208731281a4b5d3d5249759dd4d7e06cbb559a50b659fb
imagenette2-160/val/n02102040/n02102040_1151.JPEG,217,n02102040,English springer,dd08562ac7ef825f1db404ce513b0f8b359876fec82a1c6a11d421b961636d9b
imagenette2-160/val/n02102040/n02102040_1172.JPEG,217,n02102040,English springer,276024033dc12c0a6b09dbbea5673b6b9799b459c9b5d02c8c4e1af23cecc3b1
imagenette2-160/val/n02102040/n02102040_1200.JPEG,217,n02102040,English springer,2b2b6cfd7037f4560fb2d646c468d792abdf96c5652a46e56c101e0489403be5
imagenette2-160/val/n02102040/n02102040_1201.JPEG,217,n02102040,English springer,d0bc0bf77703c97e6f52932d3b280a9b04e9b158ad519b73c6e51d6e50341100
imagenette2-160/val/n02102040/n02102040_1230.JPEG,217,n02102040,English springer,63959384e0a69b6c3dbf664a70f0a35de48c7f231ab6a6daa2d7b0a89d6760e8
imagenette2-160/val/n02102040/n02102040_1292.JPEG,217,n02102040,English springer,05c8a58279639a92d125f0da05adecd1c68443118d649e2ddd70aa5aea921705
imagenette2-160/val/n02102040/n02102040_1300.JPEG,217,n02102040,English springer,a4544c7b200018265e7bd8cd40695742177d775d344a357b71166b0b50578edc
imagenette2-160/val/n02102040/n02102040_142.JPEG,217,n02102040,English springer,1bb3348978fe1e65435ae6d34f66c1f40eb99b26f3441b711c2cd619b5cd5815
imagenette2-160/val/n02102040/n02102040_1592.JPEG,217,n02102040,English springer,d8a4a7da10754b53c5196a4fe8754374173ddbc2b723ad76593b659e766dd0db
imagenette2-160/val/n02102040/n02102040_1620.JPEG,217,n02102040,English springer,fa60d305955bfa02d11694e4055c2c2cd494025b05e57d0e6cd482ece337fa2b
imagenette2-160/val/n02102040/n02102040_1720.JPEG,217,n02102040,English springer,d7eb7beb5cb983834f88678dbe0dc62b74f12bf5c47fb7d33f18cb9d1eb8047a
imagenette2-160/val/n02102040/n02102040_1760.JPEG,217,n02102040,English springer,58a3446360e50b356fd934fdcb00497f61ef23e12612d7c7cbe951cd2c8b1228
imagenette2-160/val/n02102040/n02102040_1770.JPEG,217,n02102040,English springer,1dd2d29a429071264508bb489ff6ccf62e91e6661897eb8167dbaf8acefdebfd
imagenette2-160/val/n02102040/n02102040_1781.JPEG,217,n02102040,English springer,d80ef4add69d1b056a1242cfd637f7541f54e5c34ea95d5dee926250cc81e2a7
imagenette2-160/val/n02102040/n02102040_1782.JPEG,217,n02102040,English springer,1581db6cd5500db712075739e57166858aef2b8ef2de80e70faa86775e918344
imagenette2-160/val/n02102040/n02102040_1961.JPEG,217,n02102040,English springer,7a04037e162aab6cdb773fc20462916d734822046de629b6cd0abfbaa05fd1b2
imagenette2-160/val/n02102040/n02102040_2051.JPEG,217,n02102040,English springer,383d2b3f426fac45955d1326f463441dfae0b0bef182a183fbe059e336bc9f2c
imagenette2-160/val/n02102040/n02102040_2142.JPEG,217,n02102040,English springer,18841a5eb8dc2210071498c0fc048ae3c3cb3670a0416d97439d9cfcc27ecc87
imagenette2-160/val/n02102040/n02102040_2280.JPEG,217,n02102040,English springer,b729474b1ff05bfbd05d3c5a1cca9670971266027596116153b8b8148eb8f1a5
imagenette2-160/val/n02102040/n02102040_2302.JPEG,217,n02102040,English springer,3254c017b6da585b9d14241195ed2dac4289c0e41dfb7fb6f0f3646f60ba376e
imagenette2-160/val/n02102040/n02102040_2340.JPEG,217,n02102040,English springer,359c92114e56574cf7357de0cee871e9f3b80de29960ec1d16a1b147c9d45d4e
imagenette2-160/val/n02102040/n02102040_2391.JPEG,217,n02102040,English springer,769e35d5522ed6463e90be524264eb1cc3b571c2961812a58e18011193ddbfa5
imagenette2-160/val/n02102040/n02102040_2762.JPEG,217,n02102040,English springer,ce25961483baafe2c8aa9dcb5043dfd977dc77e65f68d681793b9fb728c225dd
imagenette2-160/val/n02102040/n02102040_2852.JPEG,217,n02102040,English springer,14126c4b6f66d1579b6ca91657fb4e5f896dcc81b9a5b0e43e6e0bd88b83728d
imagenette2-160/val/n02102040/n02102040_2920.JPEG,217,n02102040,English springer,5e39c53460b6eceb7557b9169d227613a4932a99ffc163b86b430adbfa86335c
imagenette2-160/val/n02102040/n02102040_2941.JPEG,217,n02102040,English springer,cf2c7e0636ab8cfccf6b60aa176a759aef20d01546a585809a6e08483d9cf042
imagenette2-160/val/n02102040/n02102040_2951.JPEG,217,n02102040,English springer,ffea87610920832704bfb86c6bd93c62d52f4296bafc2b65963cd06b8d3c9ccc
imagenette2-160/val/n02102040/n02102040_2961.JPEG,217,n02102040,English springer,6d0742f9d4f5eee3cbcf8e63b63b16b2e4798a97281f53337b61974db143ad60
imagenette2-160/val/n02102040/n02102040_3012.JPEG,217,n02102040,English springer,b878fdc72c0f26249cd6684e20e493ab5e9f8325f3e9159a7911bfd09c45ea2c
imagenette2-160/val/n02102040/n02102040_3052.JPEG,217,n02102040,English springer,4bd3d3d188b89c24a20e0863fec844d7b4115499dc2236e9da6ee4bea10ecdda
imagenette2-160/val/n02102040/n02102040_3061.JPEG,217,n02102040,English springer,6d7cd3f8c6d8a4e59574c692a72ec2ea38a2e60bd91ceff1fd471301af2fc4b8
imagenette2-160/val/n02102040/n02102040_3141.JPEG,217,n02102040,English springer,4dfbf39b166d3d9b0ddc0bbf10f9a84b5ff201b566d72cf6772f636abadeb22b
imagenette2-160/val/n02102040/n02102040_3160.JPEG,217,n02102040,English springer,3ddca01d81cd24e530b78fedcaad455732b1058e9cde1a2da4ea0b875fb91d62
imagenette2-160/val/n02102040/n02102040_3180.JPEG,217,n02102040,English springer,109c6d8921647b309ee25e8eed680982009c59983b0eab196f18f8d69063db0b
imagenette2-160/val/n02102040/n02102040_3290.JPEG,217,n02102040,English springer,d69a2ee5f36b883f487b4245559c61767651b09738a27ac804bca61129f1641c
imagenette2-160/val/n02102040/n02102040_332.JPEG,217,n02102040,English springer,dcb49de152c947ab5f868437702f7df04a85bf4e78eee20446e06ed168491d5d
imagenette2-160/val/n02102040/n02102040_3420.JPEG,217,n02102040,English springer,24799e9b184066893c83d702aad72d6942331d6be01a1e0a564425969c2f7878
imagenette2-160/val/n02102040/n02102040_3450.JPEG,217,n02102040,English springer,6a11a12d06d0f1d6eb2147c38251e0724d348c4a928e63e36c8e5163bb377b75
imagenette2-160/val/n02102040/n02102040_3452.JPEG,217,n02102040,English springer,94d87adb18ae281d9ba65f8645f24e3bcb2a33a5b04230309c7811e9dbf423b1
imagenette2-160/val/n02102040/n02102040_3601.JPEG,217,n02102040,English springer,da04f6acfc827dfdddd7f17396963c2671a8c6bb10b1c51f7dbfb008135241bf
imagenette2-160/val/n02102040/n02102040_3640.JPEG,217,n02102040,English springer,c6dbfefbee36d362c266e3a5a9f359a1506cb6c753b64aaa326d09ba1252111a
imagenette2-160/val/n02102040/n02102040_390.JPEG,217,n02102040,English springer,3ae61f882b0592803a96be05fd4a8f2c0b7fd46522606a8161a168db5442fbd6
imagenette2-160/val/n02102040/n02102040_4020.JPEG,217,n02102040,English springer,b73a99d78dc287ff43e20c1ce927ac3b87c37aeee59b81a39a869ba7946182f5
imagenette2-160/val/n02102040/n02102040_4342.JPEG,217,n02102040,English springer,66cd3c9209889f2553410f7a0934a4a19b1904bee5d1fe55568d954d12dfa9b8
imagenette2-160/val/n02102040/n02102040_440.JPEG,217,n02102040,English springer,8e72f3fda79813fcee8b8fe036be533c739656d9b221ca2396da451463cb8489
imagenette2-160/val/n02102040/n02102040_4411.JPEG,217,n02102040,English springer,7b06ef4840306137ce4df7dfb0ceb6710fa8b835de8a25c7fe2042ef02c9411b
imagenette2-160/val/n02102040/n02102040_4670.JPEG,217,n02102040,English springer,7f1892fba5f94edf060a4a4072e797a552dcf98dd162d4eb43463c11e2d75d29
imagenette2-160/val/n02102040/n02102040_4702.JPEG,217,n02102040,English springer,ca4c3dc979f4b575fae41a3eba7711489af8bcd4f2442f8711bbf79120799522
imagenette2-160/val/n02102040/n02102040_4732.JPEG,217,n02102040,English springer,659bd38066bb1cbb46331fbca9740a90d4d2da4baea22b9261cd16fab21901c3
imagenette2-160/val/n02102040/n02102040_4960.JPEG,217,n02102040,English springer,04264c12d1e5d6db7e4c984e2a506b3862c0124dd744ba6720ef5b03fb3b7528
imagenette2-160/val/n02102040/n02102040_4972.JPEG,217,n02102040,English springer,f95ecc96f6ca2dae33c2a779a65a363a7c8b1569a7d4d60bb2209a46688ff506
imagenette2-160/val/n02102040/n02102040_5030.JPEG,217,n02102040,English springer,be6010b0832aa378bedd9686ab3505dfdbf8e424af91f6caf9f79dbe2ddf33e2
imagenette2-160/val/n02102040/n02102040_5060.JPEG,217,n02102040,English springer,a38da332392d439edc145b967c27b9f37a70dce55d98d0ca4e21be18ffa84eb1
imagenette2-160/val/n02102040/n02102040_5070.JPEG,217,n02102040,English springer,47b943ac6443606b3583ddc7ffaca681a30fd9dfdef4bc01355384ce904f003c
imagenette2-160/val/n02102040/n02102040_5091.JPEG,217,n02102040,English springer,0e17512e151c3ab6b6c9b0328d39748ad929cc79304439e2235776f68c0dec75
imagenette2-160/val/n02102040/n02102040_5390.JPEG,217,n02102040,English springer,e962ba6b58a894de1c4bed1e674190e5272e2f5d900ed90b0dbf8635524e9a20
imagenette2-160/val/n02102040/n02102040_5580.JPEG,217,n02102040,English springer,9d02d54942758b107129db73ddbc274cd4150fcabe51c1302d782aecbbec24c7
imagenette2-160/val/n02102040/n02102040_5681.JPEG,217,n02102040,English springer,b2a22a8de6849af1a13942e45c6f0bb61453eb51cdcc1107465308c0e0dfd2d2
imagenette2-160/val/n02102040/n02102040_571.JPEG,217,n02102040,English springer,361d10338c25d8f7fa07061a4dd923efff666e414abf32acc6eb3a63570d4ede
imagenette2-160/val/n02102040/n02102040_5712.JPEG,217,n02102040,English springer,dd0943f96be16af93796394e44e48fcbc4acd8bc03ea3dc0eaea0e35545e4591
imagenette2-160/val/n02102040/n02102040_5851.JPEG,217,n02102040,English springer,85ae76788942c4c83e3dd8dd72502b31e2ba3a9068f9a9333bd692a3b6e3ef42
imagenette2-160/val/n02102040/n02102040_5941.JPEG,217,n02102040,English springer,ff0782b6cbc174e0b104b6dce0061a8cda7add7e677c9e8f31e98991f5226fa4
imagenette2-160/val/n02102040/n02102040_5950.JPEG,217,n02102040,English springer,95009d4b6f774af8bb9c54d971723e5444fbbc3a1ba9f436d0ce16642adb1f7e
imagenette2-160/val/n02102040/n02102040_602.JPEG,217,n02102040,English springer,1f264f9a81348c7def72c504fe86185096b0c28f3bd030661907e2ca98514d61
imagenette2-160/val/n02102040/n02102040_6050.JPEG,217,n02102040,English springer,09b65ad7a1e437679f3e28727a7ad90e0ef55082cf80f6639f42b1628994dcf8
imagenette2-160/val/n02102040/n02102040_6072.JPEG,217,n02102040,English springer,be2ef66b7d6f6d8f38893343e2bfdac681febac412576b7c993556ae1667ccd4
imagenette2-160/val/n02102040/n02102040_6082.JPEG,217,n02102040,English springer,85f8e8bfe74f19057a517bd07a162bc82f0344706f350be7d5962383e55eb31e
imagenette2-160/val/n02102040/n02102040_610.JPEG,217,n02102040,English springer,bbaa3544ec43a75550fcab0473312b5931782552bdde3047444a5c526b5078ab
imagenette2-160/val/n02102040/n02102040_6340.JPEG,217,n02102040,English springer,82e24211de80b376671603b0a2573222591767fb39ec3b2f5e6706e579d2a524
imagenette2-160/val/n02102040/n02102040_6392.JPEG,217,n02102040,English springer,1585d8ca6515ea4ed0725f0dabc1181e2fcf31e8ab959788d88fed8e97f10ec4
imagenette2-160/val/n02102040/n02102040_6400.JPEG,217,n02102040,English springer,5b905b6222440d92da75a9c03bd2407bd6c9735c11637704d0321a669921f2d2
imagenette2-160/val/n02102040/n02102040_651.JPEG,217,n02102040,English springer,9078441d3f4b7443dbe2ba105e18a9c418d196b240140bb125f8556f4868030b
imagenette2-160/val/n02102040/n02102040_6552.JPEG,217,n02102040,English springer,ab244038ac729909ad42c3cc22e99e37e5dbf5249ed8835f1dcb98d2f5e04a19
imagenette2-160/val/n02102040/n02102040_6590.JPEG,217,n02102040,English springer,ec9654a42da2656c49b69955d8dbc89a0e097be8ac7c7d99b1210fecfdd0fa18
imagenette2-160/val/n02102040/n02102040_660.JPEG,217,n02102040,English springer,17b0cfc7c9daaaa38af56cfa8b01ccf2fd88279e470d5acdc00ec76eb02d13c7
imagenette2-160/val/n02102040/n02102040_6622.JPEG,217,n02102040,English springer,48314cf501e07022392bec93d23e82457efe29ff0afbbabc66a034bf09655136
imagenette2-160/val/n02102040/n02102040_682.JPEG,217,n02102040,English springer,622e095b84a8d75b3490be1354437eeada6aaffcef442794e248506441ecb13e
imagenette2-160/val/n02102040/n02102040_6892.JPEG,217,n02102040,English springer,9db34d3244ec0e9cda75cea72436aa3c818e98bf22caa2a695896a3028112ef9
imagenette2-160/val/n02102040/n02102040_6912.JPEG,217,n02102040,English springer,bc4bc14b938b41fe99819aeb7e19310caec7df1798d70acf586a276a177840df
imagenette2-160/val/n02102040/n02102040_7041.JPEG,217,n02102040,English springer,a3ccc1e69fbaff97c688bd9e3c168e2eae9c7bf934b3590b251783b4a37851f8
imagenette2-160/val/n02102040/n02102040_7082.JPEG,217,n02102040,English springer,0d773bb1c3405401301211f35c5b9e24b9c8f318071125620b9c5708899df712
imagenette2-160/val/n02102040/n02102040_7091.JPEG,217,n02102040,English springer,584ab73ac4a77b61fe0f7971aca1512ebab2c99f241194b183f185153e867b13
imagenette2-160/val/n02102040/n02102040_712.JPEG,217,n02102040,English springer,9c2bf1eea61742fa40a1ea57869dd5262a07d73ff23dbac57beb47f0be258b1f
imagenette2-160/val/n02102040/n02102040_7150.JPEG,217,n02102040,English springer,298934df90f610c29f071c8d85565fb24ad4c6a8088d88727ec0682be1d63ef3
imagenette2-160/val/n02102040/n02102040_7382.JPEG,217,n02102040,English springer,fadb86dc8f447a24a06cee18c56c0d1f7915526665696ce45d7683e12dfd6870
imagenette2-160/val/n02102040/n02102040_7412.JPEG,217,n02102040,English springer,e04110ce2cc350edbf91bcd7ef7896333795419bfe14eb8ea2b4103c19a1f416
imagenette2-160/val/n02102040/n02102040_7490.JPEG,217,n02102040,English springer,df8922418b68194dcd9888ac50dac05129b8949b17425d8cb61fcfa84f36d908
imagenette2-160/val/n02102040/n02102040_7510.JPEG,217,n02102040,English springer,b369df8a5a637263a0e6f47aaa174d99ea3c929ee85fa2e8c5cb9f49f24bac0b
imagenette2-160/val/n02102040/n02102040_7792.JPEG,217,n02102040,English springer,9e188d578493baae373acf4ba93a51644e718d2585c9c420c12f4decaf421c36
imagenette2-160/val/n02102040/n02102040_7931.JPEG,217,n02102040,English springer,e60ca4acfd0e37f3b465c907478cae89cf5af2532da69656ed13c96d92103a71
imagenette2-160/val/n02102040/n02102040_8061.JPEG,217,n02102040,English springer,53a80dc4fb6961dbf109111a3fcb58569614634ffdd5c4b2d35bbd0fa77113d7
imagenette2-160/val/n02102040/n02102040_8132.JPEG,217,n02102040,English springer,4bd1f96783e1a08dd1bcbe6bcedde049b61b229bc77841e4667e62ce9d362d3d
imagenette2-160/val/n02102040/n02102040_8150.JPEG,217,n02102040,English springer,9240b1c3c2463775ca75e362b36fe86d868a966801a9edf8c4567e14afe6709c
imagenette2-160/val/n02102040/n02102040_970.JPEG,217,n02102040,English springer,74d5ed71d527a233baa2bd149a23a00c9f5ef3bcebb7fbd9d9909d9211ead1e4
imagenette2-160/val/n02979186/ILSVRC2012_val_00045110.JPEG,482,n02979186,cassette player,20f0e8938ad9dd8514f32d255c981cc6d18789b0b6b1687990554d082fc20afd
imagenette2-160/val/n02979186/n02979186_10041.JPEG,482,n02979186,cassette player,5de4c6c905440f16ba727624c5aeb7f7877db3ef747ad6a1bfb71dd53811dba7
imagenette2-160/val/n02979186/n02979186_10111.JPEG,482,n02979186,cassette player,941c29bc447be04406519403101236633319624f66c1c21ee341c5144f94172a
imagenette2-160/val/n02979186/n02979186_10200.JPEG,482,n02979186,cassette player,c4f11b5e5413bc3f6f60ea9337391a58600c93451a44b56ae4e752926c81be7e
imagenette2-160/val/n02979186/n02979186_10211.JPEG,482,n02979186,cassette player,e05d337c65e7d5f4a821d35992d62ac75e0ac9268969e52c20502ab5ba5c1f9b
imagenette2-160/val/n02979186/n02979186_10250.JPEG,482,n02979186,cassette player,51b1153404ba9d77c1f954149236b191f843b88ff59be4d322f1b63e39622186
imagenette2-160/val/n02979186/n02979186_10402.JPEG,482,n02979186,cassette player,1291167871949f339d8ede4028850615c847012bfba84a8b2e52d6d4fb2891b4
imagenette2-160/val/n02979186/n02979186_10591.JPEG,482,n02979186,cassette player,1658d6faebeed78b805798f02cb11d99015a0dff67b68fd18551151d1a22973c
imagenette2-160/val/n02979186/n02979186_10670.JPEG,482,n02979186,cassette player,1a80d5b655dd2238cdef94d8f9df58fd1f9acbfe387afe0a1c2f07c18ccc7539
imagenette2-160/val/n02979186/n02979186_10870.JPEG,482,n02979186,cassette player,2bbdc6b5243aa700f9e4aab6ca1a0df5d9eed90e12bc99094cd8a57b2d0d4b91
imagenette2-160/val/n02979186/n02979186_10930.JPEG,482,n02979186,cassette player,0ee77ba988e625187ab212fe72d36de09105eed253b233a3b1b1ddf13d653d25
imagenette2-160/val/n02979186/n02979186_11000.JPEG,482,n02979186,cassette player,7d85be110bdf24c8651be83bc1777c2e1ab9b9a6dda1adbe874d36d913f310ad
imagenette2-160/val/n02979186/n02979186_11052.JPEG,482,n02979186,cassette player,84572ef040f75a6312b55a029282d9825e4e094282d67d29299da4a956967b38
imagenette2-160/val/n02979186/n02979186_11151.JPEG,482,n02979186,cassette player,fec8d4ba4184c013eb45adc4eebec02fd67d740169abbca6312b0ee92e98b3c4
imagenette2-160/val/n02979186/n02979186_1171.JPEG,482,n02979186,cassette player,c2d4ccf72f9b616e3ca790fcffe425dc70953a9e10d2eeb35a3cb1fae4f6e630
imagenette2-160/val/n02979186/n02979186_11782.JPEG,482,n02979186,cassette player,5f126e11dce662e5ece8c04f49e93600c1435819a17273bd1de3f154a4a04ced
imagenette2-160/val/n02979186/n02979186_11971.JPEG,482,n02979186,cassette player,b069813c7efa93316c716cb17c8546c9c9dda6669993c8b561923d429aeca885
imagenette2-160/val/n02979186/n02979186_12172.JPEG,482,n02979186,cassette player,e8d295beed794b480d4f581bbe29ccd35937873e44f3d0fb1638ccadfdf503fc
imagenette2-160/val/n02979186/n02979186_12590.JPEG,482,n02979186,cassette player,2a7b653abacf8785140d92dd659d5fad87a62ce2eefe5d97ce2e14d7214c9bf2
imagenette2-160/val/n02979186/n02979186_1281.JPEG,482,n02979186,cassette player,88e0bf06a26d0a3df145bb51830337046619bf63d2a4ce82b13492203b956672
imagenette2-160/val/n02979186/n02979186_1300.JPEG,482,n02979186,cassette player,570bd59b0ba230686b948e59c2c393ce7f229ef298b61d572a1f39cbd6e290c7
imagenette2-160/val/n02979186/n02979186_13231.JPEG,482,n02979186,cassette player,af7a1e263e54bf29ef20a5044d03d17a789833470ea4c9318e9e88892b6186e3
imagenette2-160/val/n02979186/n02979186_13250.JPEG,482,n02979186,cassette player,ea4498b79ee4a06d409d199d2a7ae35db69d5128db553b8d36270946e50f2128
imagenette2-160/val/n02979186/n02979186_13281.JPEG,482,n02979186,cassette player,516d1721ffb2576755882b4930da556a06659bb7fb29465c50ac42de5b280131
imagenette2-160/val/n02979186/n02979186_13442.JPEG,482,n02979186,cassette player,f9a612ce9d2d77e73e56a9660956be6b29816150c120c3a170b34a44ff06e2d8
imagenette2-160/val/n02979186/n02979186_13841.JPEG,482,n02979186,cassette player,b043ad04b5dce19c0e3934d2d7fae817e20ab1641b0c2eb2229000b91e6cafe7
imagenette2-160/val/n02979186/n02979186_14100.JPEG,482,n02979186,cassette player,ffec286aecc8c612e671a0897ddba395786ceeeab01fc3ebf60e0a7be53282f8
imagenette2-160/val/n02979186/n02979186_14550.JPEG,482,n02979186,cassette player,85a55c2cc2e943f6e4e1fd735380b12d8ca9d2f8dc9e9767660970f1c5bf9c4c
imagenette2-160/val/n02979186/n02979186_14601.JPEG,482,n02979186,cassette player,e21e61c99a48eb97bf99ebae8938f56afbacdf26b2f8fcf2c6c999d69f80394b
imagenette2-160/val/n02979186/n02979186_14630.JPEG,482,n02979186,cassette player,4aae52fd3f81ca4a6011cbdb199a69b347d9593935fbb81493b86043478f7fd6
imagenette2-160/val/n02979186/n02979186_14771.JPEG,482,n02979186,cassette player,476b06a1cb1e4bbdc89a6c0663eb11f187006840d0930ecd8fb4bc32af445fac
imagenette2-160/val/n02979186/n02979186_15350.JPEG,482,n02979186,cassette player,85dd362c03bd074ce6dbbdde5b5bf9e0846e9d00d08c022808fd9f8b2724d226
imagenette2-160/val/n02979186/n02979186_15951.JPEG,482,n02979186,cassette player,83db7a4f2afcb6fb1d8dfc8a7cd867c6b4209c8dc5d69cc11e38066ba48de68f
imagenette2-160/val/n02979186/n02979186_162.JPEG,482,n02979186,cassette player,343d62a190bf564cc264455e36fb80d7914d74f14a640439832c4c4edfb36525
imagenette2-160/val/n02979186/n02979186_1630.JPEG,482,n02979186,cassette player,dc1fd674abc86e51fc6603958ab113cf5219418062b71e8476bf686a3a6b70b8
imagenette2-160/val/n02979186/n02979186_16382.JPEG,482,n02979186,cassette player,fdcbc79ac86dd69712aa9e5e54afdd48f8f9100de9d9f2e585beac6ac8b97206
imagenette2-160/val/n02979186/n02979186_16581.JPEG,482,n02979186,cassette player,0a1d351f42c806fd373d88bc3c440992b383a758366d9954bcb3cc8ba6cbe09c
imagenette2-160/val/n02979186/n02979186_1692.JPEG,482,n02979186,cassette player,6bd053662b48a2541e7c5eb9e66808489b43a4d1901faae77b7201d0df51e7d0
imagenette2-160/val/n02979186/n02979186_17172.JPEG,482,n02979186,cassette player,2b9601ed29e9015db6e2f173696af0bd1cc16068bbf27d9497bdb72d675debcc
imagenette2-160/val/n02979186/n02979186_17470.JPEG,482,n02979186,cassette player,27efbf3622b67142ffde17d89a7fd2d39f256f03331065bfa72e90e8d9049023
imagenette2-160/val/n02979186/n02979186_17680.JPEG,482,n02979186,cassette player,09dd94c38f7a27c73c99bf1b8832f611f51a52ffda3105b3f8c6b86038a0e6db
imagenette2-160/val/n02979186/n02979186_17940.JPEG,482,n02979186,cassette player,a95797c2572d281226126aebeb23fb6867dbd033f844ae0f3421e9cbdfe68997
imagenette2-160/val/n02979186/n02979186_1810.JPEG,482,n02979186,cassette player,6bfe416d3246dd027efbf7f843e98a7dac5906cde23823347606c1b4c1e4d0ea
imagenette2-160/val/n02979186/n02979186_18131.JPEG,482,n02979186,cassette player,34d357fc397443450f661000c63e395e98d7703930d2da77beb5ecfaa7b89eb4
imagenette2-160/val/n02979186/n02979186_18190.JPEG,482,n02979186,cassette player,0bb7aba0c6f50c1f5bfad2eb49b02eb2e9c846fcb5f4da10f35b37f3bbdf0edf
imagenette2-160/val/n02979186/n02979186_18450.JPEG,482,n02979186,cassette player,ebdbbfdaa0b060386f044869eafbab5c217e5f44905d061afa89bd7a684bdb49
imagenette2-160/val/n02979186/n02979186_18472.JPEG,482,n02979186,cassette player,9ae0aeb288271bcbbd7e6cb48a2310dd11f8f089032b58efbe3644bb4daee295
imagenette2-160/val/n02979186/n02979186_18802.JPEG,482,n02979186,cassette player,2ec22237fdb8810931e25dbc03f88f1d892482fdd40c44644fc8dc8de8d1c455
imagenette2-160/val/n02979186/n02979186_19011.JPEG,482,n02979186,cassette player,811df48eb112e10a054f7361d84ec82b2499ece41aa73813a65b919d5877ba2d
imagenette2-160/val/n02979186/n02979186_19390.JPEG,482,n02979186,cassette player,44fb18214eda0b16fb7016bfda83ed85afb977eda0aced1cbb1ac9877fa28ced
imagenette2-160/val/n02979186/n02979186_19412.JPEG,482,n02979186,cassette player,c5f399adeed50d363a6a619454c8d8f73a69928d9fe4c8729b6df73e20d605a7
imagenette2-160/val/n02979186/n02979186_19440.JPEG,482,n02979186,cassette player,0770cec95d275304abfff2f18bfc79dc0ebd26b0715d763cdd1490b02ddd801c
imagenette2-160/val/n02979186/n02979186_20220.JPEG,482,n02979186,cassette player,b6d0952f2b9218d445379a3477145d0f8f745d7857ad67f30b9fb281f75732e8
imagenette2-160/val/n02979186/n02979186_20560.JPEG,482,n02979186,cassette player,39493fdb49d223a0588e7fbf94b1e722c32d5d0e5da9f509f20b51f899bffd53
imagenette2-160/val/n02979186/n02979186_21392.JPEG,482,n02979186,cassette player,7a1198a2513ddbfb3d12a5c7d50242f4601fdaae9c12415918d3c63a23000dca
imagenette2-160/val/n02979186/n02979186_21640.JPEG,482,n02979186,cassette player,de3ff918bb93358b136334a0de0a09d7325601083657784df8a28438cdca8594
imagenette2-160/val/n02979186/n02979186_2172.JPEG,482,n02979186,cassette player,92182f401054f59488c8aa20b5ae7be96e537d5384442063d7f0ef37224ac7b2
imagenette2-160/val/n02979186/n02979186_22111.JPEG,482,n02979186,cassette player,ececb68fab1713722e60cd0ef20dd7d1e07ec9f05e9964e1b4b77acedac83bf3
imagenette2-160/val/n02979186/n02979186_22992.JPEG,482,n02979186,cassette player,a9960512fa3d41ef3a7e809ea394176bfd6a04fc176f5a51dfc76867607e58bb
imagenette2-160/val/n02979186/n02979186_2350.JPEG,482,n02979186,cassette player,f31bd80b71cd657bcaca405f885648493c587eb5c8de120682bac6254acd30de
imagenette2-160/val/n02979186/n02979186_23730.JPEG,482,n02979186,cassette player,15ac63c06a7b7c96bd828bf3728e188acd1dc85278cdde888c8096597f1f864f
imagenette2-160/val/n02979186/n02979186_23911.JPEG,482,n02979186,cassette player,2279ab22d5e14d14c4fb02fb397f2822dacb66c425bd6f72344fd593ef78cdc0
imagenette2-160/val/n02979186/n02979186_260.JPEG,482,n02979186,cassette player,6669f1c00c2cb5bb9facfaffbdb1841dab815c3fcea559a0d2c57644b433d645
imagenette2-160/val/n02979186/n02979186_2632.JPEG,482,n02979186,cassette player,d213ca5ec4935e383c9348e828cfa42894aceece9512d0c7dcf8d4cc4c0069be
imagenette2-160/val/n02979186/n02979186_26451.JPEG,482,n02979186,cassette player,97f9a3b7b2ee9879849d540fc1a1dd5f3262cd1dcb95378101c6f911c1251c56
imagenette2-160/val/n02979186/n02979186_27322.JPEG,482,n02979186,cassette player,1caf49aac5951070620c79c5f4bc5847478b3994afe42b8ff49e1f6505c115e6
imagenette2-160/val/n02979186/n02979186_27392.JPEG,482,n02979186,cassette player,604c0b41d0e0b6d79ebc5b733aa29c04005cd0edd3a87dada12a66cb19bc9087
imagenette2-160/val/n02979186/n02979186_27481.JPEG,482,n02979186,cassette player,318e1331899396bfe2bfab1211d2ec0d229157fce2637cfc37e555759b18c403
imagenette2-160/val/n02979186/n02979186_27582.JPEG,482,n02979186,cassette player,b1d76af83942b0dbcff78c09c7c445b408309c81a5d5131727f37d148941669e
imagenette2-160/val/n02979186/n02979186_2772.JPEG,482,n02979186,cassette player,1e1f348cb6993570bdbc4731ecd5062658adfcf2f547cdbe930267e16340f7e4
imagenette2-160/val/n02979186/n02979186_280.JPEG,482,n02979186,cassette player,ee24c24abf55637de1ffde7bf6decda4985884bfc13e8321cfc585945dab9db1
imagenette2-160/val/n02979186/n02979186_3102.JPEG,482,n02979186,cassette player,b4439ed1793a78ecd883b6258106d58a173020f81f69837f55955572fbccd795
imagenette2-160/val/n02979186/n02979186_3211.JPEG,482,n02979186,cassette player,e5f8b8fb5ed18b4451f35adade048370a4efa256fdfbfb71d3f485efc5c99830
imagenette2-160/val/n02979186/n02979186_3372.JPEG,482,n02979186,cassette player,0f3c9b8b05cb5384bdc7157ab109c0b5c7beb12cdfec5e2b77b8b9b052b74672
imagenette2-160/val/n02979186/n02979186_3462.JPEG,482,n02979186,cassette player,25a75c368dd4a7542ae5927b31abd822a5c4338cef26a6bfd3e0f00bf252a366
imagenette2-160/val/n02979186/n02979186_3472.JPEG,482,n02979186,cassette player,8dab92d4c60687e691b7e7cae493a18ae8af116d82a393d080ac115bdc1bcd29
imagenette2-160/val/n02979186/n02979186_3902.JPEG,482,n02979186,cassette player,9ff9edbd08c6a59454911b35d008cd7019eda76162fd86adf7c6a11deb944df5
imagenette2-160/val/n02979186/n02979186_4230.JPEG,482,n02979186,cassette player,8f41e843d652ffb00263c4365f78d0405040fd87c34a9e525281e47c848ce8f6
imagenette2-160/val/n02979186/n02979186_4341.JPEG,482,n02979186,cassette player,507e02c29539140b4b71b103e4a1d2a498a2d3d2184df7a2b99366c7f2b3f0f5
imagenette2-160/val/n02979186/n02979186_442.JPEG,482,n02979186,cassette player,931c3eee70c78be8ebf5e53420003ce5c82dce9b5695963a24066a0d7e73cb04
imagenette2-160/val/n02979186/n02979186_4552.JPEG,482,n02979186,cassette player,b23bfcfeaf4b792dbbcc0f8f07c67b039a253f547ebbe9ff2919c5e057051882
imagenette2-160/val/n02979186/n02979186_4690.JPEG,482,n02979186,cassette player,07fd2ad1fbfd6a838ba30d776efd0046a6e6cab057477047d233c0237c3f1719
imagenette2-160/val/n02979186/n02979186_4720.JPEG,482,n02979186,cassette player,4e8b085c5701d82f530848fd024d4593c6803aa0b8409b4f14e86f931e239369
imagenette2-160/val/n02979186/n02979186_4780.JPEG,482,n02979186,cassette player,be4da3fe2faac52171e82556469a08b4d7652f738f0cc7de716d5703ff2d81dd
imagenette2-160/val/n02979186/n02979186_4830.JPEG,482,n02979186,cassette player,2d2a6ff0e1c72573be424bf2602ed94d44b72ceed9af9f544c884be9c6d5840b
imagenette2-160/val/n02979186/n02979186_5411.JPEG,482,n02979186,cassette player,0e6804ce77ff02db10bfbedaec87728f2bf58cc6834deebb647f3d099cacdf5f
imagenette2-160/val/n02979186/n02979186_5481.JPEG,482,n02979186,cassette player,dda8d86802597a3e308166ff2c33adfdbbeb5fa831ba1373827decc25b961d99
imagenette2-160/val/n02979186/n02979186_562.JPEG,482,n02979186,cassette player,74c0ce0f1805aa4e605f1bd23d3342cef06f700712194583f089afc970412fc6
imagenette2-160/val/n02979186/n02979186_5622.JPEG,482,n02979186,cassette player,015ed356aef40a0414fdf1244bd44aff562620e3111c90c09cabe834c568c40b
imagenette2-160/val/n02979186/n02979186_5781.JPEG,482,n02979186,cassette player,3e9d028b46e2551ade2a1c23127db59020d385458054426e66bafc58df34e7d4
imagenette2-160/val/n02979186/n02979186_5792.JPEG,482,n02979186,cassette player,aa57910c330df2f55cd5377ca0fd169b1068dc4ab4ff64cccf8c2c05fec5e20b
imagenette2-160/val/n02979186/n02979186_5932.JPEG,482,n02979186,cassette player,2c831d24386d82203bd5391be6cb06d983ca8bcce669cce4dafd63803c5ca8b3
imagenette2-160/val/n02979186/n02979186_5962.JPEG,482,n02979186,cassette player,7e4fa005d8a162ceef28314083b88ad2623d38e2ae9f1c032eaaf7f4f6d13eaa
imagenette2-160/val/n02979186/n02979186_600.JPEG,482,n02979186,cassette player,40ad6e8dd61963ea6196a62df7cacaa8e2291fa8d9c86116f3689898ac8829b4
imagenette2-160/val/n02979186/n02979186_6520.JPEG,482,n02979186,cassette player,74caf69a8bc41417f62aeded65b968110597ea645bfa726566ed6609f6a2750f
imagenette2-160/val/n02979186/n02979186_6531.JPEG,482,n02979186,cassette player,c40a4df74485417193c97fb3565bf847f2b60e3edaa86b576fa841326167d7cb
imagenette2-160/val/n02979186/n02979186_6882.JPEG,482,n02979186,cassette player,8f9451fb52a1c2a105f18042fa02086f8f4d62610ff154566559a610e9ef06f2
imagenette2-160/val/n02979186/n02979186_731.JPEG,482,n02979186,cassette player,7c2c12ff2f3946a2a1707cad6d68611ab7131a45f7ffdc9c527edeedb758a0e4
imagenette2-160/val/n02979186/n02979186_7531.JPEG,482,n02979186,cassette player,19dd555be07b73d330045fefc09785ed196dc36c18ff152c153fff9f014be9ea
imagenette2-160/val/n02979186/n02979186_7820.JPEG,482,n02979186,cassette player,13a66a89d0b94308769fa7ff048cc49578288872538e48acb7ca2c82b0a73f2c
imagenette2-160/val/n02979186/n02979186_8122.JPEG,482,n02979186,cassette player,dab8b7fbaae42b47b6d73ea8aa44a0840799ac834a10bbaac9d884f5d84189c7
imagenette2-160/val/n02979186/n02979186_9371.JPEG,482,n02979186,cassette player,330d07a2f97f043cb202d7ef3ff83fb2e31527ab9be661c95dc5406b7aeb4984
imagenette2-160/val/n02979186/n02979186_9790.JPEG,482,n02979186,cassette player,d43aff6ef709f76e7d62fb1811a50179953208d30482c7176070660495e713a4
imagenette2-160/val/n03000684/ILSVRC2012_val_00045501.JPEG,491,n03000684,chain saw,18124feff7f5cde50798ef742e517abd2bbac4c96df8b4adef2a79226d8bee2a
imagenette2-160/val/n03000684/ILSVRC2012_val_00045940.JPEG,491,n03000684,chain saw,3ed80deafd8f8cf8cbfe6ac4c189ca42426b3d15c0b2cef68549270bf43e2b09
imagenette2-160/val/n03000684/ILSVRC2012_val_00046651.JPEG,491,n03000684,chain saw,fea4b046cd13e342ce5d8a123de44009b287ba3b98f5739a03296d46ef291de3
imagenette2-160/val/n03000684/n03000684_1000.JPEG,491,n03000684,chain saw,854346eb1d1acb1b5713ff8a2c48e89c6af9e9b6f60bb22f782d5dd063477435
imagenette2-160/val/n03000684/n03000684_1011.JPEG,491,n03000684,chain saw,abda4af8ccb9a4a93009b1dcd17747bb239b3f5566b815c65da1395de00d7a5c
imagenette2-160/val/n03000684/n03000684_10200.JPEG,491,n03000684,chain saw,a232153052eb14b7cb6ca86739c6bdb469a8fb2bc545747d78c39aa42bf03e8b
imagenette2-160/val/n03000684/n03000684_1031.JPEG,491,n03000684,chain saw,9107b7183bd467563c4fe764814d87d3f1522f2aee49d18734b5840bca19d875
imagenette2-160/val/n03000684/n03000684_10690.JPEG,491,n03000684,chain saw,851f7934204539b7f9103033fbbbb1e437d0a72c11ac2ac7e47c452ef7680b3f
imagenette2-160/val/n03000684/n03000684_1082.JPEG,491,n03000684,chain saw,be04d7a84720741c1c02688567c813cf62cf1bf5aacec63a0c79056f62b41224
imagenette2-160/val/n03000684/n03000684_10902.JPEG,491,n03000684,chain saw,1f0c14524a3cc1e83c28de15be8c2bf247b7e279ddb46aa65e7977ca40870dd3
imagenette2-160/val/n03000684/n03000684_10992.JPEG,491,n03000684,chain saw,bfec37dc5f36a5225ad7856857836af95194bf32953cfb875abe0c256a33852c
imagenette2-160/val/n03000684/n03000684_11070.JPEG,491,n03000684,chain saw,7c9ce733664e737aff5a07ef39b142b17940e500a9c8428f766ce085a2589463
imagenette2-160/val/n03000684/n03000684_11090.JPEG,491,n03000684,chain saw,2b4125c1548e1bf1eb5bece3a52814f1fb8dac74e44579d953ac39a6761d7355
imagenette2-160/val/n03000684/n03000684_1122.JPEG,491,n03000684,chain saw,9d9a028898b4c3e4e73899be0b7e19620d61061652b7c49a6fd53e8f2881308e
imagenette2-160/val/n03000684/n03000684_11701.JPEG,491,n03000684,chain saw,9567c0a1e807bfbaa4a90fe046b9a830072aa35a037e608fa625b2329407abe0
imagenette2-160/val/n03000684/n03000684_11821.JPEG,491,n03000684,chain saw,39480f407d588d4bf0329e5da641035534b6a84f3d27a3d5efeea532d8c65ae4
imagenette2-160/val/n03000684/n03000684_12170.JPEG,491,n03000684,chain saw,7c3d37f88427e2f37b06c202ffb0032ee95699691777b8d307b468524531debc
imagenette2-160/val/n03000684/n03000684_1290.JPEG,491,n03000684,chain saw,a945a6b85fcccee3602ad4ee81b4030f9e9aff40e9dd49d701c8b85e78d11258
imagenette2-160/val/n03000684/n03000684_13071.JPEG,491,n03000684,chain saw,a06d12b2ffd7bd2d52cbef3feef8cde76083126e6820446490c9b21b58ba023d
imagenette2-160/val/n03000684/n03000684_13182.JPEG,491,n03000684,chain saw,b7099f9872426a33a062007eccabd474541294aec3fe4b52037b4d57bfc3effd
imagenette2-160/val/n03000684/n03000684_13402.JPEG,491,n03000684,chain saw,9c249d51c06749624ef0ea9234907be81c193e1edc785d86b06c11d0485ec3e4
imagenette2-160/val/n03000684/n03000684_13510.JPEG,491,n03000684,chain saw,4d1739d6768ba3e21a69b9ab810dc5303bef6fa882d717db4d7ec40a93b4d971
imagenette2-160/val/n03000684/n03000684_13511.JPEG,491,n03000684,chain saw,1d35bfed90f3ba8f80da71b0843a181d4e06c66fe9c66a05dabfc6b356c06e06
imagenette2-160/val/n03000684/n03000684_13560.JPEG,491,n03000684,chain saw,3951d222ea031699d8c1df4d83fd70164f2d1b95f29361d587eb30629f5a32c3
imagenette2-160/val/n03000684/n03000684_13920.JPEG,491,n03000684,chain saw,95015ea44d5cd7f363f6d2fcfacbfa36379bbcd75698c36d1f05962f65c62bf4
imagenette2-160/val/n03000684/n03000684_14391.JPEG,491,n03000684,chain saw,27dae528097d97b8797cb93dc0392b240c2ac071296443030944f1a196f3faaf
imagenette2-160/val/n03000684/n03000684_14761.JPEG,491,n03000684,chain saw,ade28285ad42b669820a96b3fea418353452d30160e2028003d2bec2a303d9f5
imagenette2-160/val/n03000684/n03000684_15300.JPEG,491,n03000684,chain saw,09f9e5d4e0e7dd496967cfe3d8f7786cd53ef85bd9cb05b897fe62bd294a7009
imagenette2-160/val/n03000684/n03000684_15321.JPEG,491,n03000684,chain saw,d05d69a1b6e3b31bc9514d58a1f4d1ba2dc2af8bcb0277fceefd82270fbe78b8
imagenette2-160/val/n03000684/n03000684_15400.JPEG,491,n03000684,chain saw,cdd59949ea336406406d9a731b3969876becb1904c8aef7797b06b6a8fb65ee2
imagenette2-160/val/n03000684/n03000684_15470.JPEG,491,n03000684,chain saw,7c272b971ad95c7143aecd2a7094e38d76199809aa38f3330ece982a0933eabd
imagenette2-160/val/n03000684/n03000684_15521.JPEG,491,n03000684,chain saw,cc7f3e26dc4db6806449296cda5e28b7c41df9be383ad43340c33d032acf8fd0
imagenette2-160/val/n03000684/n03000684_16280.JPEG,491,n03000684,chain saw,e945235545a408e40ca763a89ac20d0ae7c06b0ca7eae462999173a5ee10453f
imagenette2-160/val/n03000684/n03000684_16481.JPEG,491,n03000684,chain saw,b6fdedcc8375ceb813dd1aa49ecc499a6e7b3c5950ea08a03f7313e0b75d7314
imagenette2-160/val/n03000684/n03000684_16611.JPEG,491,n03000684,chain saw,78d876db11211755be42e3518c103f8237e472e0f8a3ee566c57aed6cb026676
imagenette2-160/val/n03000684/n03000684_16672.JPEG,491,n03000684,chain saw,d248507265b93dcea3b937fe9fdb1ccc9fa1cd9ed0ae9e912279af8c2efd0000
imagenette2-160/val/n03000684/n03000684_16782.JPEG,491,n03000684,chain saw,32a2a5b75d792f5889dfc2293163bb1f29f2a7ded46d90cfaeb7126a709c0db3
imagenette2-160/val/n03000684/n03000684_16790.JPEG,491,n03000684,chain saw,f0422dd9dae566ddf1938c45ef38c86381f186f9eda8305872257c244d2318db
imagenette2-160/val/n03000684/n03000684_1692.JPEG,491,n03000684,chain saw,240c690765979bcb3174b9b32ddf5560b264962a0259f479ee7d30f7d5daf6a3
imagenette2-160/val/n03000684/n03000684_17082.JPEG,491,n03000684,chain saw,edb2d58c81745f8d2bd351ebc365a949442c03b7e98042ec93ff1855b039ffe4
imagenette2-160/val/n03000684/n03000684_17132.JPEG,491,n03000684,chain saw,c6c7ff64fae4a8512495f2d138ba8fa39ecd0adb11fc919ff4d7b9aec7e00ec1
imagenette2-160/val/n03000684/n03000684_17192.JPEG,491,n03000684,chain saw,47c2598cb47684799e4b787873d44444f3a9a156e6cd720919c428fa09764982
imagenette2-160/val/n03000684/n03000684_17200.JPEG,491,n03000684,chain saw,e922db50f3760712a865b38255c21f4d017954c33ff9561270b4ca20bc0d9d2c
imagenette2-160/val/n03000684/n03000684_17250.JPEG,491,n03000684,chain saw,a079e7a0e97c1399e021598fbd0e8f5c1db0c8e4bc0c05cd458ed86b92f072b8
imagenette2-160/val/n03000684/n03000684_17281.JPEG,491,n03000684,chain saw,a0412a47f0f4db0d3d66d52d9aa207598fa8a2adec42870b18ac135f47faf040
imagenette2-160/val/n03000684/n03000684_17862.JPEG,491,n03000684,chain saw,edec717d87fa5bf1978a4715b271ed3171294807854de2cb72201acafb4a5f8f
imagenette2-160/val/n03000684/n03000684_180.JPEG,491,n03000684,chain saw,fda63c54654f8339e799b5a526a233a18a133b339c0fa9a85979e8a62f1c489b
imagenette2-160/val/n03000684/n03000684_18321.JPEG,491,n03000684,chain saw,941ef31a237686380420fc1da259335afcdfc27a11bf352c83066a5bd8403e1d
imagenette2-160/val/n03000684/n03000684_18502.JPEG,491,n03000684,chain saw,7e0601517f2e92a851e0c61e1667d040284c35aa29923bbc49a3b36222e99d2a
imagenette2-160/val/n03000684/n03000684_18521.JPEG,491,n03000684,chain saw,900b9e097205f24516281f4f8334102d430d49b4bdcb1718b85f98513b766e7b
imagenette2-160/val/n03000684/n03000684_19382.JPEG,491,n03000684,chain saw,f171c49d05c886598719f226a8f0960aec83dfcf8f0ccb3c17ce9a787395b543
imagenette2-160/val/n03000684/n03000684_1970.JPEG,491,n03000684,chain saw,4b8eb39a66aef15b84ecb46733739339eabf641946d692e94012ab1d03c94874
imagenette2-160/val/n03000684/n03000684_20052.JPEG,491,n03000684,chain saw,f7b57a719035061a3da0e142dc4f0ec58e8dbc5ea6d2802cae374bc38ad7abdf
imagenette2-160/val/n03000684/n03000684_2060.JPEG,491,n03000684,chain saw,6348d8b66a138cb77f580a2272628352d57929a42a0fc9b157c35afa06d61367
imagenette2-160/val/n03000684/n03000684_21641.JPEG,491,n03000684,chain saw,5094daca51ebf7e5d5b7063eecdb3e0afce5b8f382d1de8a6462e0cdef3ea6df
imagenette2-160/val/n03000684/n03000684_2350.JPEG,491,n03000684,chain saw,37ab9991c6a33d0e32417b230a1136172760ebea6768393193e70bb0c6bbd7b1
imagenette2-160/val/n03000684/n03000684_24020.JPEG,491,n03000684,chain saw,754c2766471544e0f555221aaf359fb49bb54ff810b9de194a500e2403f4a2dd
imagenette2-160/val/n03000684/n03000684_24332.JPEG,491,n03000684,chain saw,ea52931f72da8e5c9bcdccf4bfb3e1365e9b0ffc3825da315ee1016b30b72b1a
imagenette2-160/val/n03000684/n03000684_2610.JPEG,491,n03000684,chain saw,44a11d2d1f5f4569105928d613b5d48c5dbff09c62337bcb88a307ac1ae43890
imagenette2-160/val/n03000684/n03000684_26901.JPEG,491,n03000684,chain saw,42c242f94f346aecdb432ce266a798d30c66f85af76865d77425a1a2471cc29a
imagenette2-160/val/n03000684/n03000684_27220.JPEG,491,n03000684,chain saw,540df50498932365d15922ec443e516720c9376b1f399f47c085d6212942e3c3
imagenette2-160/val/n03000684/n03000684_292.JPEG,491,n03000684,chain saw,0d1ecec5bfcf0eddd34b98a4f3f5888e7701789e04c8286052786f4726c29cab
imagenette2-160/val/n03000684/n03000684_2922.JPEG,491,n03000684,chain saw,f525b57822415a9713eab920e3e0231309fbbd5e5f5964abd388ee35d11208a4
imagenette2-160/val/n03000684/n03000684_2961.JPEG,491,n03000684,chain saw,fa4b1bbd30d0d5b7fda71ee2fd828e7c3ebe3145dbc2952fc91b2ebe4a546084
imagenette2-160/val/n03000684/n03000684_2972.JPEG,491,n03000684,chain saw,797be2fde773627a78903ccb5eb7b1041786918290c29dd051298af9719cc4c0
imagenette2-160/val/n03000684/n03000684_29900.JPEG,491,n03000684,chain saw,fa11cf7aa3e0cf43690ae315f9f257e7d60586062eae5707e76d031d7a19845f
imagenette2-160/val/n03000684/n03000684_30092.JPEG,491,n03000684,chain saw,f25177006e614dd9662ad2fb3dc66c8bfb8d92d7e281de66d636630cd44e0dd7
imagenette2-160/val/n03000684/n03000684_3161.JPEG,491,n03000684,chain saw,5c6d3086d75ed00ea794376c8260f562bf7b48ece7d6df50ebfd9896430a3f34
imagenette2-160/val/n03000684/n03000684_31930.JPEG,491,n03000684,chain saw,1d333a6ddf9af9b58a5c5e1bf22e53ccd40dd7511101393750b28dcb3358ceed
imagenette2-160/val/n03000684/n03000684_32301.JPEG,491,n03000684,chain saw,7d7ac5dde79ab4f49bdc8efe64173b88373ac512d29aed3234d51be44e35fc6a
imagenette2-160/val/n03000684/n03000684_32320.JPEG,491,n03000684,chain saw,133cd4af46cc2f88979fff80c705f50ec967e3fa30868b282adcdcfdf4bae3d7
imagenette2-160/val/n03000684/n03000684_32351.JPEG,491,n03000684,chain saw,4f94786567b4c7a58fc323f85b20804d91a3ea236a035eacace35bcda29a6051
imagenette2-160/val/n03000684/n03000684_3392.JPEG,491,n03000684,chain saw,ea504e121b094cbe0ca07e1decbaa37a2df4f357bb03c1cf760516802182ae41
imagenette2-160/val/n03000684/n03000684_34440.JPEG,491,n03000684,chain saw,63d848986c904b842a3b60cbb1004227c64ac414251ac6d0a6766d37da48237e
imagenette2-160/val/n03000684/n03000684_34762.JPEG,491,n03000684,chain saw,87d9276cb9cf31982948aaf75b7ce768bb2b749ce64e2ae92c7bd495fe07dc04
imagenette2-160/val/n03000684/n03000684_34971.JPEG,491,n03000684,chain saw,b36b7c3c58d5ebf0c462c706671d76a6b88bc4f787605461d7966cd639186660
imagenette2-160/val/n03000684/n03000684_35140.JPEG,491,n03000684,chain saw,8870ef60732a3a3e793eec5b47d42ca2f0e41161e606d87359535cbc40caaf4f
imagenette2-160/val/n03000684/n03000684_3532.JPEG,491,n03000684,chain saw,7d583ec84c38fd073de0b68bc08ce77f206964ecaaadeea5e022654aa9c9846d
imagenette2-160/val/n03000684/n03000684_35991.JPEG,491,n03000684,chain saw,be5d65fcfd77e8e2e3a879245c709ed1b041bc12106a621c78b497e3d0a10011
imagenette2-160/val/n03000684/n03000684_36420.JPEG,491,n03000684,chain saw,22d604ee2dca50618e0c01d314c578f31b516f1b95355cbc9c73c35c2b23d3e6
imagenette2-160/val/n03000684/n03000684_4210.JPEG,491,n03000684,chain saw,aa19afafdf6ec315c07e7bc0cd8ee51929e98680850fe174323a6e88312d1714
imagenette2-160/val/n03000684/n03000684_4310.JPEG,491,n03000684,chain saw,a2dc5d3fc0a1fde35c7d18abc0e3fe62af07a0c93ebf2f7bd4eff93200b5d652
imagenette2-160/val/n03000684/n03000684_4401.JPEG,491,n03000684,chain saw,c707beeb2d8c1a317b70b8b8292abf8807435bb838a0faa3baea9478e9564081
imagenette2-160/val/n03000684/n03000684_4631.JPEG,491,n03000684,chain saw,f41ad352408992650721dad679b82d8f754f49f94b80200ab117a215eeafc8a7
imagenette2-160/val/n03000684/n03000684_481.JPEG,491,n03000684,chain saw,e6d4977407beb62292db24ccfa6d2493e92971fda9b6b7301dbf07a917555f05
imagenette2-160/val/n03000684/n03000684_501.JPEG,491,n03000684,chain saw,69165c9fc00f0025de42fc556e62b04a756a597ffe45e7190da879db9f8e76d8
imagenette2-160/val/n03000684/n03000684_5230.JPEG,491,n03000684,chain saw,eeef6dd12335d372704880f71b62be94e4851870527c1fef66d7e6247b630418
imagenette2-160/val/n03000684/n03000684_6020.JPEG,491,n03000684,chain saw,5bf6d795e41c1632faaee22fde61ca3365f7fe09b73df6084cddc3ca1ede1aa8
imagenette2-160/val/n03000684/n03000684_6142.JPEG,491,n03000684,chain saw,0eb377e86e58f1d7db5ef78db73a81e33ddc186e3cce2c61634e1f0da479ecdb
imagenette2-160/val/n03000684/n03000684_6220.JPEG,491,n03000684,chain saw,f800954a9b1bfbd9d3ffed5e226f1303e155bf6dcd1d366e2d688f2bf8490e0f
imagenette2-160/val/n03000684/n03000684_6292.JPEG,491,n03000684,chain saw,88d24298ef3f0a08e4cf281b717a2a9db783ce20840bb1b5747cebe23a3530ae
imagenette2-160/val/n03000684/n03000684_6392.JPEG,491,n03000684,chain saw,ec3d9d117566904a9c77ff55b987ef4e94a98b08276dfef0d6c9a35e58075a1c
imagenette2-160/val/n03000684/n03000684_6761.JPEG,491,n03000684,chain saw,ee318d8f431a2c1e31db7dc7eead2f1dc425f6e15429ebe2323320b77753580f
imagenette2-160/val/n03000684/n03000684_6881.JPEG,491,n03000684,chain saw,3f9af82937717b2f812450a92c901aa2f763a235beea840b39035f06c31e3464
imagenette2-160/val/n03000684/n03000684_7132.JPEG,491,n03000684,chain saw,9e7ce16b7dfb9abf2456b70103d84077b2fefffa1f47c2b4235a2652da414b7f
imagenette2-160/val/n03000684/n03000684_7161.JPEG,491,n03000684,chain saw,b7e530770eae7c77b7c332828d999960f19ac4d1a39e1411d54a6e2654992d4c
imagenette2-160/val/n03000684/n03000684_7460.JPEG,491,n03000684,chain saw,da536d637a31cfeeb17b619bccc0e2eeaada4102e14f2fe52bf469e46e693bb9
imagenette2-160/val/n03000684/n03000684_7671.JPEG,491,n03000684,chain saw,e4e2215af7cbc12a1549cc4a8ed6d6cc1aad1f9250ea5a08f6ed2ee6cae84662
imagenette2-160/val/n03000684/n03000684_8071.JPEG,491,n03000684,chain saw,e2031bd6c751daf43c454f85dddf5bcc7106edcf1fb5ec76b8ec82838137caa8
imagenette2-160/val/n03000684/n03000684_8220.JPEG,491,n03000684,chain saw,3d2fd6837497a451d970d19c307cb9edf2875ca35a27a5dd74963dfcb1eb19a7
imagenette2-160/val/n03000684/n03000684_8502.JPEG,491,n03000684,chain saw,8ac643751e1d396b4bdac5609a372a2e351c6e748f7593d003e5d8e72f2ff53c
imagenette2-160/val/n03000684/n03000684_8890.JPEG,491,n03000684,chain saw,dec49bb8c00fd799a4acabbe630e2eadf51af080e322837c5e4e719b5fe3485f
imagenette2-160/val/n03000684/n03000684_9752.JPEG,491,n03000684,chain saw,3d0fa210fe5a3c2f6958a418bad19bb35191dad149cc838dbadc84a8c4cd737d
imagenette2-160/val/n03028079/ILSVRC2012_val_00023291.JPEG,497,n03028079,church,f30e83efc87b71594eb5e13105bb185c5a5bafb16cfd7bdfff55f18eafb682a3
imagenette2-160/val/n03028079/ILSVRC2012_val_00026451.JPEG,497,n03028079,church,6b9bef55ac17d67fd16c9734c5eaefdc38f9afcd370c220ab6d4d6b8237622e1
imagenette2-160/val/n03028079/ILSVRC2012_val_00028310.JPEG,497,n03028079,church,1e865cbf3df4a00868880a03bbaa2f72b5c2c05d42c50e96fc4bdbc04647e226
imagenette2-160/val/n03028079/ILSVRC2012_val_00034021.JPEG,497,n03028079,church,cbe9107c8ff032b4ef676f8daddb732aaf86daeb675b9f67d860d0c032a985a8
imagenette2-160/val/n03028079/ILSVRC2012_val_00034220.JPEG,497,n03028079,church,2c571d3cfb5102c38938acb53a82c9eeb97a55426bd5fd91dcb0c6b0a60dfd46
imagenette2-160/val/n03028079/ILSVRC2012_val_00048382.JPEG,497,n03028079,church,840aabfe3cc67c4557e81eb46a029c05a8ac53fd41d37de210e4097e245a4943
imagenette2-160/val/n03028079/n03028079_10020.JPEG,497,n03028079,church,00cedcbb25daa039f4b5bb906b6f02d22795369fd043053eb214a7f3b4851ad0
imagenette2-160/val/n03028079/n03028079_10040.JPEG,497,n03028079,church,2f164fde62b09b3dd1257810e7a2c25cdb96720161315c903b1c05c8bad3c567
imagenette2-160/val/n03028079/n03028079_10141.JPEG,497,n03028079,church,7460946a898a0b450c6e467ca6f6cb4fe6afa101fae0930ba3d56f2425ca1299
imagenette2-160/val/n03028079/n03028079_10230.JPEG,497,n03028079,church,f8911b55f23a6be5870adc7e1b3620e13c9ed31a2b7e7a10b2871b3493e88564
imagenette2-160/val/n03028079/n03028079_10410.JPEG,497,n03028079,church,333cbd581764cb9fd9115189655b2f27cf226c46ef8a8ac956eec93987ee1188
imagenette2-160/val/n03028079/n03028079_10452.JPEG,497,n03028079,church,b23b22f849081ecbf1c094978f642f3281ab8c169b09725513efe5bbe610c9c1
imagenette2-160/val/n03028079/n03028079_10611.JPEG,497,n03028079,church,a19f38d36218aea961f37613d7523cc8b37f73391b656e7646e0570de8479e90
imagenette2-160/val/n03028079/n03028079_110420.JPEG,497,n03028079,church,d7ffaf64b279e5753bad5662c6eb45c42434924e70948db430955a23ff15fb6a
imagenette2-160/val/n03028079/n03028079_11111.JPEG,497,n03028079,church,b5d940cc5a8b0055eb3fd05b49cc57511d5fff898b6edcb2397ab0c4bd7a29b7
imagenette2-160/val/n03028079/n03028079_11591.JPEG,497,n03028079,church,96d1ade5afb2f47d1d85620f0312baeea0f78c4c48a1742d0766f9682aa3d1d5
imagenette2-160/val/n03028079/n03028079_12802.JPEG,497,n03028079,church,26deca3a96eee7bc25a32b83e02e3d130bf8e7f6296d7ee4af1d47436e70ffb2
imagenette2-160/val/n03028079/n03028079_13331.JPEG,497,n03028079,church,7b27e950fc6b5350f55e6afa2a2702a1fffd0041f6a4098dba67d4013f4b3955
imagenette2-160/val/n03028079/n03028079_13530.JPEG,497,n03028079,church,be8761e1a978e21c0ab8f8e1d4aa6b851becc5e9a1ed4c61fc32f3a9d5c09b1c
imagenette2-160/val/n03028079/n03028079_13542.JPEG,497,n03028079,church,213707462fbd0e4c33c25a954261a6409f20f60bfe687c6ec80244549507bf7b
imagenette2-160/val/n03028079/n03028079_13601.JPEG,497,n03028079,church,c5a12b8957a2424546c2b6a222826284034c7092635baad03ee3d5a2d8b1e5f2
imagenette2-160/val/n03028079/n03028079_1372.JPEG,497,n03028079,church,db4f245b2bf535dfa93f3ecc958c714fb598a74d533400fbfe27ce68357c9e2b
imagenette2-160/val/n03028079/n03028079_14310.JPEG,497,n03028079,church,cbbd75f3c42ba0cce75dce81e7630a9e972cfee2d6fb0209dcffc5726c15cd38
imagenette2-160/val/n03028079/n03028079_14770.JPEG,497,n03028079,church,e2b7e00e58becce500d937ec18b586ae20ec52cc010a30afe2428dc4faa4153a
imagenette2-160/val/n03028079/n03028079_1501.JPEG,497,n03028079,church,455e7b5be0ec47a4950177161e7562cac0c1c68e5d71ab0305d1232dc1738101
imagenette2-160/val/n03028079/n03028079_1502.JPEG,497,n03028079,church,c6b05ba88efd1564dc5a3d11b0cd91031de6fe82f2dc2f2b0b63b1e2b9148650
imagenette2-160/val/n03028079/n03028079_15081.JPEG,497,n03028079,church,4824e40e8b25f6aeab299c2874b26c39790c43b37c01a74fe8c3e57b979f9712
imagenette2-160/val/n03028079/n03028079_15111.JPEG,497,n03028079,church,c61c9c46797ef71cdd5a8d5b5592e6e3e3ebedd067648bc3d72a86ee91dfa43b
imagenette2-160/val/n03028079/n03028079_16731.JPEG,497,n03028079,church,059bb5a2cfdb2d33caf46509e551b2651811bc897c29d695b6c86750a07a63a0
imagenette2-160/val/n03028079/n03028079_17302.JPEG,497,n03028079,church,07e26a15eb7336cd79e01f00ebefb2ad49a620e392e10b9657aa9dd00a713ac7
imagenette2-160/val/n03028079/n03028079_17561.JPEG,497,n03028079,church,129b32c12544a911f60e87431afcf49032232203d5d411f71ad76d8331b1aee2
imagenette2-160/val/n03028079/n03028079_17831.JPEG,497,n03028079,church,244cc738f2529b6372bb6bfe09b34587d5cef6c00ee02bca8bcffe27c8ea5e7d
imagenette2-160/val/n03028079/n03028079_17862.JPEG,497,n03028079,church,617726d12748b9105e91e9dea27118881ec7879f2bd58a1bf5ff74cf0fa2f360
imagenette2-160/val/n03028079/n03028079_1870.JPEG,497,n03028079,church,0b3d4526feee0805cc468372f96526e43239624d6a78780e3fa923c3b2105ef8
imagenette2-160/val/n03028079/n03028079_1922.JPEG,497,n03028079,church,1febb20581fb3a2bb52ad4d2d3447686ae53a9bf60b2bce92d39f172c6e0f920
imagenette2-160/val/n03028079/n03028079_20312.JPEG,497,n03028079,church,8f5b987eec2b90298ec5c24b3553b3a94ee39ee5ec43d8f90d787de6b74d1165
imagenette2-160/val/n03028079/n03028079_2060.JPEG,497,n03028079,church,895261d13ff80fbf0c97cdc0336f72d90946d7acc5773ead77d81dd9fcfc4612
imagenette2-160/val/n03028079/n03028079_21591.JPEG,497,n03028079,church,063883bd1f24013b72e919a9940950592f052e558f24ce73792051bf5abfe714
imagenette2-160/val/n03028079/n03028079_2342.JPEG,497,n03028079,church,38e2f5fb85c373a7243a7db76a99ce4b842b2f53f993eced270e89d175c57e97
imagenette2-160/val/n03028079/n03028079_2382.JPEG,497,n03028079,church,23ca3d91ba45ba633f575595953ee713cf1aab69690ca561508656b2382e3b9f
imagenette2-160/val/n03028079/n03028079_24681.JPEG,497,n03028079,church,e60cf57c30762b9b2a6cd662644300cecf4753fca336dcbd00afc6781174cac6
imagenette2-160/val/n03028079/n03028079_2470.JPEG,497,n03028079,church,597d09dbbddcb1d8745bd2fc4683746ca012b0f334fea0139b836955243c6ea1
imagenette2-160/val/n03028079/n03028079_2510.JPEG,497,n03028079,church,e0ffbdc84982010c4e73f6c80414fb589af125b403ad9861d6f2b03834b0dc54
imagenette2-160/val/n03028079/n03028079_26110.JPEG,497,n03028079,church,50e5a0c25f246a34cb634d666342af08886723e50ada287d9f46d55b63ef0a2a
imagenette2-160/val/n03028079/n03028079_26272.JPEG,497,n03028079,church,def71760574db288335edc9ad63828dc650a8838a6cf49e4d34cdb2a9ad09d5a
imagenette2-160/val/n03028079/n03028079_26842.JPEG,497,n03028079,church,dde747cfe4ec2660df5c5b32747dec4d1983cddf38fcc6b3a0bceab72fe1514c
imagenette2-160/val/n03028079/n03028079_2750.JPEG,497,n03028079,church,34222712e6e3ce8a37891cf5a3529d82c3e05c39fc22daf1ccea4ad78e15b7a1
imagenette2-160/val/n03028079/n03028079_2842.JPEG,497,n03028079,church,4e4166786ade6660d6cba8546ac4c70d7a73e4cae70be0d86c321ddad10d0981
imagenette2-160/val/n03028079/n03028079_29012.JPEG,497,n03028079,church,ab58855f1359f3877b306cac6060bf1df4e196ac600c72f91d1a89eb6f1f0489
imagenette2-160/val/n03028079/n03028079_29140.JPEG,497,n03028079,church,15e080e1a76353b5dd418f2237a7284d9005b3bf9b7e63a8aba2f55672e025c4
imagenette2-160/val/n03028079/n03028079_29920.JPEG,497,n03028079,church,209403246032a5a61b560a4597f6df97b0412d2d052188dc6a41efd016ee8992
imagenette2-160/val/n03028079/n03028079_3000.JPEG,497,n03028079,church,6ceb917e2e9f3086a270b4c20af3683f396f0edd954be7bc1045b95878616bbe
imagenette2-160/val/n03028079/n03028079_30030.JPEG,497,n03028079,church,503731d4a47f39dfc6bc203403f324f2d204448e19c56f8c67df66e1c4d128d1
imagenette2-160/val/n03028079/n03028079_31112.JPEG,497,n03028079,church,3e38605a8400d46e034066e70618688455abf54c5418fb6789af277b8a7d9606
imagenette2-160/val/n03028079/n03028079_31592.JPEG,497,n03028079,church,0dd1fac88deda7de64effbaaaaf59f1b501d5542273f7e0feb3a3127cb470934
imagenette2-160/val/n03028079/n03028079_31602.JPEG,497,n03028079,church,0eeaebb917907260e527a3c8d6f3085c0b30e144fa33fd4fb4c8163d5559eb8b
imagenette2-160/val/n03028079/n03028079_32110.JPEG,497,n03028079,church,66ba10f856bf3a922c090c9cc5f7eb6dae49f7369dae072522394675175740b5
imagenette2-160/val/n03028079/n03028079_32131.JPEG,497,n03028079,church,1fe3dfb66e8aa9d2a89f5358c9579c5afc3d76d49e600e18ce3590d5e3ae8f01
imagenette2-160/val/n03028079/n03028079_33241.JPEG,497,n03028079,church,2487aadcb46b74bac1148cc4871acfb8402e1f0f4e5bbad5f9fd263ae2f927dd
imagenette2-160/val/n03028079/n03028079_3400.JPEG,497,n03028079,church,3398b5359dd8505e2e205971eac1de4ca7cb2a80fd843cb2f5f4309f4ef80a7a
imagenette2-160/val/n03028079/n03028079_34851.JPEG,497,n03028079,church,9e2e84f1c33769cbb099af6c8d1d5e63b2b685e2cfa85b5c65407bc11f278fcd
imagenette2-160/val/n03028079/n03028079_3492.JPEG,497,n03028079,church,1ce6c1bfcce1dd73eb590fdf9a9bca44994d37d9e0224d959f92503b9aee3023
imagenette2-160/val/n03028079/n03028079_35160.JPEG,497,n03028079,church,59c6cc9547b406f9ce7c7ed615f37886cdd31619a5a086d44fd9534649971fd8
imagenette2-160/val/n03028079/n03028079_362.JPEG,497,n03028079,church,e3b0daddeb93468f46de1230668ed656c20c8f7d457eeb87b4bd3dd0ce2f9b9e
imagenette2-160/val/n03028079/n03028079_37021.JPEG,497,n03028079,church,825c2b264aa9afb3ab09cb4d8b90787e5e68008dcb348ea226258ede85bb0291
imagenette2-160/val/n03028079/n03028079_38351.JPEG,497,n03028079,church,7a574976b0ade61e61a64ff33520dfc6020f886ede6f37d968615ef0a8c80605
imagenette2-160/val/n03028079/n03028079_38700.JPEG,497,n03028079,church,4332ddc312afa17141c519c0525312d16d1d9078e57be0abea5e9d6636cce3ca
imagenette2-160/val/n03028079/n03028079_3932.JPEG,497,n03028079,church,2217f515c6aecbeaacef21a450303ebf2ea2600ee10347a5cd89f08bc53fc90b
imagenette2-160/val/n03028079/n03028079_3972.JPEG,497,n03028079,church,1a343c75c65d14fc24462926fce1b20bf0ef8cee6be6bf7df191b2020d3e2dc0
imagenette2-160/val/n03028079/n03028079_4022.JPEG,497,n03028079,church,0c0788ab15abcbd3e6e26acfae08cd8ccd0c0475d7e4602a60a3ee5240217618
imagenette2-160/val/n03028079/n03028079_40412.JPEG,497,n03028079,church,d67d7037c3adb20c432b4ed545afc13e3131c555c516f9f62107d624086bdf60
imagenette2-160/val/n03028079/n03028079_4612.JPEG,497,n03028079,church,fb882e736184d2b8aaa18e8c81e93ef1146023b6a5f178ae917a83c210dd666c
imagenette2-160/val/n03028079/n03028079_4651.JPEG,497,n03028079,church,6bc58db12619dceb4b21c34eb33f368a0088f9f78c1b46a94b1a165a5a175c8b
imagenette2-160/val/n03028079/n03028079_46722.JPEG,497,n03028079,church,71828fcd7830cb1602d58d036a2e9b7676312cd511345917ce53ce1e026f81fe
imagenette2-160/val/n03028079/n03028079_4821.JPEG,497,n03028079,church,e65390f3f994ceebd09de418c6d485832392fa40fa41adf2d99c29b400489f69
imagenette2-160/val/n03028079/n03028079_4902.JPEG,497,n03028079,church,05415c18cf4bf1663e7f71bc9f0f3857f396e66802b83f777cb41c7edb52b625
imagenette2-160/val/n03028079/n03028079_49041.JPEG,497,n03028079,church,d625244cbbdc3f98aec5aa88c77d944402d1906ce7f677364dbec318f1753cd8
imagenette2-160/val/n03028079/n03028079_51072.JPEG,497,n03028079,church,796aaa536275092b0bcf5524c3eb495cbfb7f4ea56f6d98d6022f6f8cc39472e
imagenette2-160/val/n03028079/n03028079_54480.JPEG,497,n03028079,church,90f548cb1f6740578169197fd66a1f8f3e0b6d34699d9712d11aa7e899e7ef25
imagenette2-160/val/n03028079/n03028079_57010.JPEG,497,n03028079,church,dcd6a48d388613b233cda3d69f556217c2bf3dd29c8d21651e9b4ee10cda4adf
imagenette2-160/val/n03028079/n03028079_57572.JPEG,497,n03028079,church,9d65fe6e2a1137a1d3dc7ac742220c6fa1c097d031fc0c875ef401a8be96e662
imagenette2-160/val/n03028079/n03028079_58650.JPEG,497,n03028079,church,a2cf8791d813a7b13035d824577b8f197ff1362649adc0b83b77d470d5a6cfcf
imagenette2-160/val/n03028079/n03028079_6292.JPEG,497,n03028079,church,874087aefa4891df2395de36876e7e3b775376e5fe2012f16bb739cc920d199f
imagenette2-160/val/n03028079/n03028079_6421.JPEG,497,n03028079,church,70ec5176196a8cea6d00462f09ccf32559b0d131d69bd99835d90e9d3fbb13f9
imagenette2-160/val/n03028079/n03028079_6720.JPEG,497,n03028079,church,05576f62f636b6b36dee4add20d87f0b4fce592bbca7bb1fe79481e32090cedf
imagenette2-160/val/n03028079/n03028079_6831.JPEG,497,n03028079,church,2f4a9e83a33657de2ea4a1fd60dbbcd43026afe5943031f3a7bcfc07a6004783
imagenette2-160/val/n03028079/n03028079_6912.JPEG,497,n03028079,church,65c5aa7c928cb8a204c6a5ec0c247e9e73c5cbc0100222ccdc7084fbac338f38
imagenette2-160/val/n03028079/n03028079_7250.JPEG,497,n03028079,church,88037a28bf9af5cccea88a0a71d3c79f5e9f8af56d14af9b0f5d19dd2f153cbc
imagenette2-160/val/n03028079/n03028079_7251.JPEG,497,n03028079,church,f87a6610b90c81678c2bca5cfa110cab6d41b1d8948b8314b28d2d4034242ac8
imagenette2-160/val/n03028079/n03028079_7260.JPEG,497,n03028079,church,feb4f80d90c3ae141ad248c0bb6fdc22a6e142f1738c4357536e1d3e715e2ff7
imagenette2-160/val/n03028079/n03028079_732.JPEG,497,n03028079,church,83fd501cec026cd4d40332b2bfeb45743843a424efaa4f2233825e1682b21e3c
imagenette2-160/val/n03028079/n03028079_75880.JPEG,497,n03028079,church,b54534e80e177c094a7f9dd3b50a9b40a566ad3a871f40fed3eec2e6a06966c7
imagenette2-160/val/n03028079/n03028079_80.JPEG,497,n03028079,church,3d7eac070ccfcd60cacafb285e0e96af0e8a9dcc26a5508f899ced90c128d673
imagenette2-160/val/n03028079/n03028079_8151.JPEG,497,n03028079,church,74c0ac15b94aaae63edbee80fd7f029f4f3f1539981b6a11bfa0a66341b07db2
imagenette2-160/val/n03028079/n03028079_8162.JPEG,497,n03028079,church,f830513f895912f4180a7fae0c05825d382737da49497e478ad14df9c12bc6fe
imagenette2-160/val/n03028079/n03028079_8172.JPEG,497,n03028079,church,3f4c8c67489f58a5b97bb06df070e1a4b9309558b2cbf91ea9e8ef0b85cbb017
imagenette2-160/val/n03028079/n03028079_8382.JPEG,497,n03028079,church,0618233935adc6a33b6ac55fb3d75e533012cc1188807e3756e8ac4ec3ead1e3
imagenette2-160/val/n03028079/n03028079_8611.JPEG,497,n03028079,church,6b0faa292b335126dd38d8a528746cf8e246533a8c6f0a96603626df7f1a8f36
imagenette2-160/val/n03028079/n03028079_8990.JPEG,497,n03028079,church,48fa49a20810f99af20f10a6a98b834129e6927efb472b78794e7d33aea89fe9
imagenette2-160/val/n03028079/n03028079_9220.JPEG,497,n03028079,church,b15f75f5da269c850bd7e66b8f66831bf792169f8f8e72509bb7809ff7a16ed5
imagenette2-160/val/n03028079/n03028079_9481.JPEG,497,n03028079,church,0fcd9ff53a977265f6eb714a1859565fc2e89c9654f3cb89714688148cc8a00f
imagenette2-160/val/n03028079/n03028079_9901.JPEG,497,n03028079,church,a44c2f55b9b27bd26ed824ab0e76f64097549f38331227628d40080f125c3414
imagenette2-160/val/n03394916/ILSVRC2012_val_00037592.JPEG,566,n03394916,French horn,27700d3788a13c66068a01d539d940fc685b1d306c2f6df9262f23a6af77ddfd
imagenette2-160/val/n03394916/ILSVRC2012_val_00041242.JPEG,566,n03394916,French horn,ed5c8005bed6844923d518c95ca1cdd2e750c1ce5313306f13277ece44323084
imagenette2-160/val/n03394916/n03394916_10501.JPEG,566,n03394916,French horn,01a6cb55bd501b0ded831b8d9bca64c53b93290fe126829bf2589e768a15a080
imagenette2-160/val/n03394916/n03394916_1091.JPEG,566,n03394916,French horn,54257eb92f732349a31f435e2a6c14c951182fc0b71b5986b8d94d0bb604bb8b
imagenette2-160/val/n03394916/n03394916_11030.JPEG,566,n03394916,French horn,3b42c2c2962c8843978666d90f0afdb2f78a40ec1796a91094dafa95d7346309
imagenette2-160/val/n03394916/n03394916_11571.JPEG,566,n03394916,French horn,816105a39cf44d4fccaf058413ab35dbd7017296330b58e8bf4df9ffe4bd47bd
imagenette2-160/val/n03394916/n03394916_12430.JPEG,566,n03394916,French horn,6392afbe865c46256c366d058e7bcc37fcd3bb702b23c0241e3ee43c7112cc4b
imagenette2-160/val/n03394916/n03394916_14002.JPEG,566,n03394916,French horn,38a12537d9455c65a4b8c648a37752a6eacdad3d12905cf1ff1e7c55bae30480
imagenette2-160/val/n03394916/n03394916_15691.JPEG,566,n03394916,French horn,43dff7a3868ce168aedd5ae8866436a9b7abe1667d299275b0f0791732b3be11
imagenette2-160/val/n03394916/n03394916_16322.JPEG,566,n03394916,French horn,d8630a7cf87408fdf93f385dee6100a2e43248ab3ff53d9fa9d5730a07173300
imagenette2-160/val/n03394916/n03394916_16781.JPEG,566,n03394916,French horn,007366b660b42ea7622138725d8b2f0c208ab9517794c30f407ba4008325754e
imagenette2-160/val/n03394916/n03394916_17141.JPEG,566,n03394916,French horn,4e9e05c7adef9c0d50f0777fe6c1fce9223682b011a029432aafc69afff18b49
imagenette2-160/val/n03394916/n03394916_18691.JPEG,566,n03394916,French horn,ba766e2bb9a61cdee1f5a2c2f133d05dda65507b0d22b4c7ac3ff3ce278793bc
imagenette2-160/val/n03394916/n03394916_21092.JPEG,566,n03394916,French horn,234f0ef330f018da38fd08a1df814bbd56ebda0731fed2ee73ba18b7d4fe46df
imagenette2-160/val/n03394916/n03394916_21272.JPEG,566,n03394916,French horn,f9b42d16f6a028dd9af45b11264939d77872038f6b03047e8199626db367bad6
imagenette2-160/val/n03394916/n03394916_23071.JPEG,566,n03394916,French horn,3987bddda1da94b44fc10411172092e399f5eb063f3e546bb3820000217fe7eb
imagenette2-160/val/n03394916/n03394916_25580.JPEG,566,n03394916,French horn,a258938469a62fd68c0b96957bbed456468ef52400a8995ee204b0ea194b633c
imagenette2-160/val/n03394916/n03394916_25781.JPEG,566,n03394916,French horn,e92245ae22e6dd3287d34a78084d329ff71dc8fad1bdf4c5b443d46eb1485207
imagenette2-160/val/n03394916/n03394916_26252.JPEG,566,n03394916,French horn,9f355ed60a6dadbd6674cae1e1a69c61103d59eecc3567fe9f64386bfce6b9b7
imagenette2-160/val/n03394916/n03394916_26270.JPEG,566,n03394916,French horn,3e7c5ccfe8c956d831f695464d58d55703aa74fcadc6ac5e36573e3882a8898e
imagenette2-160/val/n03394916/n03394916_26391.JPEG,566,n03394916,French horn,df74bf7571df03ff254154a53dc8ea41d8900bf0cc7e289c2a12b75717eceb67
imagenette2-160/val/n03394916/n03394916_26802.JPEG,566,n03394916,French horn,31038c7739fa5d06442e22c3512657e27f982ac3799f82f9da85975f635f9525
imagenette2-160/val/n03394916/n03394916_26831.JPEG,566,n03394916,French horn,5b73751465324444839714604554c21200091e0710c5b50fbbacb9fa83395223
imagenette2-160/val/n03394916/n03394916_28461.JPEG,566,n03394916,French horn,31881c35951ed42bdca2d69545f1e58a95ad171173bfd23a5b6a518af9c32346
imagenette2-160/val/n03394916/n03394916_29130.JPEG,566,n03394916,French horn,3e77debdc02c4e87e66644da51b14ce679ed33957b2f8ae7605ead4e1d296bc3
imagenette2-160/val/n03394916/n03394916_29530.JPEG,566,n03394916,French horn,eb8ffb829fa791dd41ac4cc95b213fb062dbd50eef77e6a7c3a7c039d3ad72ad
imagenette2-160/val/n03394916/n03394916_29541.JPEG,566,n03394916,French horn,57e165cea7aece92242b3b3403f9b9f17df940ef4c8d8e3644235cbe653a8582
imagenette2-160/val/n03394916/n03394916_29580.JPEG,566,n03394916,French horn,cb36c2180395a48025298c8a4da02d5e449e839d1be045c36852ff21b8292e01
imagenette2-160/val/n03394916/n03394916_29722.JPEG,566,n03394916,French horn,17d184612cab39c954b398aca2ec9e7cfe60d03d90b737f2ba5d7e10803c2776
imagenette2-160/val/n03394916/n03394916_29752.JPEG,566,n03394916,French horn,651880d790b363129e8183d25ba76cbe7dbf3b30a5257f830baba49ff51cf54e
imagenette2-160/val/n03394916/n03394916_30432.JPEG,566,n03394916,French horn,74c32a9710fe5764fe3da1f16366a1cf7ee82f187cc6bfb2a5b03e71568c8bd2
imagenette2-160/val/n03394916/n03394916_30700.JPEG,566,n03394916,French horn,c867af8e547c39df07bf2eafac3869c84f289fd3f410bbf236badf89fa47667a
imagenette2-160/val/n03394916/n03394916_31860.JPEG,566,n03394916,French horn,99cd46992d77e56f08d004a8b70feed3aefc54ba37406cf13e8e218a0c0eaea3
imagenette2-160/val/n03394916/n03394916_32272.JPEG,566,n03394916,French horn,77eefe16c86fc0be33c2d1ab23e9303db2caba3d95b1c5885f5036a11e3b4149
imagenette2-160/val/n03394916/n03394916_32411.JPEG,566,n03394916,French horn,969669cbeea232f607574321b81e5add28b0617099f1aa16c95ec45c1ddf8c46
imagenette2-160/val/n03394916/n03394916_32422.JPEG,566,n03394916,French horn,a6a43f835531d9aad8325703a179f3ddfc420c72f90d8d78aa13dec836a0a76d
imagenette2-160/val/n03394916/n03394916_32550.JPEG,566,n03394916,French horn,c3b80b0ff3636d923e91a1cbe05931cb1fb377a43d7689a468426e439925fac3
imagenette2-160/val/n03394916/n03394916_32730.JPEG,566,n03394916,French horn,09a1a935d61f2ad82f6c9925fdebe9826b4ded31e98bee7efc9d8f6c2fe8cbd9
imagenette2-160/val/n03394916/n03394916_32800.JPEG,566,n03394916,French horn,f4679ae81b463c16774663254cd7d7996d4114b957fe2aaaf5574aee3d707d91
imagenette2-160/val/n03394916/n03394916_33012.JPEG,566,n03394916,French horn,226ee50f6fb84265c63b7653982bfdcdaa2525e69961d6a1b769f9de042ba3e3
imagenette2-160/val/n03394916/n03394916_33101.JPEG,566,n03394916,French horn,f9fe951941b84a631cd6ee38b1062fd165a428dbb519631491de077b85d3f341
imagenette2-160/val/n03394916/n03394916_33221.JPEG,566,n03394916,French horn,7a79856cc23d273f0cc9e92fc2ccb8f1efbf06a9c0617a5e096d92dabe187974
imagenette2-160/val/n03394916/n03394916_33352.JPEG,566,n03394916,French horn,d8a7432aea0dbf49c16776bdc7be8f224e4b808362acc0c158f809f754dc2eb0
imagenette2-160/val/n03394916/n03394916_33481.JPEG,566,n03394916,French horn,cf225782179ac4d4118cbb5525c40b8e69e800ae3a6959955f7ea1fc58bd6fe0
imagenette2-160/val/n03394916/n03394916_33902.JPEG,566,n03394916,French horn,b7b83ce910e8d701be2dd35619809a0d8c06a2bf2dfe5a565551a519feef6163
imagenette2-160/val/n03394916/n03394916_33940.JPEG,566,n03394916,French horn,6310254ceebdc70ffa80913f09cda50359669d9368fbd4e7b27009b22bdb9b7f
imagenette2-160/val/n03394916/n03394916_33942.JPEG,566,n03394916,French horn,b69bd4486bb0fc5966954c54ab1978bb474d1ed832518639980b2926c47582d3
imagenette2-160/val/n03394916/n03394916_35200.JPEG,566,n03394916,French horn,06626a18977d3f1b20f19ccc729df8e4aa7e42151e1b0652ef51e7db1fe0358c
imagenette2-160/val/n03394916/n03394916_35320.JPEG,566,n03394916,French horn,c050cab6f90a06a42f8923b98adbf262ed246989021c349d14eb72be4f428588
imagenette2-160/val/n03394916/n03394916_35812.JPEG,566,n03394916,French horn,3d93c3932906017858c9faf112da53be3029ebf08530d91c0ebae3ca6c448835
imagenette2-160/val/n03394916/n03394916_36172.JPEG,566,n03394916,French horn,96e695ec782b5730b3fd398a0f62b1945b1f7684333153a9794977b8e7beccf6
imagenette2-160/val/n03394916/n03394916_36772.JPEG,566,n03394916,French horn,246442529cfb0411eb11ae67d650af100e79697c446608e4f768de02f89eb984
imagenette2-160/val/n03394916/n03394916_36960.JPEG,566,n03394916,French horn,28c11f33f3415aa1746e4842f1719822b995ed688bea9285d99fba1e4d000677
imagenette2-160/val/n03394916/n03394916_37161.JPEG,566,n03394916,French horn,30057f26c79143b486a6f56bf2973aa4001167125bf3f3fcbe3a102483847c96
imagenette2-160/val/n03394916/n03394916_38041.JPEG,566,n03394916,French horn,4334caab3772583b66e81f5cadaff51b7663fa5c9121732c5161842f0e5cc142
imagenette2-160/val/n03394916/n03394916_38071.JPEG,566,n03394916,French horn,4e5c3b747f8a1104276fbe5de14a6f50182fecf29fef117c2731efba83f51ecd
imagenette2-160/val/n03394916/n03394916_38201.JPEG,566,n03394916,French horn,1494fc1663bbf30b1ed7237d2c763db8313cafc19374c4356bacbf80670027b3
imagenette2-160/val/n03394916/n03394916_38680.JPEG,566,n03394916,French horn,a42f9daf19fc6e2a36d002485d2b090ade5d63f4f68f7e430e6018f77da8822b
imagenette2-160/val/n03394916/n03394916_38702.JPEG,566,n03394916,French horn,13086aa1acaa6de5bd9d4be79dc09b45864cebcf377c714b5bb7031c7d1fa644
imagenette2-160/val/n03394916/n03394916_38841.JPEG,566,n03394916,French horn,eb0b38dbe698f002b46309f6d88e5d73c419385552b3fea924a8475cc651b7db
imagenette2-160/val/n03394916/n03394916_38861.JPEG,566,n03394916,French horn,08b85660e1161f5d9dabb74bf85961f906cb8774b30051d3b669afcac91f107f
imagenette2-160/val/n03394916/n03394916_39220.JPEG,566,n03394916,French horn,2b0184bccefd2551a478845b3711c8fddf9fa5f4001d367798f3872a389ce8a8
imagenette2-160/val/n03394916/n03394916_39500.JPEG,566,n03394916,French horn,816d1213fe205ca43e5ecbfab15c7e2ad6b9f4efae0793b2b47cf46cd18702f2
imagenette2-160/val/n03394916/n03394916_40741.JPEG,566,n03394916,French horn,8fcc9c2d19dd88660e5c6cca3e64b619c74c8614c916d6750f94fecfd2f02698
imagenette2-160/val/n03394916/n03394916_42291.JPEG,566,n03394916,French horn,8055bb5a6b3d227926e2d3dae512c14051476b7955b845d362bc7bc027ee5d7e
imagenette2-160/val/n03394916/n03394916_4251.JPEG,566,n03394916,French horn,98b1c15a725fabb7874e33ee8b157a5d4532fb32dc231032eef5b019f98227f5
imagenette2-160/val/n03394916/n03394916_42550.JPEG,566,n03394916,French horn,699077228813d45309e4c5d7eca683c357df30f7c8c15bfb4082b3fc50d661ac
imagenette2-160/val/n03394916/n03394916_42671.JPEG,566,n03394916,French horn,0182c92c4a26a0e94909a88d3bdc0f12216d7ef842d2f2b6788798dd9edc3f6b
imagenette2-160/val/n03394916/n03394916_4301.JPEG,566,n03394916,French horn,d6b199a386e5f41e55bf6731da7668aab144c3ceb625d32808ce2ec897ef9d79
imagenette2-160/val/n03394916/n03394916_43322.JPEG,566,n03394916,French horn,07e0b0567ee417bcfc2783a1f7d84557e546984308d327d8811ac54c51dce7eb
imagenette2-160/val/n03394916/n03394916_43382.JPEG,566,n03394916,French horn,4c5b2e58d6f68b22fc012f4d4467734daae75341bd72edc7fbcba7e2243cf918
imagenette2-160/val/n03394916/n03394916_43441.JPEG,566,n03394916,French horn,cd5e8c99602fd0ab8093b836513ec2b7259c1f0bab0c42dade1e93ad86b55817
imagenette2-160/val/n03394916/n03394916_43532.JPEG,566,n03394916,French horn,792084f099c29ae2321000e8423db745fd0b1938a9cb8077c1a4a5e236f7db33
imagenette2-160/val/n03394916/n03394916_43991.JPEG,566,n03394916,French horn,ddb697def1927f397af4a96b34b30c3c778edd7f0cbf18953fb736cbbe7a469d
imagenette2-160/val/n03394916/n03394916_44060.JPEG,566,n03394916,French horn,49020af4f8830b9ed800f9d203464fa6431024756ca940e0f242378a43c1e8c0
imagenette2-160/val/n03394916/n03394916_44440.JPEG,566,n03394916,French horn,c79b25d1e606e29c8f47d77991708d6b30911222c650135c4400b2d7947e2132
imagenette2-160/val/n03394916/n03394916_46260.JPEG,566,n03394916,French horn,4ed57106e352518dbfcda31336869437c94cd8a05b2569c6d4dea1d044184a0a
imagenette2-160/val/n03394916/n03394916_46411.JPEG,566,n03394916,French horn,0c7d1f9dc566058c033610ee86c97837620456030071e8ad27b82a64e98c2662
imagenette2-160/val/n03394916/n03394916_46521.JPEG,566,n03394916,French horn,4c0b1fbb468d1c8188f5630ec168e0e31e8cb95a521874f090037c2d3633b274
imagenette2-160/val/n03394916/n03394916_46672.JPEG,566,n03394916,French horn,7a3742f22a89229fdf8795e46d36c2f7c2fe45a0b5ea34129ff478159aa35335
imagenette2-160/val/n03394916/n03394916_46941.JPEG,566,n03394916,French horn,bdc9bffbc08909cc3bcd54d550482a943a947750de941d25047539c5486703a0
imagenette2-160/val/n03394916/n03394916_47022.JPEG,566,n03394916,French horn,c0926b505d64c924019bb9b6fb36543c513f465450fb1253b5dd5c173a161855
imagenette2-160/val/n03394916/n03394916_47110.JPEG,566,n03394916,French horn,0d70349565d0ae9def19283bdfbf5dfd832e234aba2e6b100298795a38c93626
imagenette2-160/val/n03394916/n03394916_47241.JPEG,566,n03394916,French horn,e67f18f2a717f9e59df9982dc27c7ff89bffbf7856cecc9d8d14bde8ac2106ed
imagenette2-160/val/n03394916/n03394916_48491.JPEG,566,n03394916,French horn,333a9d93f3a90dbd0d0e19d3f84f78c095e737dd41fe3fa50e1e57fbc1097454
imagenette2-160/val/n03394916/n03394916_49731.JPEG,566,n03394916,French horn,06677f65bc57106621bccd7e1583533377c70c734d17ca2d4fd299a34b8b5394
imagenette2-160/val/n03394916/n03394916_5011.JPEG,566,n03394916,French horn,d9dc1397ee236de4d220db60631ffc43da5463e26263dab0f27640a5f9adf869
imagenette2-160/val/n03394916/n03394916_51130.JPEG,566,n03394916,French horn,176d1e4f45fbe9b18cf4045b0ca1db4e33ece0020f8b5e2f7473b13a5ae01512
imagenette2-160/val/n03394916/n03394916_51161.JPEG,566,n03394916,French horn,4aa0877d9fbf8976337c0c1d8d62ba4c357d742f7b0e2c61ec9cd1d7b258b314
imagenette2-160/val/n03394916/n03394916_51440.JPEG,566,n03394916,French horn,84a41c4afec490308a7dad1ce027fb9dd5515629f2556cf0d07e8cf6fa16a655
imagenette2-160/val/n03394916/n03394916_51571.JPEG,566,n03394916,French horn,7688697c64dc3993201a51e2de3df944f2192ea2b4edb904a85c4cdacbba61a7
imagenette2-160/val/n03394916/n03394916_51680.JPEG,566,n03394916,French horn,7bdd2133c4c9418d14def4b33caa40c9c7d4cca3fee54768cb5e44ba32fad479
imagenette2-160/val/n03394916/n03394916_53962.JPEG,566,n03394916,French horn,3d0a0a7412ca066c4af0a8d319fadb1f70cc663a57158d0be6fc19dc79e215d8
imagenette2-160/val/n03394916/n03394916_540.JPEG,566,n03394916,French horn,4e16d45650e7b2a7c102a292f131eb4b866bb6272ecdf058d9b81a42566dddce
imagenette2-160/val/n03394916/n03394916_5511.JPEG,566,n03394916,French horn,d14416d7bb6d27b7c8437b96d5c83597b0fcab312a31a9f7dd2816348dc09eb5
imagenette2-160/val/n03394916/n03394916_55552.JPEG,566,n03394916,French horn,3e4ea87e650c07a3d05a0e7ea25327ca73682638e76aa70301c774d55dd63971
imagenette2-160/val/n03394916/n03394916_57922.JPEG,566,n03394916,French horn,b6d925225aa5eb27ca60de5e750e66222ed1baf9b3750ad85565a0faf38be9a7
imagenette2-160/val/n03394916/n03394916_59430.JPEG,566,n03394916,French horn,7dee3cb828a7709515c8d483a00e986c8c790bdb4505f89bc5981982459e7925
imagenette2-160/val/n03394916/n03394916_60810.JPEG,566,n03394916,French horn,ef0f7a3154ae0fb8c0e4ff01c373f19a66cdb9dc06ae974b6804c1980703b82e
imagenette2-160/val/n03394916/n03394916_62451.JPEG,566,n03394916,French horn,75dd6a6bcb018f124e6c3689921c0fa56cc6308042ea3a5ad29f2e8fb2392859
imagenette2-160/val/n03394916/n03394916_63390.JPEG,566,n03394916,French horn,6f34bea5c071c9418cb818ef676ace6aa9e0db39a86029b81a45cf6a7bfdc5ce
imagenette2-160/val/n03394916/n03394916_9451.JPEG,566,n03394916,French horn,a1d400434a332824f6d5eae04fbbec2b3fc54ad648b9f630459ad2d1b760c9a4
imagenette2-160/val/n03417042/ILSVRC2012_val_00034001.JPEG,569,n03417042,garbage truck,09d9deea3330803ca9ab02be381db997ffe8f62c61bdec26259eb68be5e6acb3
imagenette2-160/val/n03417042/ILSVRC2012_val_00042802.JPEG,569,n03417042,garbage truck,fec83a4eefed150e52e0f749a0f7bff9393f96c8db76bb85d755d99f91196a91
imagenette2-160/val/n03417042/n03417042_1000.JPEG,569,n03417042,garbage truck,1d458294bd27e7d3ae755e777863eb0f514fc54e529e8ca22e2c0dcef521c3b9
imagenette2-160/val/n03417042/n03417042_10141.JPEG,569,n03417042,garbage truck,0346c39f3fe9a9e0b22ad6de6f37264969eb553987f1a0608b80e643ae55f7dc
imagenette2-160/val/n03417042/n03417042_10150.JPEG,569,n03417042,garbage truck,d314100725956b8854044d3bba6ab52d6b72749090e6b28e095598d096b2b0c6
imagenette2-160/val/n03417042/n03417042_10300.JPEG,569,n03417042,garbage truck,4d0f12a69d3c0f8b1eab6ede3af634a7b30d286bb6da2a18d6ac61f4c98a1455
imagenette2-160/val/n03417042/n03417042_10362.JPEG,569,n03417042,garbage truck,a9db466f1a6f05a00021e62c2d7d4e87a67b429a6c96f1d7c1a9960d7722691f
imagenette2-160/val/n03417042/n03417042_10402.JPEG,569,n03417042,garbage truck,42dfc90987603fac866d93393a8e61462b1aa3af2c038f3585be223b3c33a602
imagenette2-160/val/n03417042/n03417042_1051.JPEG,569,n03417042,garbage truck,1540a3da702906989f0a33e96dd805d65617b85f4e70f5a7efe6aa289dc4e91d
imagenette2-160/val/n03417042/n03417042_10642.JPEG,569,n03417042,garbage truck,b0f3747e4f8a882f06a53c75b474199501576a3764df253fbde8d287179a1ba6
imagenette2-160/val/n03417042/n03417042_10752.JPEG,569,n03417042,garbage truck,c169d65a04e94891add7acb7f44d9b32e13a693fc6e3f57b9c06aa30f53a2577
imagenette2-160/val/n03417042/n03417042_11.JPEG,569,n03417042,garbage truck,84bfca37b567111b7507df6618d99bb0a8a7fb66c3de7e7210b5ddc8bdb8c68e
imagenette2-160/val/n03417042/n03417042_11000.JPEG,569,n03417042,garbage truck,edffc1942aa74cf82d082657b744cb75ba180b2ef6bdbf9d7e19564fc79424fb
imagenette2-160/val/n03417042/n03417042_11072.JPEG,569,n03417042,garbage truck,0055b9c9bb601a4f2f84da3ab122b81f42d910a9e91aca08c30ea2a885c5d4a8
imagenette2-160/val/n03417042/n03417042_11552.JPEG,569,n03417042,garbage truck,90c675f9fe375555c883a7dafa457568413b39c906b1224f57caec4f1df20d33
imagenette2-160/val/n03417042/n03417042_11602.JPEG,569,n03417042,garbage truck,68317f40fa0bf8a949f33c93376dadee8cc3d2ee30cc9cab57adad7b779b6bfd
imagenette2-160/val/n03417042/n03417042_12031.JPEG,569,n03417042,garbage truck,e32403b7b95bdb4840c08ff38107761b6af93f230d6527310b08372e2c5d3fb5
imagenette2-160/val/n03417042/n03417042_12322.JPEG,569,n03417042,garbage truck,7bd42d3c1862225fb7102b2cedac5f74364efd0208ee980b5bd4184b498cb5eb
imagenette2-160/val/n03417042/n03417042_12531.JPEG,569,n03417042,garbage truck,0babadf90185667cadc6987f515f9275bdfd71a2a0bd55133d8ca5054e4b57dd
imagenette2-160/val/n03417042/n03417042_12601.JPEG,569,n03417042,garbage truck,8d78513db2fd52043c679cf11a3ae938161641ea740980509a82fe27e8220dbb
imagenette2-160/val/n03417042/n03417042_12711.JPEG,569,n03417042,garbage truck,378564694ac9435d19dc72b7c6956dbc04b1ec18caddb7193ff4dc50c8d333d1
imagenette2-160/val/n03417042/n03417042_1280.JPEG,569,n03417042,garbage truck,fb176a21eb0f249e68c430c44394f9a35d061b2f8451fd3b2b3c39ce127d3273
imagenette2-160/val/n03417042/n03417042_1282.JPEG,569,n03417042,garbage truck,a5b8b7b4cdb6afa1b03cd44fbbd6f3ae411c0c98788f681b89c3b3cd8274eb0c
imagenette2-160/val/n03417042/n03417042_1311.JPEG,569,n03417042,garbage truck,2839e14b2d5c03d50f3da1aa185ad037b63bcb1ffe974e5fe54087f4cd1bcdc9
imagenette2-160/val/n03417042/n03417042_13151.JPEG,569,n03417042,garbage truck,274e3cec59c574c79d3a4c790948906cc67b1d9a093248e198f9a0a9e824007f
imagenette2-160/val/n03417042/n03417042_14712.JPEG,569,n03417042,garbage truck,62eb5c02cee3c3a51b2687530ca456954264c9109b35c0c98ba798a219767ced
imagenette2-160/val/n03417042/n03417042_15970.JPEG,569,n03417042,garbage truck,566a7d13b91dabe0aba191cff48c9170915931376c391762cc9332c4267d305a
imagenette2-160/val/n03417042/n03417042_16871.JPEG,569,n03417042,garbage truck,a4ecb20f3c8dbe07d75ee479264841abb24b2e9ca6196ad00d71bae73e43bfd6
imagenette2-160/val/n03417042/n03417042_17142.JPEG,569,n03417042,garbage truck,4eebe931ca788f68b95f7e6a8ec63b0c1dece5381eab29f84940a80294d2326e
imagenette2-160/val/n03417042/n03417042_17470.JPEG,569,n03417042,garbage truck,ab0dda36c1b2b1cdc1c756b80633dd2bd7459114b2a8adfebe837f3d08856ba8
imagenette2-160/val/n03417042/n03417042_1790.JPEG,569,n03417042,garbage truck,5b917fdaec827121958e64cb24e2f5e16e5eef4deaefcf6fc06944d4762e6c3a
imagenette2-160/val/n03417042/n03417042_17911.JPEG,569,n03417042,garbage truck,688c45d2a92260429e3b6a47d09f800ce0745c51000a853ed771a10ab9ba62de
imagenette2-160/val/n03417042/n03417042_18722.JPEG,569,n03417042,garbage truck,c4cc059b482dfa0c972faf11e2bc42fa5cd3c9a17bfbffd849eec64d7dca688e
imagenette2-160/val/n03417042/n03417042_19531.JPEG,569,n03417042,garbage truck,3566b3cd6e67550cb066cd028d8c1e877b03e9cf97926fd9c1af381797091ea5
imagenette2-160/val/n03417042/n03417042_19812.JPEG,569,n03417042,garbage truck,bd5ffb2e69ed8212054ef651be2da63f802626206dd2694f77a7e3e12d3d610a
imagenette2-160/val/n03417042/n03417042_19862.JPEG,569,n03417042,garbage truck,cf7a1aa72099a81f70ca353b1647faead8a5fd4081e49721df9a9526a0afcbb0
imagenette2-160/val/n03417042/n03417042_19912.JPEG,569,n03417042,garbage truck,e4e8bdc42ab05619a3dd8db22436713e26e3626f818dc0a4c388d90bd0442aab
imagenette2-160/val/n03417042/n03417042_20021.JPEG,569,n03417042,garbage truck,167164a374b22fb4a691ec232df54dc8a85ba78afc6c63897533107000006d63
imagenette2-160/val/n03417042/n03417042_20340.JPEG,569,n03417042,garbage truck,4aed262c7466bec454cfd627c841a1ef744cf604b4835547a9e7f7166a1848cd
imagenette2-160/val/n03417042/n03417042_2060.JPEG,569,n03417042,garbage truck,b31d16b0f1de6399dc1048ec455567f4726b6757d11d686195a92f05ab1dd38a
imagenette2-160/val/n03417042/n03417042_2062.JPEG,569,n03417042,garbage truck,23eb7ed5864a0d41d0c01805187608feb5a205d948044d58d64401464f331edc
imagenette2-160/val/n03417042/n03417042_21102.JPEG,569,n03417042,garbage truck,52bcb17614f9220bdb49e99c4be0e9991f06c9a836dc17b99c51e6621e2af762
imagenette2-160/val/n03417042/n03417042_212.JPEG,569,n03417042,garbage truck,ca3315d483c0f15ed1f109f1332d6d735119b62178f30423c8963dd4b71e341d
imagenette2-160/val/n03417042/n03417042_2132.JPEG,569,n03417042,garbage truck,05e039b67568a2e3decc3cf743a2e3c55ebadef8b3997817d985e97bf2b4c5b5
imagenette2-160/val/n03417042/n03417042_22.JPEG,569,n03417042,garbage truck,a2f0e54341a0f8ff9d8c441f4fa735079ea715a8d009314655c63ffdde5ecf8f
imagenette2-160/val/n03417042/n03417042_2230.JPEG,569,n03417042,garbage truck,cf51b0fd94999458db82eb1eff0fb2626b3df135dfe73878dfd53c3c33922643
imagenette2-160/val/n03417042/n03417042_23272.JPEG,569,n03417042,garbage truck,a236d8092030af7680a8a1b54faab0a29985480497a0636cfed386be20569d06
imagenette2-160/val/n03417042/n03417042_23440.JPEG,569,n03417042,garbage truck,0f6df8d9e52851cc1c8909be836d1cb8c59b056d281630a3c71a6580b2eb3c21
imagenette2-160/val/n03417042/n03417042_23541.JPEG,569,n03417042,garbage truck,5d99fef20adc3877c576458c58979115c35fdd1118419e75c692800c4097bd48
imagenette2-160/val/n03417042/n03417042_25992.JPEG,569,n03417042,garbage truck,649cfc119d039d0513bec83120e3df2a1b04ef1939a0d0332c18b1a016b8b499
imagenette2-160/val/n03417042/n03417042_26850.JPEG,569,n03417042,garbage truck,50b6eb87bf849c16357e9a8e8208c734325b9eb5aad7512d3e7f9ce640ec91ef
imagenette2-160/val/n03417042/n03417042_27361.JPEG,569,n03417042,garbage truck,9feb5a1e044365e7ae603e9f1992f0cbcecc4ad8a0417325842ceb7afe1f1774
imagenette2-160/val/n03417042/n03417042_27780.JPEG,569,n03417042,garbage truck,b14e878456bcc841623f34a91cb6442607eaffc1b63ee3e5d5aec04d94eeddb4
imagenette2-160/val/n03417042/n03417042_27862.JPEG,569,n03417042,garbage truck,8f45c59623f2279441f7d65c2d0f34ba8df630e82d6072c381e910919d05f51e
imagenette2-160/val/n03417042/n03417042_28261.JPEG,569,n03417042,garbage truck,fcd36cdd928df06bd011da950cd07dbcc8fcdccd43c55cb787591904cd63612d
imagenette2-160/val/n03417042/n03417042_28610.JPEG,569,n03417042,garbage truck,13749ca33e815ded5e09c63f24810d1bc228dcf0710e8ab834feb24b261104b2
imagenette2-160/val/n03417042/n03417042_28702.JPEG,569,n03417042,garbage truck,6623e2bd461b004885ce1f945048c50ff0be783a06996f2e56f9c78d655d627e
imagenette2-160/val/n03417042/n03417042_29722.JPEG,569,n03417042,garbage truck,df1bc1f73dcadc42262f8b54d44c755de3d98218382338547a3ce147c3407176
imagenette2-160/val/n03417042/n03417042_2991.JPEG,569,n03417042,garbage truck,24c1cf01edb9ba1ac069475dca37199468546926fda7b327387b58dfaed7193b
imagenette2-160/val/n03417042/n03417042_30.JPEG,569,n03417042,garbage truck,35fe15b3f5073c0bf87fc23c7f33b212cafabb53de28b7824e68deda1061cd16
imagenette2-160/val/n03417042/n03417042_3280.JPEG,569,n03417042,garbage truck,3dc6a392e3e1fa7c9edb25f588b562c88eb0dea6ae7f45c9c8b93d979fe94901
imagenette2-160/val/n03417042/n03417042_3300.JPEG,569,n03417042,garbage truck,a373d560b78ffea82dcd213d77fd432f310b918eed38f74c1ba90a94acd9e7d5
imagenette2-160/val/n03417042/n03417042_3351.JPEG,569,n03417042,garbage truck,e3654fe245fb310d061ac2bedf3a9a7e7bd58946cfed1d230577a6c6fab20e8d
imagenette2-160/val/n03417042/n03417042_3390.JPEG,569,n03417042,garbage truck,978a385c35f0070b154357dc1106bb5baa24b3ad97af7fbdb2b962bd243c42fc
imagenette2-160/val/n03417042/n03417042_3482.JPEG,569,n03417042,garbage truck,5fcd7b9ea04bc9f9dd1bdcd128e613cdfe7d229fa48cb129c7203e433ccbb9b5
imagenette2-160/val/n03417042/n03417042_3592.JPEG,569,n03417042,garbage truck,353b86df096d221539e47e577152fac9cd85d5e00583d740421abbe2cb269809
imagenette2-160/val/n03417042/n03417042_3842.JPEG,569,n03417042,garbage truck,c8db14a9b2b4a1f86f4d0959838dd8be3f8aff9051f7e6f22915f33a52b9c96b
imagenette2-160/val/n03417042/n03417042_3952.JPEG,569,n03417042,garbage truck,e9aac0330ee544dc99e22f3ae7a412c8d8415277f68d98a0d50ef293d8c3d8a1
imagenette2-160/val/n03417042/n03417042_422.JPEG,569,n03417042,garbage truck,cb0a8f2a5c74064fa510438d59f8cb044f9914ab919db52d3a193a08a7e561c2
imagenette2-160/val/n03417042/n03417042_4232.JPEG,569,n03417042,garbage truck,b749669408c79de69d96820cd71ab4a1a9aefef89d21231b4330edc32497c6fe
imagenette2-160/val/n03417042/n03417042_4292.JPEG,569,n03417042,garbage truck,bd86ffa2a3594941e2a9937abd7e4fb55b3686374adeb9b2bf74e30e64afb47a
imagenette2-160/val/n03417042/n03417042_4491.JPEG,569,n03417042,garbage truck,4bd67671520282371aeb963b89d8f60bf0a693eb8dabd73fe95c6b5ac57117ca
imagenette2-160/val/n03417042/n03417042_4552.JPEG,569,n03417042,garbage truck,b71eb768ad22bda7ab87bed6dd4fa49f3c83965f933ffdbebbada423a15a66a1
imagenette2-160/val/n03417042/n03417042_4600.JPEG,569,n03417042,garbage truck,6a85afffd1ecc9fc1cff33be5dbf3948abaf62b844ffcfc60c858a50db9fa387
imagenette2-160/val/n03417042/n03417042_4761.JPEG,569,n03417042,garbage truck,1a972ad9feed6bb22e92440004dd1552f7772754404c135ab1984f406eb0b091
imagenette2-160/val/n03417042/n03417042_4790.JPEG,569,n03417042,garbage truck,f88a3e32596fc6e1bd3b0718d950f70579234f2c6bf944f1cc6a2f42c28100e9
imagenette2-160/val/n03417042/n03417042_4980.JPEG,569,n03417042,garbage truck,e399af0f4a828fe73c647e3fd4f8eb5834f302b92e96dd1406234afd20ef4049
imagenette2-160/val/n03417042/n03417042_5110.JPEG,569,n03417042,garbage truck,0f139b49552177f05b688421c1dd0a72ec69fa30b53e67b9ea9d4a5b053b5709
imagenette2-160/val/n03417042/n03417042_5180.JPEG,569,n03417042,garbage truck,759972697bcf6168c53890243a7d4b27e9a51aa248090dfcbf3401b98551be9e
imagenette2-160/val/n03417042/n03417042_5631.JPEG,569,n03417042,garbage truck,1ad6753a0514a25ec474b47d831e44739f66f2e3b5af09306f495d96669b1253
imagenette2-160/val/n03417042/n03417042_5682.JPEG,569,n03417042,garbage truck,25424fe0764db3a610a1efb201a61b5c4de3fb675bc054fab04df2bab6aa84d0
imagenette2-160/val/n03417042/n03417042_5691.JPEG,569,n03417042,garbage truck,f792a4013c1949967da9287cc25f769ed0c3df2d71993e419adcf94868286c44
imagenette2-160/val/n03417042/n03417042_5752.JPEG,569,n03417042,garbage truck,14264ff4c4c8ff976421b9d67929b0f467eea3235a473240d89eb317f9401796
imagenette2-160/val/n03417042/n03417042_5920.JPEG,569,n03417042,garbage truck,57ff9c4dcf28376bdd2aa9edaffe18af6ca3d9272e37f7f325799d6afc553c78
imagenette2-160/val/n03417042/n03417042_5952.JPEG,569,n03417042,garbage truck,26b85b3d4a4b26dc696254046351744f98e4e9efeba0fe7b00bc1b6e7f15106f
imagenette2-160/val/n03417042/n03417042_6050.JPEG,569,n03417042,garbage truck,13a48470cd93319bf6d313f2d914abd2f7ba230351839e1057ed41cd66bc7218
imagenette2-160/val/n03417042/n03417042_620.JPEG,569,n03417042,garbage truck,e58a6eb5211bbca38863c3e55de77ae924c84b52ce282dbbddca173d72ed14f6
imagenette2-160/val/n03417042/n03417042_652.JPEG,569,n03417042,garbage truck,0febe2187e5d3c13de834b37faebb1ad7e0374c28f4aaca6cc7316a7c1e5e1eb
imagenette2-160/val/n03417042/n03417042_6662.JPEG,569,n03417042,garbage truck,f182c66f473b351ebb1c9de453ecc5be6316910e805cec8cb586760b8eb0d050
imagenette2-160/val/n03417042/n03417042_690.JPEG,569,n03417042,garbage truck,5717662566806715df423c9ee6aaa2a69703047ba09b8af41bf2535318421cc7
imagenette2-160/val/n03417042/n03417042_6941.JPEG,569,n03417042,garbage truck,7e65baba78972fdfb0fb78ab8d54bf5f64d808b89a81b1eebead517620accadc
imagenette2-160/val/n03417042/n03417042_7002.JPEG,569,n03417042,garbage truck,12a195d12fd0ba3e3f1666bd1f83242e956d21b227821d0a2f73dacb82b82934
imagenette2-160/val/n03417042/n03417042_7371.JPEG,569,n03417042,garbage truck,4cc543a0839a68527f5b78499294c0b80530fc0e06ecca03372b1a8e336c5d91
imagenette2-160/val/n03417042/n03417042_750.JPEG,569,n03417042,garbage truck,71e3aac4a5af78186b51ac65a7521c090d9a1c100179c66b9e8fb727d699935e
imagenette2-160/val/n03417042/n03417042_7621.JPEG,569,n03417042,garbage truck,de6cc07baf8fd604fe8123c3beb7311cca6095a22d1dae1379b1a8cf00f5422c
imagenette2-160/val/n03417042/n03417042_802.JPEG,569,n03417042,garbage truck,120b66484288164d8fadaa5ffa6619b089b67cb220e2c7603eeff8387f95a399
imagenette2-160/val/n03417042/n03417042_8192.JPEG,569,n03417042,garbage truck,9bb0b98108fa3a94ba62d9f6ec83c73b8c730137b783c5c87bacf5f776abc49f
imagenette2-160/val/n03417042/n03417042_8552.JPEG,569,n03417042,garbage truck,3a1443ee82f87c2ebc3454f60698d4917ef871971b32952d444895e7f5a212e5
imagenette2-160/val/n03417042/n03417042_8690.JPEG,569,n03417042,garbage truck,51f5c98af19e949b940f26a7c4e31e3c99a6f2eecbd09aefb8566411af83d134
imagenette2-160/val/n03417042/n03417042_8872.JPEG,569,n03417042,garbage truck,8aa914c74bc8e4d3a619d8008a6fbc418cfafaaaa237f9df981d7964b42f2ae1
imagenette2-160/val/n03417042/n03417042_91.JPEG,569,n03417042,garbage truck,3f3ce6c08bbb40f49439d683089e02e82e6e5e7dd3fa8c2a30f3e5468df6ce59
imagenette2-160/val/n03417042/n03417042_9620.JPEG,569,n03417042,garbage truck,4eb54a2222a5af9a66065c4d821655ef1991459e467b0d65dfbf69c9745f087e
imagenette2-160/val/n03425413/ILSVRC2012_val_00032250.JPEG,571,n03425413,gas pump,53df027ea90610a855114b7cc99a187534cced9fb64d9a35406603c04077a6a2
imagenette2-160/val/n03425413/ILSVRC2012_val_00035211.JPEG,571,n03425413,gas pump,81ce8de7166ebda46f0fccad12e821fdd8ee0c4b5e4612c2477a63b03e425162
imagenette2-160/val/n03425413/ILSVRC2012_val_00035242.JPEG,571,n03425413,gas pump,d117a0c7e022f0566181c8599c9b84d93b38fcb40ec480f703da9bedc592effa
imagenette2-160/val/n03425413/n03425413_10022.JPEG,571,n03425413,gas pump,917423bced1967053f8b112550a10387341d0c4550c7c8cd3505a5f15d474ee3
imagenette2-160/val/n03425413/n03425413_10251.JPEG,571,n03425413,gas pump,4166635b97c67ae2f59262f891db11aa2c8d94a881150a8e59eca11f385e6d6b
imagenette2-160/val/n03425413/n03425413_10450.JPEG,571,n03425413,gas pump,a2d3a10ba1526a02bd5fbe164fc3a41a25df1ec055f1c1377c65922bfffff09f
imagenette2-160/val/n03425413/n03425413_10771.JPEG,571,n03425413,gas pump,198c1029de5428c8019c2de1aafec83cceae98d6c9d3915629d564f64af31bee
imagenette2-160/val/n03425413/n03425413_10882.JPEG,571,n03425413,gas pump,03e988b3b41b687baf2728d7959c3ffd444e91479b395d06eca7cde0df2ac1e3
imagenette2-160/val/n03425413/n03425413_11092.JPEG,571,n03425413,gas pump,278d6ea7e8f7a2aa1d9ffa3166268e2c9ec8fce0b1e4b629a3b7dfa0f3cf8fbe
imagenette2-160/val/n03425413/n03425413_11180.JPEG,571,n03425413,gas pump,1ce297b42f469d2ff81a31c05db9b0b71ee11dc638a2e74cdc4346e653b2691c
imagenette2-160/val/n03425413/n03425413_11370.JPEG,571,n03425413,gas pump,ef7d53843440339e9417bf134a19902a11bfc5a01fb0d1d4157d32c0603470f8
imagenette2-160/val/n03425413/n03425413_11470.JPEG,571,n03425413,gas pump,af2bbb26b436e23e0e8bce6632a86817b9173fa508456d91cac3c367b56ef1d4
imagenette2-160/val/n03425413/n03425413_11731.JPEG,571,n03425413,gas pump,5d66215d77086176590adc9e5b8351a962024b0d50dd837812f17827ed4ca5de
imagenette2-160/val/n03425413/n03425413_12701.JPEG,571,n03425413,gas pump,5b60022946548dee637d85d6c546cccae0bd877bf594f70514911ce2563f418b
imagenette2-160/val/n03425413/n03425413_12710.JPEG,571,n03425413,gas pump,55325966291d83c13fc075ce4f60899ca814d9de1ff46ae297514511b6986e5d
imagenette2-160/val/n03425413/n03425413_12861.JPEG,571,n03425413,gas pump,bf89da67cad7f6326b50701e5ab530c4dc8ac73bf174718b5472ae229b78556b
imagenette2-160/val/n03425413/n03425413_13072.JPEG,571,n03425413,gas pump,f2f4215d50b86cb2b2a76613f77f31fc2221796af35bbcd25008642930dbdb42
imagenette2-160/val/n03425413/n03425413_13230.JPEG,571,n03425413,gas pump,07b977cb8d957f57175ead0513d73c2e94c1362877bab8867feb49b5e61ab7ad
imagenette2-160/val/n03425413/n03425413_13232.JPEG,571,n03425413,gas pump,44e91d3c93235314ed68413fa8ae4f49224b2324553a94761d22991315ea7d89
imagenette2-160/val/n03425413/n03425413_13270.JPEG,571,n03425413,gas pump,d153d56af282505fa73a7828ef10c32364a0bd2971f884d458956b4fd71787c8
imagenette2-160/val/n03425413/n03425413_13382.JPEG,571,n03425413,gas pump,2edb84ead136939a50d64324b4709691d60012ad64df265361efb673d521f37c
imagenette2-160/val/n03425413/n03425413_13390.JPEG,571,n03425413,gas pump,84c72af8d9d2f52a61da083c6eae7feefda43efb5292c294a24e764a16c35f53
imagenette2-160/val/n03425413/n03425413_13672.JPEG,571,n03425413,gas pump,094d930cee8d2447316411fada0120526e8ecbf568044a27d16db0f01eb7bd99
imagenette2-160/val/n03425413/n03425413_1381.JPEG,571,n03425413,gas pump,d403635452e5b6fd6906f2b972066e81d93f4af82c04bbd19617b8f699c6d4eb
imagenette2-160/val/n03425413/n03425413_13971.JPEG,571,n03425413,gas pump,0ecb687c291fa6b294364cd82a89634ca08431480cc78dc1ad605f85eb02e578
imagenette2-160/val/n03425413/n03425413_1400.JPEG,571,n03425413,gas pump,28b428f58a2bcbd18b3041925c00bb5c2c3a2d2f8398d11778378a6039fd60be
imagenette2-160/val/n03425413/n03425413_14012.JPEG,571,n03425413,gas pump,5cffd2654c31a9fc07b6e853c37b1da8ec4457632bb2f96d66b765d3f20f8e7c
imagenette2-160/val/n03425413/n03425413_14081.JPEG,571,n03425413,gas pump,fd44fc07c556cb2a07062d467b81b9b7ee8022548052032eb1e2d251d7203c48
imagenette2-160/val/n03425413/n03425413_14600.JPEG,571,n03425413,gas pump,18937b6e36b498d742a6122614f3311b679467315a5b1f4dc51200b131cc8a09
imagenette2-160/val/n03425413/n03425413_14681.JPEG,571,n03425413,gas pump,ce6e6d4b53185d72569d1973e1a81dced0906a40930d4f79a40c1a356b58ea51
imagenette2-160/val/n03425413/n03425413_14720.JPEG,571,n03425413,gas pump,b66a44e8a18fca2e39f5a276665c02c04317237646351b40d250e1eb85f505b5
imagenette2-160/val/n03425413/n03425413_14740.JPEG,571,n03425413,gas pump,c5e6d63ca694c948cd26b114896502a112310e9fe6bff80f0d66634cd115be67
imagenette2-160/val/n03425413/n03425413_14752.JPEG,571,n03425413,gas pump,721236ee342fd40ec305547fbfcfca13e845d66d11d4dd9281d2f947151ddbc9
imagenette2-160/val/n03425413/n03425413_14891.JPEG,571,n03425413,gas pump,94d866a003f5db615326d80b26944ab755859467dd53a7d1fcd406a902e1bfaf
imagenette2-160/val/n03425413/n03425413_15000.JPEG,571,n03425413,gas pump,0f5f08b8bc2cd6e211374f60225ddc569f8fd8b24191ed3ed556fdd80cdb44c5
imagenette2-160/val/n03425413/n03425413_15130.JPEG,571,n03425413,gas pump,4b331daaac511578e87f236ea1e733bbd6705481664e11ac4702398bd102df5b
imagenette2-160/val/n03425413/n03425413_15131.JPEG,571,n03425413,gas pump,a33a7aee2d3799107e17a4d977c8a53adc1efb88c6eb2d8dc73b637df2aa6efe
imagenette2-160/val/n03425413/n03425413_15321.JPEG,571,n03425413,gas pump,75d503d26241e0cfa48e2acefbba3e17610e5dd19d66fef68689719ccadd0c17
imagenette2-160/val/n03425413/n03425413_15602.JPEG,571,n03425413,gas pump,37fc52d26b76eb0fd90397427e73d01a34d6e1937784037815afa96c35d830fd
imagenette2-160/val/n03425413/n03425413_15671.JPEG,571,n03425413,gas pump,3c9d96fbca1f6dcf931dfd6c8b8f3f1729f1fa7ea1ccc31033d462a37313d5d5
imagenette2-160/val/n03425413/n03425413_15862.JPEG,571,n03425413,gas pump,6c3ab789f31b74338203018d2ba1f8d222079bcd165d7708d134b2252b222768
imagenette2-160/val/n03425413/n03425413_15871.JPEG,571,n03425413,gas pump,52ad3bceff0a589fbee10a9d55a9835fed249ac626557819313afab7776f0f5d
imagenette2-160/val/n03425413/n03425413_15950.JPEG,571,n03425413,gas pump,6cc06bb53c45590ad1dee1449fbb85752ca0fa292b53538c7f3a6363b89dd89a
imagenette2-160/val/n03425413/n03425413_16400.JPEG,571,n03425413,gas pump,68f5362432c63bf0548643c3dd8a36419266322271a73f375c49672d8559c33e
imagenette2-160/val/n03425413/n03425413_16581.JPEG,571,n03425413,gas pump,f104c3921cef67989d003b50c780b388b8d81e6152b7fee7c6f0e9198fbbe365
imagenette2-160/val/n03425413/n03425413_16911.JPEG,571,n03425413,gas pump,f1e631f3c0faf4d86f25932b402138ab23810ce7630f0b78be282ae4d01fba59
imagenette2-160/val/n03425413/n03425413_17000.JPEG,571,n03425413,gas pump,8d0145d2cea9025ce57d71664f1c7c79396c5bbd0a8f3458154ba8ac2b5a60ec
imagenette2-160/val/n03425413/n03425413_17322.JPEG,571,n03425413,gas pump,9ae02c87da38371b9298aa6af431b1ce9bc0712d707d45edd66fca73410121fb
imagenette2-160/val/n03425413/n03425413_17701.JPEG,571,n03425413,gas pump,051543ae6bd1296012d42ef8b35c3444dee7ef0c15dc53c688e5e38cf6a08975
imagenette2-160/val/n03425413/n03425413_17851.JPEG,571,n03425413,gas pump,e683a5ea8bbf0f9965094937d314fb92ac0a66479141e60b7f41829e2a9ca136
imagenette2-160/val/n03425413/n03425413_18390.JPEG,571,n03425413,gas pump,cd83baff00bac9c0dd551f7a07fbdb4995bc6752228db174c09f093630de8fb0
imagenette2-160/val/n03425413/n03425413_18562.JPEG,571,n03425413,gas pump,09eb2fc29328850fcc4d2c06ddaf1beab188d898255bb9eb83c7d5b489fe55a5
imagenette2-160/val/n03425413/n03425413_18750.JPEG,571,n03425413,gas pump,7064998f522b1aaf754a61d5e0a4abf08e7b19308992007ecca54da8a0d2d2aa
imagenette2-160/val/n03425413/n03425413_19102.JPEG,571,n03425413,gas pump,a407d2aa47fa54d8a57991c3d2fda6db5768f63532711fedf32e78075d150e59
imagenette2-160/val/n03425413/n03425413_19221.JPEG,571,n03425413,gas pump,f004340fd7365028195d64c790b93df8a1352cef59377306d25849934047fb48
imagenette2-160/val/n03425413/n03425413_19250.JPEG,571,n03425413,gas pump,72f4f3fd2aed5520764343b815a06c6bbc304eaafce23c3afe1b4fb79478bdc9
imagenette2-160/val/n03425413/n03425413_19261.JPEG,571,n03425413,gas pump,3d51121ae30a97ed919d92a2272e57b3642958ed7187cf43b183b23f3697b1e0
imagenette2-160/val/n03425413/n03425413_19271.JPEG,571,n03425413,gas pump,655f3c1a40131407d9f0801377e60d3910c009574c3d09b506b19e67503af391
imagenette2-160/val/n03425413/n03425413_19901.JPEG,571,n03425413,gas pump,ecf01be32d884058a16cde1f4752334c05ca623c54e831f3e4e05cb22429ad01
imagenette2-160/val/n03425413/n03425413_20130.JPEG,571,n03425413,gas pump,e9655c17000f6dccf0a23d468fc447a9b18dc2bef59010428de358d8d063eb56
imagenette2-160/val/n03425413/n03425413_20312.JPEG,571,n03425413,gas pump,752aa9df08846641f7b3caac51fa0653eb0217f7a3367b2aaa18254e933a04b9
imagenette2-160/val/n03425413/n03425413_20360.JPEG,571,n03425413,gas pump,537a5ee3a8bcc5755cbb6df0fc343d64978b319292959f0aee5bfac6f23c7e49
imagenette2-160/val/n03425413/n03425413_20371.JPEG,571,n03425413,gas pump,0268a3a9b233ed1e28590ad0e51a5d0d42cc0c5dc19417ab3d7e6fcfec3136eb
imagenette2-160/val/n03425413/n03425413_20690.JPEG,571,n03425413,gas pump,96f92666e41183cd990b03b9df1b0bbfa499e9da40b6ab0dbaa308c826279884
imagenette2-160/val/n03425413/n03425413_20742.JPEG,571,n03425413,gas pump,78daa18dacc5ac2654f8cca3341544d5a51d1acec4866013f80d6498b9b02d24
imagenette2-160/val/n03425413/n03425413_20872.JPEG,571,n03425413,gas pump,cc098e2252caf858216c2133fec018feb032d10ee7b6bc63ecebf5f060365481
imagenette2-160/val/n03425413/n03425413_20992.JPEG,571,n03425413,gas pump,e114b197eaf2a773e60ba09c0b4273274a960d8c3f8f4eac68d3d760081c65e7
imagenette2-160/val/n03425413/n03425413_21051.JPEG,571,n03425413,gas pump,8c285737dbb6f3ade68691f4f46892e00430218c7bc3bfaa6f16492300091f2d
imagenette2-160/val/n03425413/n03425413_21162.JPEG,571,n03425413,gas pump,f2ff2250686437ac046025206fe47c6972dcc5c5826baa5de439a8fb59f05929
imagenette2-160/val/n03425413/n03425413_21180.JPEG,571,n03425413,gas pump,b475a61c9e5b81d1f316bc064437d3fd967bc0f157bed22e761c334f7b35ab3a
imagenette2-160/val/n03425413/n03425413_2141.JPEG,571,n03425413,gas pump,0a1102febb2288154ff85c41e74e4955455d302bc4c748666c045e19c998c945
imagenette2-160/val/n03425413/n03425413_21562.JPEG,571,n03425413,gas pump,99904c308506949f8f436dcab64ee9248d02c37f72f3d702c77a5c07115cf7fd
imagenette2-160/val/n03425413/n03425413_2170.JPEG,571,n03425413,gas pump,88656dcb07468c6eb794e678349ee48a7a8b354611862e67603294249ba55d3b
imagenette2-160/val/n03425413/n03425413_21911.JPEG,571,n03425413,gas pump,d49e62f2a3551a4b9905638a1786d0c9c4bec4acfbc946d9079c0c21c3586745
imagenette2-160/val/n03425413/n03425413_22071.JPEG,571,n03425413,gas pump,4b2adba4488d2f2b7e0f910280c667d2c06a7572c2e1cff364d59092e32966b3
imagenette2-160/val/n03425413/n03425413_22092.JPEG,571,n03425413,gas pump,40081c9c1c01289430f20eda11247601b468bd59451b2a929b248ef1d443fbb1
imagenette2-160/val/n03425413/n03425413_2311.JPEG,571,n03425413,gas pump,823e3d8cf77988e8b960d006111ab0cb147e883ac02f4f34de084b9a98b0ee61
imagenette2-160/val/n03425413/n03425413_24522.JPEG,571,n03425413,gas pump,2e9e579d8cad6cc4f30a52688357b3994c3eb19c81631677ffad55d9c3eada5b
imagenette2-160/val/n03425413/n03425413_251.JPEG,571,n03425413,gas pump,8d806dae3f3ecc4822ee05fc66ec8408892bfb16791c586d61f4c260b7bddf21
imagenette2-160/val/n03425413/n03425413_25410.JPEG,571,n03425413,gas pump,28eda90647a7fc3078e1171759449c1c6560c9130a0c3c10c3d345fe28e7bc49
imagenette2-160/val/n03425413/n03425413_260.JPEG,571,n03425413,gas pump,64a953273e4ca44892a6a0566c2e286509e10e06c67b852809eb3bfa5e10d59e
imagenette2-160/val/n03425413/n03425413_27052.JPEG,571,n03425413,gas pump,7442d004b84113cc29760655b3ca90dffe3e2c74ed3cbe8fde86f93d93559019
imagenette2-160/val/n03425413/n03425413_27392.JPEG,571,n03425413,gas pump,3fe2c32ec683935b01a4f380be666636593719cb8118268bedff72d54b34b0e4
imagenette2-160/val/n03425413/n03425413_29642.JPEG,571,n03425413,gas pump,0110a6d206a94a3d7c8d34df6495d4554aa6890512462917fbc3b36815df9b9a
imagenette2-160/val/n03425413/n03425413_31961.JPEG,571,n03425413,gas pump,11f37542fea92402e89b3297e49d3cbdf93b360ac34ece39ec31bc7330e4d778
imagenette2-160/val/n03425413/n03425413_3241.JPEG,571,n03425413,gas pump,1fdf0c64e42fbb50a88cc126d0d293ab47c662fd19e9ca6f2c51eb87b87a1820
imagenette2-160/val/n03425413/n03425413_3260.JPEG,571,n03425413,gas pump,856922c3e8d930c96a338a20df9cfd21b3a6acbb2885c3537bdf869ccf6b27c6
imagenette2-160/val/n03425413/n03425413_32871.JPEG,571,n03425413,gas pump,2a0a7b58b9b58101c0ddae3167058a92fa389d24582dd5cf4fb76418e935a2ad
imagenette2-160/val/n03425413/n03425413_430.JPEG,571,n03425413,gas pump,88389af4b0307d1029605b1989b9bf5e87f2d7a3c3ca6df7e97fc6d1948868af
imagenette2-160/val/n03425413/n03425413_4661.JPEG,571,n03425413,gas pump,395e897b385cab33b1c929cdd5be413fa6dced27c25bdad9e858d416e69035c8
imagenette2-160/val/n03425413/n03425413_5732.JPEG,571,n03425413,gas pump,6d0cb4f5cc80d4b4727f6e31d125bd41edd66b769a103d1e3c2abd340f271c22
imagenette2-160/val/n03425413/n03425413_6170.JPEG,571,n03425413,gas pump,c6b3a05d0ebe226b455e5b47843832802d2cd9743a11ecd03573970e63d9f925
imagenette2-160/val/n03425413/n03425413_6490.JPEG,571,n03425413,gas pump,010d20976550bfa0c870cb24466cbf7dbbca59d59f3a5b76b0ad494d4fcedd9c
imagenette2-160/val/n03425413/n03425413_691.JPEG,571,n03425413,gas pump,9007564dd76427d38c48fce3d296aea15e14d43a19f64bc537815e1eefef9c3a
imagenette2-160/val/n03425413/n03425413_732.JPEG,571,n03425413,gas pump,4dc600b9923b5b00ae167bdebf8ae1556d30616c956a952c675aca6f434037ed
imagenette2-160/val/n03425413/n03425413_7320.JPEG,571,n03425413,gas pump,ace571d277e0dfee7d579478db3c8348f675bd8b64a58086c995f2fb39600edf
imagenette2-160/val/n03425413/n03425413_7471.JPEG,571,n03425413,gas pump,3fec23b060b50b30606a540473aa1327159ae2457a41fea24c2926b6e0006adc
imagenette2-160/val/n03425413/n03425413_7731.JPEG,571,n03425413,gas pump,a0e28116f3b962ec435864ccd8d72d93aeef6b1c65fa87c7e8eaae6836885c17
imagenette2-160/val/n03425413/n03425413_7772.JPEG,571,n03425413,gas pump,29d178491d6a107b40ef72ef872bf4985d9032ab6a810a80eebc3e4aa732af8a
imagenette2-160/val/n03425413/n03425413_8062.JPEG,571,n03425413,gas pump,a51812500bc144690ab34d5da0da7b5d83f2291389df40cb2eb1fb08e682d197
imagenette2-160/val/n03425413/n03425413_8622.JPEG,571,n03425413,gas pump,56c5ce23887c26c6e53b884ef3cf88ece75ae8a08c2376fc59c399691721aa57
imagenette2-160/val/n03425413/n03425413_9652.JPEG,571,n03425413,gas pump,9aebefe639f1d1d65b4d1a831df805c9e8aff6a614f954632dd3f40e19e478de
imagenette2-160/val/n03445777/ILSVRC2012_val_00038790.JPEG,574,n03445777,golf ball,35acadef6c83806671dd3cabf86d549bc93a15d441facb44f6168c5713c38221
imagenette2-160/val/n03445777/ILSVRC2012_val_00041672.JPEG,574,n03445777,golf ball,62ef02186beff4ed51fbcbf89ff9edd044b27b5e376159533515fab756cfc915
imagenette2-160/val/n03445777/ILSVRC2012_val_00042350.JPEG,574,n03445777,golf ball,5e357e0f8e097767c8a73cae37b8af9da1e446e42dc638bf5ec1a883e781394d
imagenette2-160/val/n03445777/n03445777_10030.JPEG,574,n03445777,golf ball,3d671780646503777bec54158d1a8a7680c26fda03edb003a464b6de6a98dd91
imagenette2-160/val/n03445777/n03445777_10042.JPEG,574,n03445777,golf ball,6efcb214e72ccf0fc0d118f06a76107ad750baa9e907cc37f1b41a251f81a8cb
imagenette2-160/val/n03445777/n03445777_10141.JPEG,574,n03445777,golf ball,7eca476feb5526e340c5478941c87a4d6eaf8e9895dd811bb07a8ee3684d6690
imagenette2-160/val/n03445777/n03445777_10442.JPEG,574,n03445777,golf ball,3ff93cfa29bdd4766a27696b0b5cc6930afce20078dee195141ebda17d65291c
imagenette2-160/val/n03445777/n03445777_10550.JPEG,574,n03445777,golf ball,3d278fc960f92efbbe49ffe7ab78818aa7326827966b1d59736e565fa3121da0
imagenette2-160/val/n03445777/n03445777_10592.JPEG,574,n03445777,golf ball,1297b7dee61cee16cfeeb0d63ce994fdc305c33d069b4b31859de7cbc0651fda
imagenette2-160/val/n03445777/n03445777_10671.JPEG,574,n03445777,golf ball,f07cd3c7526d8150aeb7685b3d7e15a1eeae8b55015b5005ac2e89cd239aca0d
imagenette2-160/val/n03445777/n03445777_10721.JPEG,574,n03445777,golf ball,7a6693928d8ebca984fc26731faf71dc3698c8d6e29938f3cdec682be631c841
imagenette2-160/val/n03445777/n03445777_10760.JPEG,574,n03445777,golf ball,8a1565c84eaa0513cd32529bc5f93bac2a8d283c9d76bae5eb49f3f2923e7b47
imagenette2-160/val/n03445777/n03445777_1091.JPEG,574,n03445777,golf ball,b152c1c719dd0b4af384a32164900d529a861d03736443fce2a9af54f8315dce
imagenette2-160/val/n03445777/n03445777_11171.JPEG,574,n03445777,golf ball,54176768b2f2b24741e4d980ee88a128a6e6a9be69d1d5185b38eda671cad0ba
imagenette2-160/val/n03445777/n03445777_1132.JPEG,574,n03445777,golf ball,e21bfd839f2fdd930a660d6a3906fa6f6956a4fc140ecfd9847f7e64e3a5f710
imagenette2-160/val/n03445777/n03445777_11690.JPEG,574,n03445777,golf ball,7687ce38e0686fcc47d8504719cf428e7df0824e476a70126508c87d33bed3c9
imagenette2-160/val/n03445777/n03445777_12500.JPEG,574,n03445777,golf ball,3fc1f12d53e22fa09c1e25ee40122558958fd42402e060e116f5ad013a9d48a3
imagenette2-160/val/n03445777/n03445777_12640.JPEG,574,n03445777,golf ball,e6286e5a98b3f278f17e3af16388a6b7b40b7e3625d1056dc614a6272dad360b
imagenette2-160/val/n03445777/n03445777_12882.JPEG,574,n03445777,golf ball,518e6aa33cb7c5bae46e68a00a1404cdfc93968784469479ca7624dac4d07ed4
imagenette2-160/val/n03445777/n03445777_1292.JPEG,574,n03445777,golf ball,0880813b70cea001dbbb50e7b508b1ff6e5e790034fcbe8ad16f26489dc30987
imagenette2-160/val/n03445777/n03445777_12920.JPEG,574,n03445777,golf ball,fce1f247d05adb09469104ec2913509b08ed82c2032610e827e4c61b984da47f
imagenette2-160/val/n03445777/n03445777_1311.JPEG,574,n03445777,golf ball,c13706fbdb84d7939eb5577f43b99f2be6bd175def2ef39ea08451b615999dbe
imagenette2-160/val/n03445777/n03445777_13161.JPEG,574,n03445777,golf ball,b81b0b2264670f811bd4456a0ed20f571bcd8b3a887ea06082246200cf68c358
imagenette2-160/val/n03445777/n03445777_13831.JPEG,574,n03445777,golf ball,f944097629677480189959e04c3ca65771e2df82b32c202fd48481082911b9ca
imagenette2-160/val/n03445777/n03445777_14232.JPEG,574,n03445777,golf ball,aeba9d04481a25e8812eb9901c545c8beb950f79c60a01cb3a07a9cd0151a98f
imagenette2-160/val/n03445777/n03445777_1460.JPEG,574,n03445777,golf ball,85267253da91859df3368630198cf83a49f4a206dead76d56611dc02d83c13fe
imagenette2-160/val/n03445777/n03445777_14720.JPEG,574,n03445777,golf ball,5233be3244e99da6c70d55d3028af01d5eca442ce93c1f45fc51eb9f94f2abf4
imagenette2-160/val/n03445777/n03445777_14731.JPEG,574,n03445777,golf ball,b04cf171d50c476ed4104d781962977eb8bff41c1bcfe619daa46e8d329e5b0c
imagenette2-160/val/n03445777/n03445777_15131.JPEG,574,n03445777,golf ball,151ac07dfdff556f61444d8f7d27ebee7ce8936bd4bb403d1b5f0e24ad94523b
imagenette2-160/val/n03445777/n03445777_15152.JPEG,574,n03445777,golf ball,594f093b3d5551ca976945f354ab59108ee093f0c32dcf816ff3be59c8d44ccd
imagenette2-160/val/n03445777/n03445777_16321.JPEG,574,n03445777,golf ball,b609975131418cbb9ce98bc4ec9e727cf17b666054ab3e9bbd161cdef6c5f699
imagenette2-160/val/n03445777/n03445777_17042.JPEG,574,n03445777,golf ball,1ad8faee426f9f1cb82364ee388b59a747eadae35e2bf93e8f0a94d6d412fd63
imagenette2-160/val/n03445777/n03445777_1750.JPEG,574,n03445777,golf ball,513d7c845927a6edc5e88fb8315509470a80d78a03cdcd30f07a3a0cf4364009
imagenette2-160/val/n03445777/n03445777_1781.JPEG,574,n03445777,golf ball,7aa492ec60f8fcdf39635325deb84a073627a8d8797ab921ba446b383714533a
imagenette2-160/val/n03445777/n03445777_18292.JPEG,574,n03445777,golf ball,3cb4f00df96c783cb886a1ce2136ffa2e4abac295df2e93c6df2bf2c1f04dc69
imagenette2-160/val/n03445777/n03445777_18531.JPEG,574,n03445777,golf ball,1fc7bb4fa8b4bef08f68e12f4f74badd437cbc9d530a4ad522479e020f0d2053
imagenette2-160/val/n03445777/n03445777_1922.JPEG,574,n03445777,golf ball,256a9d0714870c0a0df690a0ec1eae0fd2eb3e1b88988f48c7c71f9374c83cef
imagenette2-160/val/n03445777/n03445777_1962.JPEG,574,n03445777,golf ball,63539415230055b0e40c131b2e05f6937267cb138425dc9524933ccb020650d9
imagenette2-160/val/n03445777/n03445777_20352.JPEG,574,n03445777,golf ball,71b493f4d8d5845aa54dbeadf6879785db1bf919ed69af1021ef7ff5e7d77116
imagenette2-160/val/n03445777/n03445777_20400.JPEG,574,n03445777,golf ball,f606816f42eeb64f791e378c924c73423e3d98bf0af1fb0c4a62c363a672477a
imagenette2-160/val/n03445777/n03445777_2070.JPEG,574,n03445777,golf ball,cf365ee7a9cc72f21b0a00e6fe454471d68a1122c49c29892859ca1924cf2e8d
imagenette2-160/val/n03445777/n03445777_2270.JPEG,574,n03445777,golf ball,80f725298e82e58699f5d5157bc0d92f1b34640d2f5363dd19c37630ee5845da
imagenette2-160/val/n03445777/n03445777_2332.JPEG,574,n03445777,golf ball,b54d7e40f9c29cdea11fcc1466a8f5c269d4c11149d807f68b04549b6e77e7bc
imagenette2-160/val/n03445777/n03445777_2441.JPEG,574,n03445777,golf ball,9b479d82c010339623185e95e0cdcbd32f5f4bf4a0462c5d40d44b3e44eba549
imagenette2-160/val/n03445777/n03445777_2511.JPEG,574,n03445777,golf ball,848e9829905ca37e4127f59f1239333337053312fc5c09806ac23b873ba450d0
imagenette2-160/val/n03445777/n03445777_2530.JPEG,574,n03445777,golf ball,e9f648d0c5e994d2a7cbbf096a88dafd4c2ec58537500947f92e0ea3b6231b3f
imagenette2-160/val/n03445777/n03445777_3060.JPEG,574,n03445777,golf ball,de7897d910f760f1dc42509dedffd184f639b4f71647475246eff8abd8b50bf5
imagenette2-160/val/n03445777/n03445777_3142.JPEG,574,n03445777,golf ball,172246736c745968ddf051a917c1522578e213cafc29b8bbcb1cd9bcc46c8122
imagenette2-160/val/n03445777/n03445777_3311.JPEG,574,n03445777,golf ball,51db3be577d26dfd164b57ce2c9bc34a431bba9d00991951438dc099c862c65e
imagenette2-160/val/n03445777/n03445777_3421.JPEG,574,n03445777,golf ball,e3bb71dac81746782c3e8b2d2c81082019d88ff415c29cb96646f2286fbbb5bd
imagenette2-160/val/n03445777/n03445777_3780.JPEG,574,n03445777,golf ball,63ba07c9bdb0343b4441797e045ab8d2aa1d43fd8ba28e9988a767cce6b3e48c
imagenette2-160/val/n03445777/n03445777_3900.JPEG,574,n03445777,golf ball,a9490dd33780beb3d161e865099715128f261e442d526ac8961ebca1f35ba3db
imagenette2-160/val/n03445777/n03445777_3922.JPEG,574,n03445777,golf ball,d51d381d74df9f5076fbc1627559a72253775dffbe4d564439ae0ad33a5ff186
imagenette2-160/val/n03445777/n03445777_4162.JPEG,574,n03445777,golf ball,a58e8fb59114856e7b464e03d4c67bd0ef716b4adfd2ce95ac518c94900138c9
imagenette2-160/val/n03445777/n03445777_4211.JPEG,574,n03445777,golf ball,fafda2e12cc7643ecacc9d34f02cfb764df166565ff42efb1cce0950f3ec548b
imagenette2-160/val/n03445777/n03445777_4290.JPEG,574,n03445777,golf ball,ea8e3e222308642e5de85755dacf63531a06adee54601bf18f96bb967c42a3e3
imagenette2-160/val/n03445777/n03445777_461.JPEG,574,n03445777,golf ball,432910c0f6a8b904267159cc34247e672587d0466b502ba55b46d6bb0d3ee176
imagenette2-160/val/n03445777/n03445777_4622.JPEG,574,n03445777,golf ball,26910aeb12a589de8e26895bebdff21e6c12b344f65a1df5fae25fd222f45491
imagenette2-160/val/n03445777/n03445777_4671.JPEG,574,n03445777,golf ball,5e91b22ea450d2ebf4c9895db4e841b6ac8e91d37a378975c1392b190f972fc5
imagenette2-160/val/n03445777/n03445777_471.JPEG,574,n03445777,golf ball,208fe9898c8cc8bd354dc6664e0cebec34810ad47bb1a421780728476b8a1077
imagenette2-160/val/n03445777/n03445777_4731.JPEG,574,n03445777,golf ball,da59e564b1d98d3d956f5b76f67c645dc97e2497a0f6c7ebc183d7d2d2538ea6
imagenette2-160/val/n03445777/n03445777_482.JPEG,574,n03445777,golf ball,914fa2de6d8d520eac3b7dba2d315a014c96ba6b3585f6e85eb820dc03879aeb
imagenette2-160/val/n03445777/n03445777_5031.JPEG,574,n03445777,golf ball,ed7419b5a6e36244aa25d3390bd6b8dd3e00fcfac5365470849203ce7a0ba79c
imagenette2-160/val/n03445777/n03445777_5222.JPEG,574,n03445777,golf ball,232a094c57b4111188f85889798d588609fc934dbf1e8e86942036729979537a
imagenette2-160/val/n03445777/n03445777_5300.JPEG,574,n03445777,golf ball,3b094460444700262d2a8154c2eefabaaf0e2990e395513f626948f772b65d44
imagenette2-160/val/n03445777/n03445777_531.JPEG,574,n03445777,golf ball,f6e0a3168aa5a8267bd0e8f4d6a3793a0d806be9b36fc537828825f0a457b5ac
imagenette2-160/val/n03445777/n03445777_5310.JPEG,574,n03445777,golf ball,c06e58c928c57ef95262c78f197c9dceaffef5f14f146716fd20142ff8c9d2bb
imagenette2-160/val/n03445777/n03445777_5492.JPEG,574,n03445777,golf ball,3c7e55b6187cfbf9cffa8b49e28f25fc26eecffd7682fc6335928a94f3c558d4
imagenette2-160/val/n03445777/n03445777_5670.JPEG,574,n03445777,golf ball,2fd715272fa2f9ff1de1fb8b8f0b46e20a8a6f6a4d74e293b10ae04c34fb7907
imagenette2-160/val/n03445777/n03445777_5720.JPEG,574,n03445777,golf ball,a807ebb0b7eb38ad38d55adc4e9365044d2f23f7705086500994d94432379182
imagenette2-160/val/n03445777/n03445777_5810.JPEG,574,n03445777,golf ball,108f145c39bb85e040528a2d6cddd79b0684cfcd16ce4cfb887eef5d76a4bd34
imagenette2-160/val/n03445777/n03445777_5812.JPEG,574,n03445777,golf ball,50b35ad44cc7291b2bd261a90165cd3ecb96cb19ace07e9d29facf85d4b6dc51
imagenette2-160/val/n03445777/n03445777_5861.JPEG,574,n03445777,golf ball,9134a0d7fb9cb5f71ae94fae2de4b79adde66e6556bc237c80e59dc0d7d07fce
imagenette2-160/val/n03445777/n03445777_5901.JPEG,574,n03445777,golf ball,ceeeb9748a61910c75719f9a9743a87e85bd3bb365426bbd9e44ab951bffdf24
imagenette2-160/val/n03445777/n03445777_5912.JPEG,574,n03445777,golf ball,7b5df3e4592ee371ab907c280e694f28fbe6c62edfff0cc197e8254e98759d02
imagenette2-160/val/n03445777/n03445777_6091.JPEG,574,n03445777,golf ball,01c745df6f721df875318f33e6e5fecddd88ac429c38c766f65178bfcdec07a2
imagenette2-160/val/n03445777/n03445777_6162.JPEG,574,n03445777,golf ball,6421f19ce55349b64d9e3513d5af4e775f360b3806a68e7ab8b2ea4492fa7dfb
imagenette2-160/val/n03445777/n03445777_6181.JPEG,574,n03445777,golf ball,a73e5a8cef8521f576529a95ed76f81b6e4c46b6d5a507ed70ad5544b04d1516
imagenette2-160/val/n03445777/n03445777_622.JPEG,574,n03445777,golf ball,310949556f07d3ad25b18a2673cb7d855de3886288a07d81330a1362d0c729d1
imagenette2-160/val/n03445777/n03445777_6360.JPEG,574,n03445777,golf ball,49aefde8bd7cd5ba7e4cfad210327573bb66a05cacdfd04fd1175f8a9aaaf9b4
imagenette2-160/val/n03445777/n03445777_6380.JPEG,574,n03445777,golf ball,9b73563d38ec4f473a631fee4151a9750ec0b2c8198939c6713e6d7f67e7bec2
imagenette2-160/val/n03445777/n03445777_6421.JPEG,574,n03445777,golf ball,1d7dfd391c4d5e10ab7c0b1451711e3bafdae9cda303a9b4f26529a80bedc5be
imagenette2-160/val/n03445777/n03445777_6451.JPEG,574,n03445777,golf ball,c75741b598b5da913bf9270162eddd46f5fffb7e55ab7d93bafd572edd38b093
imagenette2-160/val/n03445777/n03445777_7011.JPEG,574,n03445777,golf ball,c0d20d3f615c881ae3e4c5a60382a33a52c3cb28ad938374c6bdefc98ef33bca
imagenette2-160/val/n03445777/n03445777_71.JPEG,574,n03445777,golf ball,a68ff9af4fedde4d836ad31a4865f8c3d15bc43128b579111cd4a9cb215893c2
imagenette2-160/val/n03445777/n03445777_711.JPEG,574,n03445777,golf ball,509bb2af27bdc6c40331261b4adf953b82065c307c84c735cefc54631a3ac7c2
imagenette2-160/val/n03445777/n03445777_7181.JPEG,574,n03445777,golf ball,0f849f13b0b09f9039aadd15650129ccc95e1412e122d92e25dc2f9e7363e353
imagenette2-160/val/n03445777/n03445777_7442.JPEG,574,n03445777,golf ball,a424ec806f036d08f1c0bc98b8de854faea0aec5d4e4b1e7ec4bf8710bad318e
imagenette2-160/val/n03445777/n03445777_752.JPEG,574,n03445777,golf ball,58e5101894508aa176b9315d1eb1c36062f96299807ae6b6eaac46171ddff154
imagenette2-160/val/n03445777/n03445777_7552.JPEG,574,n03445777,golf ball,f42ba3a54ac89fb19fc2ed96d1c387c7c8925b0442995025bc1340e975abf27d
imagenette2-160/val/n03445777/n03445777_7601.JPEG,574,n03445777,golf ball,ae7178a47ccc7902b5ce2f2869d21f36e032eb4fcfe2c977c1b61ff75294cf6b
imagenette2-160/val/n03445777/n03445777_7711.JPEG,574,n03445777,golf ball,8b29b620ced4daa21443e25ac4aa0b7eefbdba3b55229f3b036e9cc0d8d34979
imagenette2-160/val/n03445777/n03445777_7931.JPEG,574,n03445777,golf ball,ae387f0219ef45dfcc2103d4fb240f6c39cbcd7879aa940f41e11fd347bef798
imagenette2-160/val/n03445777/n03445777_8060.JPEG,574,n03445777,golf ball,2259f80a4637757d582dd389eaaa9cfefc9c958c697564707cadd5068940193e
imagenette2-160/val/n03445777/n03445777_8380.JPEG,574,n03445777,golf ball,25d12ed47ed000997fface8ebe76288b8ab1dfce7515c65a84b23af861e3fbe2
imagenette2-160/val/n03445777/n03445777_850.JPEG,574,n03445777,golf ball,f1fa8009cf3b4591d6b6781a9ce7bdcbbc15a535da5132558147dc8eb3138853
imagenette2-160/val/n03445777/n03445777_8712.JPEG,574,n03445777,golf ball,6aba36b765f5ee00db3eb0fd6900c5744dcf7d77842b3c8e80711fcbad898caa
imagenette2-160/val/n03445777/n03445777_8842.JPEG,574,n03445777,golf ball,22f3e0813d279ad2f53dd4de83fd654de4c92b55621a089b66cfd9b876b3c4c4
imagenette2-160/val/n03445777/n03445777_9000.JPEG,574,n03445777,golf ball,0891ed6db0ff0595da1c16fd7dfb62d2ef0e62eba8f2fe5b961dc5cfea09159d
imagenette2-160/val/n03445777/n03445777_9120.JPEG,574,n03445777,golf ball,1a9ca0e29de8b5a7648e24dc36573f0c21616dc12255f8048a051e876ecbb745
imagenette2-160/val/n03445777/n03445777_9762.JPEG,574,n03445777,golf ball,5ddfa75c9bebca20b9f72aed6425ceb574b95e24908bc4acf182d2a456eb6c72
imagenette2-160/val/n03445777/n03445777_992.JPEG,574,n03445777,golf ball,ab38f1e2924d0756cb7098ef4d35a1ec4c4b3172f602ae790c8132b5989a5c46
imagenette2-160/val/n03888257/ILSVRC2012_val_00037770.JPEG,701,n03888257,parachute,c888cb814d10ed09cbde0096b0cba9748000ee9893b7d56f5a1778e94d745644
imagenette2-160/val/n03888257/ILSVRC2012_val_00038942.JPEG,701,n03888257,parachute,a8d176d9656d928295b48539bc0bb83e0655b416311cd16a6c8d8c0467ee81fb
imagenette2-160/val/n03888257/ILSVRC2012_val_00042262.JPEG,701,n03888257,parachute,cfc72543c27569e481254ad165434403dff4cda130e301bae702b5ac670c15ae
imagenette2-160/val/n03888257/n03888257_10050.JPEG,701,n03888257,parachute,4b4f09f360fa1d7a6e240ff743976deb1e4724b7b1407b4aff043f25c5c2127a
imagenette2-160/val/n03888257/n03888257_10092.JPEG,701,n03888257,parachute,79585b0bb6dc4453fc6eb998eff63a7684ed854b43198a1a2e6f21dde77d2b8c
imagenette2-160/val/n03888257/n03888257_10341.JPEG,701,n03888257,parachute,ddb92f48554c91f53ec3be605dc15088348624b68a2fbbe1299cc9c9bfd4f7a1
imagenette2-160/val/n03888257/n03888257_10661.JPEG,701,n03888257,parachute,258470cdcb1257b49b6997d36ae0ecd8ea73185384281d028f027c4575707af3
imagenette2-160/val/n03888257/n03888257_10721.JPEG,701,n03888257,parachute,2f22cfefa227376271742dd62b004924948442e5e97579d0b76af8131898929d
imagenette2-160/val/n03888257/n03888257_1100.JPEG,701,n03888257,parachute,263d653885c3a5cfafd2bf61b3fdf8e281c8ef22ce939465909e075db8608e35
imagenette2-160/val/n03888257/n03888257_11210.JPEG,701,n03888257,parachute,dc0a9f85a0d254f8fec02a2d45f59d5848d545d82960d6126ad9b3f02c9546d0
imagenette2-160/val/n03888257/n03888257_11282.JPEG,701,n03888257,parachute,b9cd92d6ca2683a4416547c68c96f2cd513bf2c20f3e1840ba5745816becead3
imagenette2-160/val/n03888257/n03888257_11452.JPEG,701,n03888257,parachute,5cb602c3b957ff00f58e78f313a22cf9e2e16ccedf823719ae283dfb37cab3d5
imagenette2-160/val/n03888257/n03888257_11491.JPEG,701,n03888257,parachute,2a765a9aee7ddf6de4b23870ef35d0813cd0586c4311fd5fd16b4cd8402a0357
imagenette2-160/val/n03888257/n03888257_1171.JPEG,701,n03888257,parachute,417882da7b7c4ec7081f6fec7fd36283d4d5a9bdc5ea8796c4f12e0445e0088f
imagenette2-160/val/n03888257/n03888257_12.JPEG,701,n03888257,parachute,c14ef49232ab7ce30b2316985a5a62d3a0006a50276fe38eae92e14956941d73
imagenette2-160/val/n03888257/n03888257_12070.JPEG,701,n03888257,parachute,6022c188a8cb5bea307240d7970193d7a90bbe19ba1d16785d443ca432026c0d
imagenette2-160/val/n03888257/n03888257_12331.JPEG,701,n03888257,parachute,dd7e99713a56a9c4fbc65dd3aaeac1309a8eb0debe207f09c061211ebbb3d29a
imagenette2-160/val/n03888257/n03888257_12752.JPEG,701,n03888257,parachute,dd14243d6bebcbccc14b75976d0732ba09612dc6681a3f0e5602bd7a549c4d2d
imagenette2-160/val/n03888257/n03888257_12811.JPEG,701,n03888257,parachute,f053592aed773fb335389a976b4bc75e1a801482aa79d819ea3bc3b6950c10e2
imagenette2-160/val/n03888257/n03888257_12842.JPEG,701,n03888257,parachute,abeb09931995b3a642eb9eba1beb6248b6d14f4ca88e9a579dac6f1c60649a0e
imagenette2-160/val/n03888257/n03888257_13072.JPEG,701,n03888257,parachute,b6b42462a0ea53763c649f7d53eef7b57c5ede012d998fdf8dd4edd1fe6069f4
imagenette2-160/val/n03888257/n03888257_13242.JPEG,701,n03888257,parachute,993e89447d3311ecfc332c8c7ba2e550ba97cd9b8fd3813f30da35e0cf9f8381
imagenette2-160/val/n03888257/n03888257_13290.JPEG,701,n03888257,parachute,4b746a02bd1381b50c7c75ac697af223477c6802e0e00c396ddcb3b63fe4bf15
imagenette2-160/val/n03888257/n03888257_13410.JPEG,701,n03888257,parachute,662f035ae8850e323d6e73ad61dd936c37954e21b4b98f1f2d68abe53e28419c
imagenette2-160/val/n03888257/n03888257_13600.JPEG,701,n03888257,parachute,03e302de3e1f8879b8981e36ef7668001986a1bc36bd1382c6d8f7f741c2549c
imagenette2-160/val/n03888257/n03888257_15312.JPEG,701,n03888257,parachute,c04d70a88eeb11d4c7f26234cfb64d3a7627422f95e2250d13bd0c74cd5d430a
imagenette2-160/val/n03888257/n03888257_16542.JPEG,701,n03888257,parachute,eb3309f9e794dc4faecb8aa53feb7f4eb512fa559f911b025a188bb0d857f42e
imagenette2-160/val/n03888257/n03888257_17380.JPEG,701,n03888257,parachute,4d9687ac6a77dae5eb6702906abff5f26343f56d4f6942300adb1037940ee50e
imagenette2-160/val/n03888257/n03888257_17421.JPEG,701,n03888257,parachute,c55d1fc7058020bdc609209b59192941d6f430e4142d5dbaa6c02374b44f6f22
imagenette2-160/val/n03888257/n03888257_17542.JPEG,701,n03888257,parachute,3c104216ed151b2702c68fa80c72e92b4cc38002e1eb773bc7e60bcee23f1219
imagenette2-160/val/n03888257/n03888257_17801.JPEG,701,n03888257,parachute,d44880ee22b1ae1d2a5da21f0fe5cfe88de755975f826d7b53ad38c8ae70c6a1
imagenette2-160/val/n03888257/n03888257_17851.JPEG,701,n03888257,parachute,bcd95286d5a53c58d240dd40eb04b5c548722677fe3333dd55526950c974702a
imagenette2-160/val/n03888257/n03888257_19211.JPEG,701,n03888257,parachute,a0bb9096698ae86a087ca62e1a4596b24dca04856aa345386210bdd6bae3fc13
imagenette2-160/val/n03888257/n03888257_19570.JPEG,701,n03888257,parachute,4c34e409eec99ef8247d9bea1f8597e50b997b8c668b05b9d94279067675aa52
imagenette2-160/val/n03888257/n03888257_19792.JPEG,701,n03888257,parachute,bddcc779c1597659fbffbfb64fbdd00387284303aaf01046b3ecb05552ac15cd
imagenette2-160/val/n03888257/n03888257_19921.JPEG,701,n03888257,parachute,6d13464e7d7753ad49d2ee2db855ff2a036fd043bb7dd5c4dca62496e2c0eb23
imagenette2-160/val/n03888257/n03888257_20012.JPEG,701,n03888257,parachute,8ec09240d4625c3c6dae24313cb7a88b6549bdbdd0cff276c45cd5714c89da0e
imagenette2-160/val/n03888257/n03888257_20151.JPEG,701,n03888257,parachute,da6ac3c374b4cc9a67a0387d6603392ab3f7527151f2644a44ccee8dbef4199e
imagenette2-160/val/n03888257/n03888257_20450.JPEG,701,n03888257,parachute,152262b2f2ef96c88148803783664685965042070de7af28f22562c059c25fcc
imagenette2-160/val/n03888257/n03888257_21201.JPEG,701,n03888257,parachute,8da5bb2189bca893ea88fe26433b49abbc60dff673f34d37360552286d89c300
imagenette2-160/val/n03888257/n03888257_2122.JPEG,701,n03888257,parachute,3c95862b44876ae83ddf0563e8971cc07c57badd8cd96a558d65c3da349666e7
imagenette2-160/val/n03888257/n03888257_21932.JPEG,701,n03888257,parachute,1f64ec31724ef51b53b176dd72ca16cd75386286253356c5c8b62ae81b622013
imagenette2-160/val/n03888257/n03888257_22061.JPEG,701,n03888257,parachute,9ee1b536fafc1a46cdb9c07669b9a36a922f034af7608232d924fdca2cf2d888
imagenette2-160/val/n03888257/n03888257_2222.JPEG,701,n03888257,parachute,c603a68dc96f2f25c3b8adf138be953cd7c98109dfb9c997682c6dd7fa038310
imagenette2-160/val/n03888257/n03888257_23350.JPEG,701,n03888257,parachute,f1edb4463afe982b6f00fef9a90a798f4e6b6796d98ab95c66359af37bd3fdcb
imagenette2-160/val/n03888257/n03888257_23571.JPEG,701,n03888257,parachute,75e565bd94126d1e3ea8c7039c69a6b4a4d9a0515d9f679f21c61f88d9850a83
imagenette2-160/val/n03888257/n03888257_2520.JPEG,701,n03888257,parachute,6732f1b7ca5fb26bc55e43c4e7c72e054e886ef8adbab410d41fdf7c05bc0e55
imagenette2-160/val/n03888257/n03888257_25420.JPEG,701,n03888257,parachute,14f32fba5cd1cee82802d00f8ead16dc5b347af488cfa8ac04a3bfa878bf5c2d
imagenette2-160/val/n03888257/n03888257_25460.JPEG,701,n03888257,parachute,64a2eab75b171d81b29b3131c367e5d8f278703f073720deb1952fe3323cf9f6
imagenette2-160/val/n03888257/n03888257_27671.JPEG,701,n03888257,parachute,b2fde38417e3e19d873325feff433eed94f248f48a254860624872b59730e24b
imagenette2-160/val/n03888257/n03888257_28482.JPEG,701,n03888257,parachute,eabab8ad10009c79e18c72ebba52b428b792ebfe9e38b9de8d9181ca10b9ca41
imagenette2-160/val/n03888257/n03888257_29390.JPEG,701,n03888257,parachute,c61b9d962f0b74c3dee05256dd4789756e3f5b3adb04e8ef3d3af07acf52177d
imagenette2-160/val/n03888257/n03888257_29910.JPEG,701,n03888257,parachute,dc5fd96fa886b40af631c954c84f94b0ff090908f25a22e16aead4e2abc970d8
imagenette2-160/val/n03888257/n03888257_30332.JPEG,701,n03888257,parachute,724ccf4db24875c38bd23a8c1abb5de114dc5d4b13968970c717a2eeb0bd7227
imagenette2-160/val/n03888257/n03888257_30691.JPEG,701,n03888257,parachute,534a9f70c80c7a86d84863deb98589b8901ef2211492c0f49dd9229862dc8a27
imagenette2-160/val/n03888257/n03888257_31010.JPEG,701,n03888257,parachute,fb21afb2ea59643bcbef3b9ccdc77ced44ed5e0bbccdfdce28a6db8afd135655
imagenette2-160/val/n03888257/n03888257_31301.JPEG,701,n03888257,parachute,1211471191592c4da222b5cee3a7da0e61916b126f1d8df50dd520d4a61c0b86
imagenette2-160/val/n03888257/n03888257_32391.JPEG,701,n03888257,parachute,eecdd7350be12336815921ea37e6373cc2a2d0820e77577ef8bd0a4737540068
imagenette2-160/val/n03888257/n03888257_32670.JPEG,701,n03888257,parachute,5936273df936e0fc09827b7616af5f42340c8a2ebeb41186e11864872113ee8c
imagenette2-160/val/n03888257/n03888257_32911.JPEG,701,n03888257,parachute,d45504eacd52677df457738d0cf172d96199096a6af80ca892175da6003af896
imagenette2-160/val/n03888257/n03888257_33931.JPEG,701,n03888257,parachute,d9df5bf0928084b9704c7c20af9c119c742b04ca4f438c32724191ba78a5469b
imagenette2-160/val/n03888257/n03888257_34031.JPEG,701,n03888257,parachute,2991536040886f449019abf014a8215e4e3e4d7f37750f0abd61da377d92481b
imagenette2-160/val/n03888257/n03888257_34280.JPEG,701,n03888257,parachute,d61a7b2d66529028082991db9cc080bac162661b6dbf23821feb9a8dee48118c
imagenette2-160/val/n03888257/n03888257_34320.JPEG,701,n03888257,parachute,6e6f718e09151ed6fde41c5cb61ba15a68bf3e079ab98bc08dd1e56ddb3388a1
imagenette2-160/val/n03888257/n03888257_34632.JPEG,701,n03888257,parachute,b9cb489071cc2fc636f288c8498d0f139fdb4e51011ac214ec171a9c4a61e7b7
imagenette2-160/val/n03888257/n03888257_3492.JPEG,701,n03888257,parachute,6961423478e2becda0e1b0bf053c947224cb172e6dee174c3187f351d2ea845c
imagenette2-160/val/n03888257/n03888257_36371.JPEG,701,n03888257,parachute,de2a35b0f9e73d53c5d6471f9482e0d4052b12988b7d6973ee14d2253da61cac
imagenette2-160/val/n03888257/n03888257_36541.JPEG,701,n03888257,parachute,bf74e8889a48f0ec3918874293e07f778172e59a685a8f0f5a3ddcdfae7e29d0
imagenette2-160/val/n03888257/n03888257_3720.JPEG,701,n03888257,parachute,4361d17d9d2ae92076e452f80d20eb59dd9e633965aba950e3daa2ee151114af
imagenette2-160/val/n03888257/n03888257_37270.JPEG,701,n03888257,parachute,0d4a7580cabe791adb7ce043270e937be448c344f51ba3914d94d94a2dee6201
imagenette2-160/val/n03888257/n03888257_37362.JPEG,701,n03888257,parachute,1f9dafc413648d3bdfa4e735f1995645052754989b09ce4c88cbec6d56d4b346
imagenette2-160/val/n03888257/n03888257_38501.JPEG,701,n03888257,parachute,af8ffab09ce5a11c524fd3e3ff5815716191fd17e9bca736da624e0a0fc9dfb6
imagenette2-160/val/n03888257/n03888257_39402.JPEG,701,n03888257,parachute,0313a9d784e781bedc9fd2851da9e5dae007f195a131b9a910184d36d11efd83
imagenette2-160/val/n03888257/n03888257_39552.JPEG,701,n03888257,parachute,995973286588b5363e6fc6a82ef9baa1fd650703a9ca61731bdd4d4515d42184
imagenette2-160/val/n03888257/n03888257_4042.JPEG,701,n03888257,parachute,876a20dad769faba455a0fc2c9fdf3714cd75d4b6849d398585bf56ee262677d
imagenette2-160/val/n03888257/n03888257_4052.JPEG,701,n03888257,parachute,6a288b68bd370ee496f09625df7bdb130c8c75b3648da2db34131f6b02594345
imagenette2-160/val/n03888257/n03888257_41091.JPEG,701,n03888257,parachute,bda3fb19e1dc871d6db851513945331f842af0ee04a782597595cf524587b3af
imagenette2-160/val/n03888257/n03888257_41391.JPEG,701,n03888257,parachute,3b2cbd89521a082927e4d48774a72bd4d0667860598ddfb31f150b37d96181e1
imagenette2-160/val/n03888257/n03888257_42.JPEG,701,n03888257,parachute,02872c2fb97e01cea4c8a33b93f0c92c8e65668001387261f90dd0236e546839
imagenette2-160/val/n03888257/n03888257_46621.JPEG,701,n03888257,parachute,1f2f507ef81bda4d6ae4e93b11a54dd22323071bf804d9b44b3cd3e29e3f4f1d
imagenette2-160/val/n03888257/n03888257_46870.JPEG,701,n03888257,parachute,f172a04495f8036d3700e9b40193a6ca2bbf4627c918f7ac5b41fa5682217728
imagenette2-160/val/n03888257/n03888257_4732.JPEG,701,n03888257,parachute,66bc7d03d62a72c7932112b8089637a186bd15826906d199901befee84c20e63
imagenette2-160/val/n03888257/n03888257_4842.JPEG,701,n03888257,parachute,7fd2b0842d07c7cf8007872ba48b1ff97d47fbb280545e4f3b7d3e4002bfa6e7
imagenette2-160/val/n03888257/n03888257_49381.JPEG,701,n03888257,parachute,4af023a0f0eb89a4118d2160b86e68791bd49d6b1492b9b3ad7ae03628877eb5
imagenette2-160/val/n03888257/n03888257_4952.JPEG,701,n03888257,parachute,e1b75f5e69341d917725c8daeb240caa99f1c2e4fdfc0188a87f79c2a2028ad1
imagenette2-160/val/n03888257/n03888257_50102.JPEG,701,n03888257,parachute,a261196436ab8b04cf43baca147042d1e7d81dd65eec84f5ec785a5268cebb59
imagenette2-160/val/n03888257/n03888257_50880.JPEG,701,n03888257,parachute,e354fad8bd861f6eedc5e47d4da30a588b7a2117952ddddbb721eefba46afc59
imagenette2-160/val/n03888257/n03888257_5662.JPEG,701,n03888257,parachute,a2b7500f54ac8421613fecc027b0448d1597d7338ce20a312498fbe157c76cd6
imagenette2-160/val/n03888257/n03888257_57570.JPEG,701,n03888257,parachute,3efbfd48825d55daba6a1145b3ea0142229847335ad71f744f41d52aaaca82d2
imagenette2-160/val/n03888257/n03888257_59442.JPEG,701,n03888257,parachute,ed8394a69a2e15e4fdc89030cf7ab401a50c0c1eb50102757f3847abed3a32c4
imagenette2-160/val/n03888257/n03888257_61350.JPEG,701,n03888257,parachute,c5128cb3cdd3b8846a390dd76d71ad4d13e589c56cd0bf002aba92709882dd42
imagenette2-160/val/n03888257/n03888257_621.JPEG,701,n03888257,parachute,1073fcbba0bc3d97d6387f7f5fffac7280e724a4a62ee7fa067c137c4b5c3f0f
imagenette2-160/val/n03888257/n03888257_66102.JPEG,701,n03888257,parachute,edfede6b95057d3c3fe3aa737dae0fc61d94d62a403d2d68939e63865cef1155
imagenette2-160/val/n03888257/n03888257_6662.JPEG,701,n03888257,parachute,cf0b290525dccf6c92209003eb5687ec2326c81e669d2a5e13b53c4e3424fbf5
imagenette2-160/val/n03888257/n03888257_69371.JPEG,701,n03888257,parachute,de6518b48da584831dff52a24dafa487c30d510a0d5b30453b7a39674d621144
imagenette2-160/val/n03888257/n03888257_7061.JPEG,701,n03888257,parachute,f1555656200234406e1740bff85943174e7fcfe0be9e9e8ef05f3e2874d3b7ae
imagenette2-160/val/n03888257/n03888257_72911.JPEG,701,n03888257,parachute,0c4b321cdf097f70107878247f7f8ad2a5de674c2fe8812bccfa4005c734f1a9
imagenette2-160/val/n03888257/n03888257_7610.JPEG,701,n03888257,parachute,a18932238dc40ef30d5403022c2213d7cee6044a6702fb213bf2ae978f596041
imagenette2-160/val/n03888257/n03888257_7831.JPEG,701,n03888257,parachute,96fc9289fddba61cc3765cc24390011c8a586a052d4714fc4e86f34abd526dc6
imagenette2-160/val/n03888257/n03888257_7982.JPEG,701,n03888257,parachute,a1ae9aa7d6f546b6de71d1d90aee31c881049050667a2c6efb457e97e445803e
imagenette2-160/val/n03888257/n03888257_8160.JPEG,701,n03888257,parachute,dad29a8e9692794bfae3197064d72d5fd4a67b3aa5fa1814a99516290e9345ea
imagenette2-160/val/n03888257/n03888257_9771.JPEG,701,n03888257,parachute,fed208b1e65e86c63eaac0e2460745ae6de7cf989794023fb6f94f45f85de920
