frame,op_id,module_path,op_type,op_role,domain,latency_s,dynamic_energy_j,macs
0,op_00000,stem.conv,Conv2d,spatial_conv,electronic,5.4402624e-06,2.7454361600000002e-05,3981312
0,op_00001,stem.bn,empty,normalization_softmax_activation,electronic,0.0,0.0,0
0,op_00002,stem.bn,native_batch_norm,normalization_softmax_activation,electronic,5.6937359999999995e-06,3.0293862399999994e-05,0
0,op_00003,stem.bn.act,silu_,normalization_softmax_activation,electronic,5.987647999999998e-06,3.05528832e-05,0
0,op_00004,stages.0.0.conv1_1x1.conv,Conv2d,pointwise_conv,photonic,2.4882336e-05,6.991176557714282e-05,4718592
0,op_00005,stages.0.0.conv1_1x1.bn,empty,normalization_softmax_activation,electronic,0.0,0.0,0
0,op_00006,stages.0.0.conv1_1x1.bn,native_batch_norm,normalization_softmax_activation,electronic,1.1187471999999998e-05,6.058772479999999e-05,0
0,op_00007,stages.0.0.conv1_1x1.bn.act,silu_,normalization_softmax_activation,electronic,1.1775295999999998e-05,6.110576640000001e-05,0
0,op_00008,stages.0.0.conv2_kxk.conv,Conv2d,depthwise_conv,electronic,1.3242841599999414e-05,6.050037759999918e-05,2654208
0,op_00009,stages.0.0.conv2_kxk.bn,empty,normalization_softmax_activation,electronic,0.0,0.0,0
0,op_00010,stages.0.0.conv2_kxk.bn,native_batch_norm,normalization_softmax_activation,electronic,1.1187471999999998e-05,6.058772479999999e-05,0
0,op_00011,stages.0.0.conv2_kxk.bn.act,silu_,normalization_softmax_activation,electronic,1.1775295999999998e-05,6.110576639999999e-05,0
0,op_00012,stages.0.0.conv3_1x1.conv,Conv2d,pointwise_conv,photonic,2.1559977999999942e-05,6.00445483885713e-05,4718592
0,op_00013,stages.0.0.conv3_1x1.bn,empty,normalization_softmax_activation,electronic,0.0,0.0,0
0,op_00014,stages.0.0.conv3_1x1.bn,native_batch_norm,normalization_softmax_activation,electronic,5.693736000000015e-06,3.0293862399999967e-05,0
0,op_00015,stages.0.0,add,control_residual,electronic,7.259456000000014e-06,4.436951040000009e-05,0
0,op_00016,stages.1.0.conv1_1x1.conv,Conv2d,pointwise_conv,photonic,2.4882336000000118e-05,6.991176557714321e-05,4718592
0,op_00017,stages.1.0.conv1_1x1.bn,empty,normalization_softmax_activation,electronic,0.0,0.0,0
0,op_00018,stages.1.0.conv1_1x1.bn,native_batch_norm,normalization_softmax_activation,electronic,1.1187471999999998e-05,6.058772480000004e-05,0
0,op_00019,stages.1.0.conv1_1x1.bn.act,silu_,normalization_softmax_activation,electronic,1.1775295999999984e-05,6.11057664000001e-05,0
0,op_00020,stages.1.0.conv2_kxk.conv,Conv2d,depthwise_conv,electronic,9.38871040000072e-06,3.7585715200000704e-05,663552
0,op_00021,stages.1.0.conv2_kxk.bn,empty,normalization_softmax_activation,electronic,0.0,0.0,0
0,op_00022,stages.1.0.conv2_kxk.bn,native_batch_norm,normalization_softmax_activation,electronic,2.9483680000000063e-06,1.5156531200000113e-05,0
0,op_00023,stages.1.0.conv2_kxk.bn.act,silu_,normalization_softmax_activation,electronic,3.0938240000000065e-06,1.5276441599999997e-05,0
0,op_00024,stages.1.0.conv3_1x1.conv,Conv2d,pointwise_conv,photonic,6.974288000000155e-06,1.9701129508571517e-05,1769472
0,op_00025,stages.1.0.conv3_1x1.bn,empty,normalization_softmax_activation,electronic,0.0,0.0,0
0,op_00026,stages.1.0.conv3_1x1.bn,native_batch_norm,normalization_softmax_activation,electronic,2.2612759999999924e-06,1.1367398399999922e-05,0
0,op_00027,stages.1.1.conv1_1x1.conv,Conv2d,pointwise_conv,photonic,9.846176000000205e-06,2.721950866285737e-05,2654208
0,op_00028,stages.1.1.conv1_1x1.bn,empty,normalization_softmax_activation,electronic,0.0,0.0,0
0,op_00029,stages.1.1.conv1_1x1.bn,native_batch_norm,normalization_softmax_activation,electronic,4.32255199999998e-06,2.273479680000006e-05,0
0,op_00030,stages.1.1.conv1_1x1.bn.act,silu_,normalization_softmax_activation,electronic,4.540735999999994e-06,2.2914662399999832e-05,0
0,op_00031,stages.1.1.conv2_kxk.conv,Conv2d,depthwise_conv,electronic,8.79906560000108e-06,2.3200972800001165e-05,995328
0,op_00032,stages.1.1.conv2_kxk.bn,empty,normalization_softmax_activation,electronic,0.0,0.0,0
0,op_00033,stages.1.1.conv2_kxk.bn,native_batch_norm,normalization_softmax_activation,electronic,4.32255199999998e-06,2.273479680000006e-05,0
0,op_00034,stages.1.1.conv2_kxk.bn.act,silu_,normalization_softmax_activation,electronic,4.540736000000021e-06,2.2914662399999832e-05,0
0,op_00035,stages.1.1.conv3_1x1.conv,Conv2d,pointwise_conv,photonic,1.081647199999993e-05,3.0403372617142897e-05,2654208
0,op_00036,stages.1.1.conv3_1x1.bn,empty,normalization_softmax_activation,electronic,0.0,0.0,0
0,op_00037,stages.1.1.conv3_1x1.bn,native_batch_norm,normalization_softmax_activation,electronic,2.2612760000000195e-06,1.136739840000003e-05,0
0,op_00038,stages.1.1,add,control_residual,electronic,2.847296000000005e-06,1.6638566399999844e-05,0
0,op_00039,stages.1.2.conv1_1x1.conv,Conv2d,pointwise_conv,photonic,9.846176000000042e-06,2.721950866285748e-05,2654208
0,op_00040,stages.1.2.conv1_1x1.bn,empty,normalization_softmax_activation,electronic,0.0,0.0,0
0,op_00041,stages.1.2.conv1_1x1.bn,native_batch_norm,normalization_softmax_activation,electronic,4.32255199999998e-06,2.273479680000006e-05,0
0,op_00042,stages.1.2.conv1_1x1.bn.act,silu_,normalization_softmax_activation,electronic,4.540735999999967e-06,2.2914662399999832e-05,0
0,op_00043,stages.1.2.conv2_kxk.conv,Conv2d,depthwise_conv,electronic,8.799065599999752e-06,2.3200972800001708e-05,995328
0,op_00044,stages.1.2.conv2_kxk.bn,empty,normalization_softmax_activation,electronic,0.0,0.0,0
0,op_00045,stages.1.2.conv2_kxk.bn,native_batch_norm,normalization_softmax_activation,electronic,4.32255199999998e-06,2.273479680000006e-05,0
0,op_00046,stages.1.2.conv2_kxk.bn.act,silu_,normalization_softmax_activation,electronic,4.540735999999967e-06,2.2914662399999832e-05,0
0,op_00047,stages.1.2.conv3_1x1.conv,Conv2d,pointwise_conv,photonic,1.081647199999993e-05,3.0403372617143114e-05,2654208
0,op_00048,stages.1.2.conv3_1x1.bn,empty,normalization_softmax_activation,electronic,0.0,0.0,0
0,op_00049,stages.1.2.conv3_1x1.bn,native_batch_norm,normalization_softmax_activation,electronic,2.2612760000000195e-06,1.136739840000003e-05,0
0,op_00050,stages.1.2,add,control_residual,electronic,2.847296000000005e-06,1.6638566399999844e-05,0
0,op_00051,stages.2.0.conv1_1x1.conv,Conv2d,pointwise_conv,photonic,9.846176000000042e-06,2.721950866285748e-05,2654208
0,op_00052,stages.2.0.conv1_1x1.bn,empty,normalization_softmax_activation,electronic,0.0,0.0,0
0,op_00053,stages.2.0.conv1_1x1.bn,native_batch_norm,normalization_softmax_activation,electronic,4.32255199999998e-06,2.273479680000006e-05,0
0,op_00054,stages.2.0.conv1_1x1.bn.act,silu_,normalization_softmax_activation,electronic,4.540735999999967e-06,2.2914662399999832e-05,0
0,op_00055,stages.2.0.conv2_kxk.conv,Conv2d,depthwise_conv,electronic,7.35376639999976e-06,1.4607974400001689e-05,248832
0,op_00056,stages.2.0.conv2_kxk.bn,empty,normalization_softmax_activation,electronic,0.0,0.0,0
0,op_00057,stages.2.0.conv2_kxk.bn,native_batch_norm,normalization_softmax_activation,electronic,1.2328880000000205e-06,5.698099200000155e-06,0
0,op_00058,stages.2.0.conv2_kxk.bn.act,silu_,normalization_softmax_activation,electronic,1.2851839999999276e-06,5.7286655999997955e-06,0
0,op_00059,stages.2.0.conv3_1x1.conv,Conv2d,pointwise_conv,photonic,6.358735999999589e-06,1.2116323474286369e-05,1327104
0,op_00060,stages.2.0.conv3_1x1.bn,empty,normalization_softmax_activation,electronic,0.0,0.0,0
0,op_00061,stages.2.0.conv3_1x1.bn,native_batch_norm,normalization_softmax_activation,electronic,1.2328880000000205e-06,5.698099200000155e-06,0
0,op_00062,stages.2.1.conv_kxk.conv,Conv2d,spatial_conv,electronic,2.01387871999992e-05,1.2617164800005813e-05,11943936
0,op_00063,stages.2.1.conv_kxk.bn,empty,normalization_softmax_activation,electronic,0.0,0.0,0
0,op_00064,stages.2.1.conv_kxk.bn,native_batch_norm,normalization_softmax_activation,electronic,1.2328880000000205e-06,5.698099200000155e-06,0
0,op_00065,stages.2.1.conv_kxk.bn.act,silu_,normalization_softmax_activation,electronic,1.2851839999999276e-06,5.728665600000012e-06,0
0,op_00066,stages.2.1.conv_1x1,Conv2d,pointwise_conv,photonic,7.90524799999955e-06,1.5180966765715063e-05,1769472
0,op_00067,stages.2.1,view,control_residual,electronic,0.0,0.0,0
0,op_00068,stages.2.1,transpose,control_residual,electronic,0.0,0.0,0
0,op_00069,stages.2.1,clone,control_residual,electronic,1.3520000000000372e-06,7.37280000000012e-06,0
0,op_00070,stages.2.1,_unsafe_view,control_residual,electronic,0.0,0.0,0
0,op_00071,stages.2.1,transpose,control_residual,electronic,0.0,0.0,0
0,op_00072,stages.2.1,view,control_residual,electronic,0.0,0.0,0
0,op_00073,stages.2.1.transformer.0.norm1,native_layer_norm,normalization_softmax_activation,electronic,1.6000959999999806e-06,7.70608640000012e-06,0
0,op_00074,stages.2.1.transformer.0.attn.qkv,view,qkv_projection,electronic,0.0,0.0,0
0,op_00075,stages.2.1.transformer.0.attn.qkv,t,qkv_projection,electronic,0.0,0.0,0
0,op_00076,stages.2.1.transformer.0.attn.qkv,Linear,qkv_projection,photonic,2.540989399999865e-05,4.229550829714648e-05,7077888
0,op_00077,stages.2.1.transformer.0.attn.qkv,view,qkv_projection,electronic,0.0,0.0,0
0,op_00078,stages.2.1.transformer.0.attn,view,control_residual,electronic,0.0,0.0,0
0,op_00079,stages.2.1.transformer.0.attn,permute,control_residual,electronic,0.0,0.0,0
0,op_00080,stages.2.1.transformer.0.attn,unbind,control_residual,electronic,0.0,0.0,0
0,op_00081,stages.2.1.transformer.0.attn,mul,control_residual,electronic,1.3888640000000248e-06,7.405977600000125e-06,0
0,op_00082,stages.2.1.transformer.0.attn,transpose,control_residual,electronic,0.0,0.0,0
0,op_00083,stages.2.1.transformer.0.attn,expand,control_residual,electronic,0.0,0.0,0
0,op_00084,stages.2.1.transformer.0.attn,clone,control_residual,electronic,1.3520000000000372e-06,7.37280000000012e-06,0
0,op_00085,stages.2.1.transformer.0.attn,_unsafe_view,control_residual,electronic,0.0,0.0,0
0,op_00086,stages.2.1.transformer.0.attn,expand,control_residual,electronic,0.0,0.0,0
0,op_00087,stages.2.1.transformer.0.attn,clone,control_residual,electronic,1.3520000000000372e-06,7.37280000000012e-06,0
0,op_00088,stages.2.1.transformer.0.attn,_unsafe_view,control_residual,electronic,0.0,0.0,0
0,op_00089,stages.2.1.transformer.0.attn,MatMul,attention_score,photonic,2.2233728000001457e-05,8.32830434742875e-05,5308416
0,op_00090,stages.2.1.transformer.0.attn,_unsafe_view,control_residual,electronic,0.0,0.0,0
0,op_00091,stages.2.1.transformer.0.attn,_softmax,control_residual,electronic,1.2226879999999954e-05,6.78481919999998e-05,0
0,op_00092,stages.2.1.transformer.0.attn,expand,control_residual,electronic,0.0,0.0,0
0,op_00093,stages.2.1.transformer.0.attn,view,control_residual,electronic,0.0,0.0,0
0,op_00094,stages.2.1.transformer.0.attn,expand,control_residual,electronic,0.0,0.0,0
0,op_00095,stages.2.1.transformer.0.attn,clone,control_residual,electronic,1.3520000000000372e-06,7.37280000000012e-06,0
0,op_00096,stages.2.1.transformer.0.attn,_unsafe_view,control_residual,electronic,0.0,0.0,0
0,op_00097,stages.2.1.transformer.0.attn,MatMul,attention_value,photonic,1.9492416000000583e-05,7.133423908571405e-05,5308416
0,op_00098,stages.2.1.transformer.0.attn,_unsafe_view,control_residual,electronic,0.0,0.0,0
0,op_00099,stages.2.1.transformer.0.attn,transpose,control_residual,electronic,0.0,0.0,0
0,op_00100,stages.2.1.transformer.0.attn,clone,control_residual,electronic,1.3520000000000372e-06,7.37280000000012e-06,0
0,op_00101,stages.2.1.transformer.0.attn,_unsafe_view,control_residual,electronic,0.0,0.0,0
0,op_00102,stages.2.1.transformer.0.attn.proj,view,attention_output_projection,electronic,0.0,0.0,0
0,op_00103,stages.2.1.transformer.0.attn.proj,t,attention_output_projection,electronic,0.0,0.0,0
0,op_00104,stages.2.1.transformer.0.attn.proj,Linear,attention_output_projection,photonic,9.083297999999576e-06,1.6696185965714904e-05,2359296
0,op_00105,stages.2.1.transformer.0.attn.proj,view,attention_output_projection,electronic,0.0,0.0,0
0,op_00106,stages.2.1.transformer.0,add,control_residual,electronic,1.9648639999999867e-06,1.1092377599999752e-05,0
0,op_00107,stages.2.1.transformer.0.norm2,native_layer_norm,normalization_softmax_activation,electronic,1.6000959999999806e-06,7.70608640000012e-06,0
0,op_00108,stages.2.1.transformer.0.mlp.fc1,view,ffn_linear,electronic,0.0,0.0,0
0,op_00109,stages.2.1.transformer.0.mlp.fc1,t,ffn_linear,electronic,0.0,0.0,0
0,op_00110,stages.2.1.transformer.0.mlp.fc1,Linear,ffn_linear,photonic,1.7246595999995942e-05,2.9495847131429716e-05,4718592
0,op_00111,stages.2.1.transformer.0.mlp.fc1,view,ffn_linear,electronic,0.0,0.0,0
0,op_00112,stages.2.1.transformer.0.mlp.act,silu,normalization_softmax_activation,electronic,3.0938239999999794e-06,1.5276441599999888e-05,0
0,op_00113,stages.2.1.transformer.0.mlp.fc2,view,ffn_linear,electronic,0.0,0.0,0
0,op_00114,stages.2.1.transformer.0.mlp.fc2,t,ffn_linear,electronic,0.0,0.0,0
0,op_00115,stages.2.1.transformer.0.mlp.fc2,Linear,ffn_linear,photonic,1.800220999999269e-05,3.057288393142933e-05,4718592
0,op_00116,stages.2.1.transformer.0.mlp.fc2,view,ffn_linear,electronic,0.0,0.0,0
0,op_00117,stages.2.1.transformer.0,add,control_residual,electronic,1.964864000000041e-06,1.1092377599999752e-05,0
0,op_00118,stages.2.1.transformer.1.norm1,native_layer_norm,normalization_softmax_activation,electronic,1.6000959999999806e-06,7.70608640000012e-06,0
0,op_00119,stages.2.1.transformer.1.attn.qkv,view,qkv_projection,electronic,0.0,0.0,0
0,op_00120,stages.2.1.transformer.1.attn.qkv,t,qkv_projection,electronic,0.0,0.0,0
0,op_00121,stages.2.1.transformer.1.attn.qkv,Linear,qkv_projection,photonic,2.5409893999988947e-05,4.2295508297144095e-05,7077888
0,op_00122,stages.2.1.transformer.1.attn.qkv,view,qkv_projection,electronic,0.0,0.0,0
0,op_00123,stages.2.1.transformer.1.attn,view,control_residual,electronic,0.0,0.0,0
0,op_00124,stages.2.1.transformer.1.attn,permute,control_residual,electronic,0.0,0.0,0
0,op_00125,stages.2.1.transformer.1.attn,unbind,control_residual,electronic,0.0,0.0,0
0,op_00126,stages.2.1.transformer.1.attn,mul,control_residual,electronic,1.388864000000079e-06,7.405977600000125e-06,0
0,op_00127,stages.2.1.transformer.1.attn,transpose,control_residual,electronic,0.0,0.0,0
0,op_00128,stages.2.1.transformer.1.attn,expand,control_residual,electronic,0.0,0.0,0
0,op_00129,stages.2.1.transformer.1.attn,clone,control_residual,electronic,1.3520000000000372e-06,7.37280000000012e-06,0
0,op_00130,stages.2.1.transformer.1.attn,_unsafe_view,control_residual,electronic,0.0,0.0,0
0,op_00131,stages.2.1.transformer.1.attn,expand,control_residual,electronic,0.0,0.0,0
0,op_00132,stages.2.1.transformer.1.attn,clone,control_residual,electronic,1.3520000000000372e-06,7.372799999999903e-06,0
0,op_00133,stages.2.1.transformer.1.attn,_unsafe_view,control_residual,electronic,0.0,0.0,0
0,op_00134,stages.2.1.transformer.1.attn,MatMul,attention_score,photonic,2.2233728000009318e-05,8.328304347428664e-05,5308416
0,op_00135,stages.2.1.transformer.1.attn,_unsafe_view,control_residual,electronic,0.0,0.0,0
0,op_00136,stages.2.1.transformer.1.attn,_softmax,control_residual,electronic,1.2226880000000117e-05,6.78481919999998e-05,0
0,op_00137,stages.2.1.transformer.1.attn,expand,control_residual,electronic,0.0,0.0,0
0,op_00138,stages.2.1.transformer.1.attn,view,control_residual,electronic,0.0,0.0,0
0,op_00139,stages.2.1.transformer.1.attn,expand,control_residual,electronic,0.0,0.0,0
0,op_00140,stages.2.1.transformer.1.attn,clone,control_residual,electronic,1.3520000000000372e-06,7.37280000000012e-06,0
0,op_00141,stages.2.1.transformer.1.attn,_unsafe_view,control_residual,electronic,0.0,0.0,0
0,op_00142,stages.2.1.transformer.1.attn,MatMul,attention_value,photonic,1.949241600001186e-05,7.133423908571405e-05,5308416
0,op_00143,stages.2.1.transformer.1.attn,_unsafe_view,control_residual,electronic,0.0,0.0,0
0,op_00144,stages.2.1.transformer.1.attn,transpose,control_residual,electronic,0.0,0.0,0
0,op_00145,stages.2.1.transformer.1.attn,clone,control_residual,electronic,1.3520000000000372e-06,7.3727999999996865e-06,0
0,op_00146,stages.2.1.transformer.1.attn,_unsafe_view,control_residual,electronic,0.0,0.0,0
0,op_00147,stages.2.1.transformer.1.attn.proj,view,attention_output_projection,electronic,0.0,0.0,0
0,op_00148,stages.2.1.transformer.1.attn.proj,t,attention_output_projection,electronic,0.0,0.0,0
0,op_00149,stages.2.1.transformer.1.attn.proj,Linear,attention_output_projection,photonic,9.083297999996323e-06,1.6696185965714688e-05,2359296
0,op_00150,stages.2.1.transformer.1.attn.proj,view,attention_output_projection,electronic,0.0,0.0,0
0,op_00151,stages.2.1.transformer.1,add,control_residual,electronic,1.964864000000041e-06,1.1092377600000185e-05,0
0,op_00152,stages.2.1.transformer.1.norm2,native_layer_norm,normalization_softmax_activation,electronic,1.6000959999999806e-06,7.70608640000012e-06,0
0,op_00153,stages.2.1.transformer.1.mlp.fc1,view,ffn_linear,electronic,0.0,0.0,0
0,op_00154,stages.2.1.transformer.1.mlp.fc1,t,ffn_linear,electronic,0.0,0.0,0
0,op_00155,stages.2.1.transformer.1.mlp.fc1,Linear,ffn_linear,photonic,1.724659599999269e-05,2.9495847131427982e-05,4718592
0,op_00156,stages.2.1.transformer.1.mlp.fc1,view,ffn_linear,electronic,0.0,0.0,0
0,op_00157,stages.2.1.transformer.1.mlp.act,silu,normalization_softmax_activation,electronic,3.0938239999999794e-06,1.5276441599999455e-05,0
0,op_00158,stages.2.1.transformer.1.mlp.fc2,view,ffn_linear,electronic,0.0,0.0,0
0,op_00159,stages.2.1.transformer.1.mlp.fc2,t,ffn_linear,electronic,0.0,0.0,0
0,op_00160,stages.2.1.transformer.1.mlp.fc2,Linear,ffn_linear,photonic,1.800220999999269e-05,3.057288393142933e-05,4718592
0,op_00161,stages.2.1.transformer.1.mlp.fc2,view,ffn_linear,electronic,0.0,0.0,0
0,op_00162,stages.2.1.transformer.1,add,control_residual,electronic,1.964864000000041e-06,1.1092377600000185e-05,0
0,op_00163,stages.2.1.norm,native_layer_norm,normalization_softmax_activation,electronic,1.6000959999999806e-06,7.706086399999687e-06,0
0,op_00164,stages.2.1,view,control_residual,electronic,0.0,0.0,0
0,op_00165,stages.2.1,transpose,control_residual,electronic,0.0,0.0,0
0,op_00166,stages.2.1,clone,control_residual,electronic,1.3520000000000372e-06,7.372800000000554e-06,0
0,op_00167,stages.2.1,_unsafe_view,control_residual,electronic,0.0,0.0,0
0,op_00168,stages.2.1,transpose,control_residual,electronic,0.0,0.0,0
0,op_00169,stages.2.1,clone,control_residual,electronic,1.3520000000000372e-06,7.3727999999996865e-06,0
0,op_00170,stages.2.1,_unsafe_view,control_residual,electronic,0.0,0.0,0
0,op_00171,stages.2.1.conv_proj.conv,Conv2d,pointwise_conv,photonic,7.243135999997381e-06,1.3491197074285734e-05,1769472
0,op_00172,stages.2.1.conv_proj.bn,empty,normalization_softmax_activation,electronic,0.0,0.0,0
0,op_00173,stages.2.1.conv_proj.bn,native_batch_norm,normalization_softmax_activation,electronic,1.2328880000000205e-06,5.698099200000372e-06,0
0,op_00174,stages.2.1.conv_proj.bn.act,silu_,normalization_softmax_activation,electronic,1.2851840000000902e-06,5.728665600000012e-06,0
0,op_00175,stages.2.1,cat,control_residual,electronic,1.927999999999999e-06,1.1059199999999964e-05,0
0,op_00176,stages.2.1.conv_fusion.conv,Conv2d,spatial_conv,electronic,3.96455743999634e-05,2.246952960000253e-05,23887872
0,op_00177,stages.2.1.conv_fusion.bn,empty,normalization_softmax_activation,electronic,0.0,0.0,0
0,op_00178,stages.2.1.conv_fusion.bn,native_batch_norm,normalization_softmax_activation,electronic,1.2328880000000205e-06,5.698099199999938e-06,0
0,op_00179,stages.2.1.conv_fusion.bn.act,silu_,normalization_softmax_activation,electronic,1.2851840000000902e-06,5.728665600000012e-06,0
0,op_00180,stages.3.0.conv1_1x1.conv,Conv2d,pointwise_conv,photonic,1.1487871999996211e-05,2.1310253348571367e-05,2654208
0,op_00181,stages.3.0.conv1_1x1.bn,empty,normalization_softmax_activation,electronic,0.0,0.0,0
0,op_00182,stages.3.0.conv1_1x1.bn,native_batch_norm,normalization_softmax_activation,electronic,2.265776000000036e-06,1.139619840000031e-05,0
0,op_00183,stages.3.0.conv1_1x1.bn.act,silu_,normalization_softmax_activation,electronic,2.3703679999999587e-06,1.1457331200000025e-05,0
0,op_00184,stages.3.0.conv2_kxk.conv,Conv2d,depthwise_conv,electronic,1.1192883199989093e-05,8.330649600000496e-06,124416
0,op_00185,stages.3.0.conv2_kxk.bn,empty,normalization_softmax_activation,electronic,0.0,0.0,0
0,op_00186,stages.3.0.conv2_kxk.bn,native_batch_norm,normalization_softmax_activation,electronic,7.209439999999751e-07,2.8778495999998155e-06,0
0,op_00187,stages.3.0.conv2_kxk.bn.act,silu_,normalization_softmax_activation,electronic,7.425919999999933e-07,2.8643327999997893e-06,0
0,op_00188,stages.3.0.conv3_1x1.conv,Conv2d,pointwise_conv,photonic,7.243375999996097e-06,7.310276022857304e-06,884736
0,op_00189,stages.3.0.conv3_1x1.bn,empty,normalization_softmax_activation,electronic,0.0,0.0,0
0,op_00190,stages.3.0.conv3_1x1.bn,native_batch_norm,normalization_softmax_activation,electronic,5.472960000000573e-07,1.918566399999877e-06,0
0,op_00191,stages.3.1.conv_kxk.conv,Conv2d,spatial_conv,electronic,3.121368319996751e-05,8.073216000002107e-06,5308416
0,op_00192,stages.3.1.conv_kxk.bn,empty,normalization_softmax_activation,electronic,0.0,0.0,0
0,op_00193,stages.3.1.conv_kxk.bn,native_batch_norm,normalization_softmax_activation,electronic,5.472960000000573e-07,1.918566399999877e-06,0
0,op_00194,stages.3.1.conv_kxk.bn.act,silu_,normalization_softmax_activation,electronic,5.617280000000694e-07,1.909555199999715e-06,0
0,op_00195,stages.3.1.conv_1x1,Conv2d,pointwise_conv,photonic,6.07103999999655e-06,6.141355885714867e-06,737280
0,op_00196,stages.3.1,view,control_residual,electronic,0.0,0.0,0
0,op_00197,stages.3.1,transpose,control_residual,electronic,0.0,0.0,0
0,op_00198,stages.3.1,clone,control_residual,electronic,5.599999999999269e-07,2.303999999999848e-06,0
0,op_00199,stages.3.1,_unsafe_view,control_residual,electronic,0.0,0.0,0
0,op_00200,stages.3.1,transpose,control_residual,electronic,0.0,0.0,0
0,op_00201,stages.3.1,view,control_residual,electronic,0.0,0.0,0
0,op_00202,stages.3.1.transformer.0.norm1,native_layer_norm,normalization_softmax_activation,electronic,6.378479999999192e-07,2.4125632000003387e-06,0
0,op_00203,stages.3.1.transformer.0.attn.qkv,view,qkv_projection,electronic,0.0,0.0,0
0,op_00204,stages.3.1.transformer.0.attn.qkv,t,qkv_projection,electronic,0.0,0.0,0
0,op_00205,stages.3.1.transformer.0.attn.qkv,Linear,qkv_projection,photonic,2.2556257499987552e-05,2.235531908571656e-05,2764800
0,op_00206,stages.3.1.transformer.0.attn.qkv,view,qkv_projection,electronic,0.0,0.0,0
0,op_00207,stages.3.1.transformer.0.attn,view,control_residual,electronic,0.0,0.0,0
0,op_00208,stages.3.1.transformer.0.attn,permute,control_residual,electronic,0.0,0.0,0
0,op_00209,stages.3.1.transformer.0.attn,unbind,control_residual,electronic,0.0,0.0,0
0,op_00210,stages.3.1.transformer.0.attn,mul,control_residual,electronic,5.715199999999738e-07,2.3143680000000527e-06,0
0,op_00211,stages.3.1.transformer.0.attn,transpose,control_residual,electronic,0.0,0.0,0
0,op_00212,stages.3.1.transformer.0.attn,expand,control_residual,electronic,0.0,0.0,0
0,op_00213,stages.3.1.transformer.0.attn,clone,control_residual,electronic,5.599999999999269e-07,2.303999999999848e-06,0
0,op_00214,stages.3.1.transformer.0.attn,_unsafe_view,control_residual,electronic,0.0,0.0,0
0,op_00215,stages.3.1.transformer.0.attn,expand,control_residual,electronic,0.0,0.0,0
0,op_00216,stages.3.1.transformer.0.attn,clone,control_residual,electronic,5.599999999999269e-07,2.303999999999848e-06,0
0,op_00217,stages.3.1.transformer.0.attn,_unsafe_view,control_residual,electronic,0.0,0.0,0
0,op_00218,stages.3.1.transformer.0.attn,MatMul,attention_score,photonic,2.1096800000030592e-06,1.1444979565714344e-05,414720
0,op_00219,stages.3.1.transformer.0.attn,_unsafe_view,control_residual,electronic,0.0,0.0,0
0,op_00220,stages.3.1.transformer.0.attn,_softmax,control_residual,electronic,9.516799999998967e-07,4.2405120000000955e-06,0
0,op_00221,stages.3.1.transformer.0.attn,expand,control_residual,electronic,0.0,0.0,0
0,op_00222,stages.3.1.transformer.0.attn,view,control_residual,electronic,0.0,0.0,0
0,op_00223,stages.3.1.transformer.0.attn,expand,control_residual,electronic,0.0,0.0,0
0,op_00224,stages.3.1.transformer.0.attn,clone,control_residual,electronic,5.599999999999269e-07,2.303999999999848e-06,0
0,op_00225,stages.3.1.transformer.0.attn,_unsafe_view,control_residual,electronic,0.0,0.0,0
0,op_00226,stages.3.1.transformer.0.attn,MatMul,attention_value,photonic,2.6082400000026996e-06,1.380745435428576e-05,414720
0,op_00227,stages.3.1.transformer.0.attn,_unsafe_view,control_residual,electronic,0.0,0.0,0
0,op_00228,stages.3.1.transformer.0.attn,transpose,control_residual,electronic,0.0,0.0,0
0,op_00229,stages.3.1.transformer.0.attn,clone,control_residual,electronic,5.599999999999269e-07,2.303999999999848e-06,0
0,op_00230,stages.3.1.transformer.0.attn,_unsafe_view,control_residual,electronic,0.0,0.0,0
0,op_00231,stages.3.1.transformer.0.attn.proj,view,attention_output_projection,electronic,0.0,0.0,0
0,op_00232,stages.3.1.transformer.0.attn.proj,t,attention_output_projection,electronic,0.0,0.0,0
0,op_00233,stages.3.1.transformer.0.attn.proj,Linear,attention_output_projection,photonic,7.805682499995698e-06,8.263549028571845e-06,921600
0,op_00234,stages.3.1.transformer.0.attn.proj,view,attention_output_projection,electronic,0.0,0.0,0
0,op_00235,stages.3.1.transformer.0,add,control_residual,electronic,7.51519999999989e-07,3.4663679999999766e-06,0
0,op_00236,stages.3.1.transformer.0.norm2,native_layer_norm,normalization_softmax_activation,electronic,6.378479999999192e-07,2.4125632000007724e-06,0
0,op_00237,stages.3.1.transformer.0.mlp.fc1,view,ffn_linear,electronic,0.0,0.0,0
0,op_00238,stages.3.1.transformer.0.mlp.fc1,t,ffn_linear,electronic,0.0,0.0,0
0,op_00239,stages.3.1.transformer.0.mlp.fc1,Linear,ffn_linear,photonic,1.518996499999157e-05,1.5309434057144203e-05,1843200
0,op_00240,stages.3.1.transformer.0.mlp.fc1,view,ffn_linear,electronic,0.0,0.0,0
0,op_00241,stages.3.1.transformer.0.mlp.act,silu,normalization_softmax_activation,electronic,1.1043199999999495e-06,4.773887999999938e-06,0
0,op_00242,stages.3.1.transformer.0.mlp.fc2,view,ffn_linear,electronic,0.0,0.0,0
0,op_00243,stages.3.1.transformer.0.mlp.fc2,t,ffn_linear,electronic,0.0,0.0,0
0,op_00244,stages.3.1.transformer.0.mlp.fc2,Linear,ffn_linear,photonic,1.4856852499991655e-05,1.4043381714286523e-05,1843200
0,op_00245,stages.3.1.transformer.0.mlp.fc2,view,ffn_linear,electronic,0.0,0.0,0
0,op_00246,stages.3.1.transformer.0,add,control_residual,electronic,7.51519999999989e-07,3.466367999999543e-06,0
0,op_00247,stages.3.1.transformer.1.norm1,native_layer_norm,normalization_softmax_activation,electronic,6.378479999999192e-07,2.4125632000003387e-06,0
0,op_00248,stages.3.1.transformer.1.attn.qkv,view,qkv_projection,electronic,0.0,0.0,0
0,op_00249,stages.3.1.transformer.1.attn.qkv,t,qkv_projection,electronic,0.0,0.0,0
0,op_00250,stages.3.1.transformer.1.attn.qkv,Linear,qkv_projection,photonic,2.2556257499987552e-05,2.2355319085717428e-05,2764800
0,op_00251,stages.3.1.transformer.1.attn.qkv,view,qkv_projection,electronic,0.0,0.0,0
0,op_00252,stages.3.1.transformer.1.attn,view,control_residual,electronic,0.0,0.0,0
0,op_00253,stages.3.1.transformer.1.attn,permute,control_residual,electronic,0.0,0.0,0
0,op_00254,stages.3.1.transformer.1.attn,unbind,control_residual,electronic,0.0,0.0,0
0,op_00255,stages.3.1.transformer.1.attn,mul,control_residual,electronic,5.715199999999738e-07,2.3143680000000527e-06,0
0,op_00256,stages.3.1.transformer.1.attn,transpose,control_residual,electronic,0.0,0.0,0
0,op_00257,stages.3.1.transformer.1.attn,expand,control_residual,electronic,0.0,0.0,0
0,op_00258,stages.3.1.transformer.1.attn,clone,control_residual,electronic,5.599999999999269e-07,2.303999999999848e-06,0
0,op_00259,stages.3.1.transformer.1.attn,_unsafe_view,control_residual,electronic,0.0,0.0,0
0,op_00260,stages.3.1.transformer.1.attn,expand,control_residual,electronic,0.0,0.0,0
0,op_00261,stages.3.1.transformer.1.attn,clone,control_residual,electronic,5.599999999999269e-07,2.303999999999848e-06,0
0,op_00262,stages.3.1.transformer.1.attn,_unsafe_view,control_residual,electronic,0.0,0.0,0
0,op_00263,stages.3.1.transformer.1.attn,MatMul,attention_score,photonic,2.1096800000030592e-06,1.144497956571391e-05,414720
0,op_00264,stages.3.1.transformer.1.attn,_unsafe_view,control_residual,electronic,0.0,0.0,0
0,op_00265,stages.3.1.transformer.1.attn,_softmax,control_residual,electronic,9.516799999998967e-07,4.2405120000000955e-06,0
0,op_00266,stages.3.1.transformer.1.attn,expand,control_residual,electronic,0.0,0.0,0
0,op_00267,stages.3.1.transformer.1.attn,view,control_residual,electronic,0.0,0.0,0
0,op_00268,stages.3.1.transformer.1.attn,expand,control_residual,electronic,0.0,0.0,0
0,op_00269,stages.3.1.transformer.1.attn,clone,control_residual,electronic,5.599999999999269e-07,2.303999999999848e-06,0
0,op_00270,stages.3.1.transformer.1.attn,_unsafe_view,control_residual,electronic,0.0,0.0,0
0,op_00271,stages.3.1.transformer.1.attn,MatMul,attention_value,photonic,2.6082400000026996e-06,1.3807454354285327e-05,414720
0,op_00272,stages.3.1.transformer.1.attn,_unsafe_view,control_residual,electronic,0.0,0.0,0
0,op_00273,stages.3.1.transformer.1.attn,transpose,control_residual,electronic,0.0,0.0,0
0,op_00274,stages.3.1.transformer.1.attn,clone,control_residual,electronic,5.599999999999269e-07,2.303999999999848e-06,0
0,op_00275,stages.3.1.transformer.1.attn,_unsafe_view,control_residual,electronic,0.0,0.0,0
0,op_00276,stages.3.1.transformer.1.attn.proj,view,attention_output_projection,electronic,0.0,0.0,0
0,op_00277,stages.3.1.transformer.1.attn.proj,t,attention_output_projection,electronic,0.0,0.0,0
0,op_00278,stages.3.1.transformer.1.attn.proj,Linear,attention_output_projection,photonic,7.805682499995698e-06,8.263549028571845e-06,921600
0,op_00279,stages.3.1.transformer.1.attn.proj,view,attention_output_projection,electronic,0.0,0.0,0
0,op_00280,stages.3.1.transformer.1,add,control_residual,electronic,7.51519999999989e-07,3.4663679999999766e-06,0
0,op_00281,stages.3.1.transformer.1.norm2,native_layer_norm,normalization_softmax_activation,electronic,6.378479999999192e-07,2.4125632000003387e-06,0
0,op_00282,stages.3.1.transformer.1.mlp.fc1,view,ffn_linear,electronic,0.0,0.0,0
0,op_00283,stages.3.1.transformer.1.mlp.fc1,t,ffn_linear,electronic,0.0,0.0,0
0,op_00284,stages.3.1.transformer.1.mlp.fc1,Linear,ffn_linear,photonic,1.518996499999157e-05,1.5309434057144636e-05,1843200
0,op_00285,stages.3.1.transformer.1.mlp.fc1,view,ffn_linear,electronic,0.0,0.0,0
0,op_00286,stages.3.1.transformer.1.mlp.act,silu,normalization_softmax_activation,electronic,1.1043199999999495e-06,4.773887999999938e-06,0
0,op_00287,stages.3.1.transformer.1.mlp.fc2,view,ffn_linear,electronic,0.0,0.0,0
0,op_00288,stages.3.1.transformer.1.mlp.fc2,t,ffn_linear,electronic,0.0,0.0,0
0,op_00289,stages.3.1.transformer.1.mlp.fc2,Linear,ffn_linear,photonic,1.4856852499991655e-05,1.404338171428739e-05,1843200
0,op_00290,stages.3.1.transformer.1.mlp.fc2,view,ffn_linear,electronic,0.0,0.0,0
0,op_00291,stages.3.1.transformer.1,add,control_residual,electronic,7.51519999999989e-07,3.466367999999543e-06,0
0,op_00292,stages.3.1.transformer.2.norm1,native_layer_norm,normalization_softmax_activation,electronic,6.378479999999192e-07,2.4125632000003387e-06,0
0,op_00293,stages.3.1.transformer.2.attn.qkv,view,qkv_projection,electronic,0.0,0.0,0
0,op_00294,stages.3.1.transformer.2.attn.qkv,t,qkv_projection,electronic,0.0,0.0,0
0,op_00295,stages.3.1.transformer.2.attn.qkv,Linear,qkv_projection,photonic,2.2556257499987552e-05,2.2355319085715693e-05,2764800
0,op_00296,stages.3.1.transformer.2.attn.qkv,view,qkv_projection,electronic,0.0,0.0,0
0,op_00297,stages.3.1.transformer.2.attn,view,control_residual,electronic,0.0,0.0,0
0,op_00298,stages.3.1.transformer.2.attn,permute,control_residual,electronic,0.0,0.0,0
0,op_00299,stages.3.1.transformer.2.attn,unbind,control_residual,electronic,0.0,0.0,0
0,op_00300,stages.3.1.transformer.2.attn,mul,control_residual,electronic,5.715199999999738e-07,2.3143680000000527e-06,0
0,op_00301,stages.3.1.transformer.2.attn,transpose,control_residual,electronic,0.0,0.0,0
0,op_00302,stages.3.1.transformer.2.attn,expand,control_residual,electronic,0.0,0.0,0
0,op_00303,stages.3.1.transformer.2.attn,clone,control_residual,electronic,5.599999999999269e-07,2.303999999999848e-06,0
0,op_00304,stages.3.1.transformer.2.attn,_unsafe_view,control_residual,electronic,0.0,0.0,0
0,op_00305,stages.3.1.transformer.2.attn,expand,control_residual,electronic,0.0,0.0,0
0,op_00306,stages.3.1.transformer.2.attn,clone,control_residual,electronic,5.599999999999269e-07,2.303999999999848e-06,0
0,op_00307,stages.3.1.transformer.2.attn,_unsafe_view,control_residual,electronic,0.0,0.0,0
0,op_00308,stages.3.1.transformer.2.attn,MatMul,attention_score,photonic,2.1096800000030592e-06,1.1444979565714778e-05,414720
0,op_00309,stages.3.1.transformer.2.attn,_unsafe_view,control_residual,electronic,0.0,0.0,0
0,op_00310,stages.3.1.transformer.2.attn,_softmax,control_residual,electronic,9.516799999998967e-07,4.2405120000000955e-06,0
0,op_00311,stages.3.1.transformer.2.attn,expand,control_residual,electronic,0.0,0.0,0
0,op_00312,stages.3.1.transformer.2.attn,view,control_residual,electronic,0.0,0.0,0
0,op_00313,stages.3.1.transformer.2.attn,expand,control_residual,electronic,0.0,0.0,0
0,op_00314,stages.3.1.transformer.2.attn,clone,control_residual,electronic,5.599999999999269e-07,2.303999999999848e-06,0
0,op_00315,stages.3.1.transformer.2.attn,_unsafe_view,control_residual,electronic,0.0,0.0,0
0,op_00316,stages.3.1.transformer.2.attn,MatMul,attention_value,photonic,2.6082400000026996e-06,1.3807454354284893e-05,414720
0,op_00317,stages.3.1.transformer.2.attn,_unsafe_view,control_residual,electronic,0.0,0.0,0
0,op_00318,stages.3.1.transformer.2.attn,transpose,control_residual,electronic,0.0,0.0,0
0,op_00319,stages.3.1.transformer.2.attn,clone,control_residual,electronic,5.599999999999269e-07,2.303999999999848e-06,0
0,op_00320,stages.3.1.transformer.2.attn,_unsafe_view,control_residual,electronic,0.0,0.0,0
0,op_00321,stages.3.1.transformer.2.attn.proj,view,attention_output_projection,electronic,0.0,0.0,0
0,op_00322,stages.3.1.transformer.2.attn.proj,t,attention_output_projection,electronic,0.0,0.0,0
0,op_00323,stages.3.1.transformer.2.attn.proj,Linear,attention_output_projection,photonic,7.805682499996674e-06,8.263549028572278e-06,921600
0,op_00324,stages.3.1.transformer.2.attn.proj,view,attention_output_projection,electronic,0.0,0.0,0
0,op_00325,stages.3.1.transformer.2,add,control_residual,electronic,7.515200000000975e-07,3.4663679999999766e-06,0
0,op_00326,stages.3.1.transformer.2.norm2,native_layer_norm,normalization_softmax_activation,electronic,6.378480000002445e-07,2.4125632000003387e-06,0
0,op_00327,stages.3.1.transformer.2.mlp.fc1,view,ffn_linear,electronic,0.0,0.0,0
0,op_00328,stages.3.1.transformer.2.mlp.fc1,t,ffn_linear,electronic,0.0,0.0,0
0,op_00329,stages.3.1.transformer.2.mlp.fc1,Linear,ffn_linear,photonic,1.5189964999996449e-05,1.5309434057144203e-05,1843200
0,op_00330,stages.3.1.transformer.2.mlp.fc1,view,ffn_linear,electronic,0.0,0.0,0
0,op_00331,stages.3.1.transformer.2.mlp.act,silu,normalization_softmax_activation,electronic,1.1043200000002747e-06,4.773887999999504e-06,0
0,op_00332,stages.3.1.transformer.2.mlp.fc2,view,ffn_linear,electronic,0.0,0.0,0
0,op_00333,stages.3.1.transformer.2.mlp.fc2,t,ffn_linear,electronic,0.0,0.0,0
0,op_00334,stages.3.1.transformer.2.mlp.fc2,Linear,ffn_linear,photonic,1.4856852499996534e-05,1.404338171428609e-05,1843200
0,op_00335,stages.3.1.transformer.2.mlp.fc2,view,ffn_linear,electronic,0.0,0.0,0
0,op_00336,stages.3.1.transformer.2,add,control_residual,electronic,7.515200000000975e-07,3.4663679999999766e-06,0
0,op_00337,stages.3.1.transformer.3.norm1,native_layer_norm,normalization_softmax_activation,electronic,6.378480000002445e-07,2.4125632000007724e-06,0
0,op_00338,stages.3.1.transformer.3.attn.qkv,view,qkv_projection,electronic,0.0,0.0,0
0,op_00339,stages.3.1.transformer.3.attn.qkv,t,qkv_projection,electronic,0.0,0.0,0
0,op_00340,stages.3.1.transformer.3.attn.qkv,Linear,qkv_projection,photonic,2.25562574999946e-05,2.2355319085715693e-05,2764800
0,op_00341,stages.3.1.transformer.3.attn.qkv,view,qkv_projection,electronic,0.0,0.0,0
0,op_00342,stages.3.1.transformer.3.attn,view,control_residual,electronic,0.0,0.0,0
0,op_00343,stages.3.1.transformer.3.attn,permute,control_residual,electronic,0.0,0.0,0
0,op_00344,stages.3.1.transformer.3.attn,unbind,control_residual,electronic,0.0,0.0,0
0,op_00345,stages.3.1.transformer.3.attn,mul,control_residual,electronic,5.715200000000822e-07,2.3143680000000527e-06,0
0,op_00346,stages.3.1.transformer.3.attn,transpose,control_residual,electronic,0.0,0.0,0
0,op_00347,stages.3.1.transformer.3.attn,expand,control_residual,electronic,0.0,0.0,0
0,op_00348,stages.3.1.transformer.3.attn,clone,control_residual,electronic,5.600000000001437e-07,2.303999999999848e-06,0
0,op_00349,stages.3.1.transformer.3.attn,_unsafe_view,control_residual,electronic,0.0,0.0,0
0,op_00350,stages.3.1.transformer.3.attn,expand,control_residual,electronic,0.0,0.0,0
0,op_00351,stages.3.1.transformer.3.attn,clone,control_residual,electronic,5.600000000001437e-07,2.303999999999848e-06,0
0,op_00352,stages.3.1.transformer.3.attn,_unsafe_view,control_residual,electronic,0.0,0.0,0
0,op_00353,stages.3.1.transformer.3.attn,MatMul,attention_score,photonic,2.109680000006095e-06,1.1444979565714344e-05,414720
0,op_00354,stages.3.1.transformer.3.attn,_unsafe_view,control_residual,electronic,0.0,0.0,0
0,op_00355,stages.3.1.transformer.3.attn,_softmax,control_residual,electronic,9.516800000000051e-07,4.2405120000000955e-06,0
0,op_00356,stages.3.1.transformer.3.attn,expand,control_residual,electronic,0.0,0.0,0
0,op_00357,stages.3.1.transformer.3.attn,view,control_residual,electronic,0.0,0.0,0
0,op_00358,stages.3.1.transformer.3.attn,expand,control_residual,electronic,0.0,0.0,0
0,op_00359,stages.3.1.transformer.3.attn,clone,control_residual,electronic,5.600000000001437e-07,2.303999999999848e-06,0
0,op_00360,stages.3.1.transformer.3.attn,_unsafe_view,control_residual,electronic,0.0,0.0,0
0,op_00361,stages.3.1.transformer.3.attn,MatMul,attention_value,photonic,2.6082400000045428e-06,1.380745435428446e-05,414720
0,op_00362,stages.3.1.transformer.3.attn,_unsafe_view,control_residual,electronic,0.0,0.0,0
0,op_00363,stages.3.1.transformer.3.attn,transpose,control_residual,electronic,0.0,0.0,0
0,op_00364,stages.3.1.transformer.3.attn,clone,control_residual,electronic,5.600000000001437e-07,2.303999999999848e-06,0
0,op_00365,stages.3.1.transformer.3.attn,_unsafe_view,control_residual,electronic,0.0,0.0,0
0,op_00366,stages.3.1.transformer.3.attn.proj,view,attention_output_projection,electronic,0.0,0.0,0
0,op_00367,stages.3.1.transformer.3.attn.proj,t,attention_output_projection,electronic,0.0,0.0,0
0,op_00368,stages.3.1.transformer.3.attn.proj,Linear,attention_output_projection,photonic,7.805682499998409e-06,8.263549028571845e-06,921600
0,op_00369,stages.3.1.transformer.3.attn.proj,view,attention_output_projection,electronic,0.0,0.0,0
0,op_00370,stages.3.1.transformer.3,add,control_residual,electronic,7.515200000000975e-07,3.4663679999999766e-06,0
0,op_00371,stages.3.1.transformer.3.norm2,native_layer_norm,normalization_softmax_activation,electronic,6.378480000002445e-07,2.4125632000007724e-06,0
0,op_00372,stages.3.1.transformer.3.mlp.fc1,view,ffn_linear,electronic,0.0,0.0,0
0,op_00373,stages.3.1.transformer.3.mlp.fc1,t,ffn_linear,electronic,0.0,0.0,0
0,op_00374,stages.3.1.transformer.3.mlp.fc1,Linear,ffn_linear,photonic,1.5189964999996449e-05,1.530943405714377e-05,1843200
0,op_00375,stages.3.1.transformer.3.mlp.fc1,view,ffn_linear,electronic,0.0,0.0,0
0,op_00376,stages.3.1.transformer.3.mlp.act,silu,normalization_softmax_activation,electronic,1.1043200000002747e-06,4.773887999999504e-06,0
0,op_00377,stages.3.1.transformer.3.mlp.fc2,view,ffn_linear,electronic,0.0,0.0,0
0,op_00378,stages.3.1.transformer.3.mlp.fc2,t,ffn_linear,electronic,0.0,0.0,0
0,op_00379,stages.3.1.transformer.3.mlp.fc2,Linear,ffn_linear,photonic,1.4856852499996534e-05,1.404338171428739e-05,1843200
0,op_00380,stages.3.1.transformer.3.mlp.fc2,view,ffn_linear,electronic,0.0,0.0,0
0,op_00381,stages.3.1.transformer.3,add,control_residual,electronic,7.515200000000975e-07,3.4663679999999766e-06,0
0,op_00382,stages.3.1.norm,native_layer_norm,normalization_softmax_activation,electronic,6.378480000002445e-07,2.4125632000003387e-06,0
0,op_00383,stages.3.1,view,control_residual,electronic,0.0,0.0,0
0,op_00384,stages.3.1,transpose,control_residual,electronic,0.0,0.0,0
0,op_00385,stages.3.1,clone,control_residual,electronic,5.600000000001437e-07,2.303999999999848e-06,0
0,op_00386,stages.3.1,_unsafe_view,control_residual,electronic,0.0,0.0,0
0,op_00387,stages.3.1,transpose,control_residual,electronic,0.0,0.0,0
0,op_00388,stages.3.1,clone,control_residual,electronic,5.600000000001437e-07,2.303999999999848e-06,0
0,op_00389,stages.3.1,_unsafe_view,control_residual,electronic,0.0,0.0,0
0,op_00390,stages.3.1.conv_proj.conv,Conv2d,pointwise_conv,photonic,6.302375999998411e-06,6.847607222857429e-06,737280
0,op_00391,stages.3.1.conv_proj.bn,empty,normalization_softmax_activation,electronic,0.0,0.0,0
0,op_00392,stages.3.1.conv_proj.bn,native_batch_norm,normalization_softmax_activation,electronic,5.472959999999489e-07,1.918566399999877e-06,0
0,op_00393,stages.3.1.conv_proj.bn.act,silu_,normalization_softmax_activation,electronic,5.61727999999961e-07,1.909555199999715e-06,0
0,op_00394,stages.3.1,cat,control_residual,electronic,7.760000000000752e-07,3.686400000000277e-06,0
0,op_00395,stages.3.1.conv_fusion.conv,Conv2d,spatial_conv,electronic,6.208336639999725e-05,1.5224832000004795e-05,10616832
0,op_00396,stages.3.1.conv_fusion.bn,empty,normalization_softmax_activation,electronic,0.0,0.0,0
0,op_00397,stages.3.1.conv_fusion.bn,native_batch_norm,normalization_softmax_activation,electronic,5.472959999999489e-07,1.918566399999877e-06,0
0,op_00398,stages.3.1.conv_fusion.bn.act,silu_,normalization_softmax_activation,electronic,5.61727999999961e-07,1.909555199999715e-06,0
0,op_00399,stages.4.0.conv1_1x1.conv,Conv2d,pointwise_conv,photonic,9.405023999996308e-06,9.241690697143687e-06,1179648
0,op_00400,stages.4.0.conv1_1x1.bn,empty,normalization_softmax_activation,electronic,0.0,0.0,0
0,op_00401,stages.4.0.conv1_1x1.bn,native_batch_norm,normalization_softmax_activation,electronic,8.945920000000013e-07,3.837132799999754e-06,0
0,op_00402,stages.4.0.conv1_1x1.bn.act,silu_,normalization_softmax_activation,electronic,9.234560000000256e-07,3.819110400000297e-06,0
0,op_00403,stages.4.0.conv2_kxk.conv,Conv2d,depthwise_conv,electronic,1.375229439999951e-05,4.145766400001725e-06,41472
0,op_00404,stages.4.0.conv2_kxk.bn,empty,normalization_softmax_activation,electronic,0.0,0.0,0
0,op_00405,stages.4.0.conv2_kxk.bn,native_batch_norm,normalization_softmax_activation,electronic,3.7964800000001714e-07,9.976832000000227e-07,0
0,op_00406,stages.4.0.conv2_kxk.bn.act,silu_,normalization_softmax_activation,electronic,3.8086400000014557e-07,9.547776000000743e-07,0
0,op_00407,stages.4.0.conv3_1x1.conv,Conv2d,pointwise_conv,photonic,9.293200000000997e-06,5.1898230857142305e-06,368640
0,op_00408,stages.4.0.conv3_1x1.bn,empty,normalization_softmax_activation,electronic,0.0,0.0,0
0,op_00409,stages.4.0.conv3_1x1.bn,native_batch_norm,normalization_softmax_activation,electronic,3.1227999999989056e-07,6.235519999999058e-07,0
0,op_00410,stages.4.1.conv_kxk.conv,Conv2d,spatial_conv,electronic,4.705471999999792e-05,7.822080000004662e-06,2073600
0,op_00411,stages.4.1.conv_kxk.bn,empty,normalization_softmax_activation,electronic,0.0,0.0,0
0,op_00412,stages.4.1.conv_kxk.bn,native_batch_norm,normalization_softmax_activation,electronic,3.1227999999989056e-07,6.235519999999058e-07,0
0,op_00413,stages.4.1.conv_kxk.bn.act,silu_,normalization_softmax_activation,electronic,3.1304000000010636e-07,5.967360000003717e-07,0
0,op_00414,stages.4.1.conv_1x1,Conv2d,pointwise_conv,photonic,7.112366000001013e-06,4.392312137143587e-06,276480
0,op_00415,stages.4.1,view,control_residual,electronic,0.0,0.0,0
0,op_00416,stages.4.1,transpose,control_residual,electronic,0.0,0.0,0
0,op_00417,stages.4.1,clone,control_residual,electronic,3.0800000000007904e-07,6.911999999997809e-07,0
0,op_00418,stages.4.1,_unsafe_view,control_residual,electronic,0.0,0.0,0
0,op_00419,stages.4.1,transpose,control_residual,electronic,0.0,0.0,0
0,op_00420,stages.4.1,view,control_residual,electronic,0.0,0.0,0
0,op_00421,stages.4.1.transformer.0.norm1,native_layer_norm,normalization_softmax_activation,electronic,3.3329300000006085e-07,7.366512000000526e-07,0
0,op_00422,stages.4.1.transformer.0.attn.qkv,view,qkv_projection,electronic,0.0,0.0,0
0,op_00423,stages.4.1.transformer.0.attn.qkv,t,qkv_projection,electronic,0.0,0.0,0
0,op_00424,stages.4.1.transformer.0.attn.qkv,Linear,qkv_projection,photonic,2.4591773000003005e-05,1.32909556114281e-05,995328
0,op_00425,stages.4.1.transformer.0.attn.qkv,view,qkv_projection,electronic,0.0,0.0,0
0,op_00426,stages.4.1.transformer.0.attn,view,control_residual,electronic,0.0,0.0,0
0,op_00427,stages.4.1.transformer.0.attn,permute,control_residual,electronic,0.0,0.0,0
0,op_00428,stages.4.1.transformer.0.attn,unbind,control_residual,electronic,0.0,0.0,0
0,op_00429,stages.4.1.transformer.0.attn,mul,control_residual,electronic,3.1145600000014734e-07,6.943103999998423e-07,0
0,op_00430,stages.4.1.transformer.0.attn,transpose,control_residual,electronic,0.0,0.0,0
0,op_00431,stages.4.1.transformer.0.attn,expand,control_residual,electronic,0.0,0.0,0
0,op_00432,stages.4.1.transformer.0.attn,clone,control_residual,electronic,3.0800000000007904e-07,6.911999999997809e-07,0
0,op_00433,stages.4.1.transformer.0.attn,_unsafe_view,control_residual,electronic,0.0,0.0,0
0,op_00434,stages.4.1.transformer.0.attn,expand,control_residual,electronic,0.0,0.0,0
0,op_00435,stages.4.1.transformer.0.attn,clone,control_residual,electronic,3.0800000000007904e-07,6.911999999997809e-07,0
0,op_00436,stages.4.1.transformer.0.attn,_unsafe_view,control_residual,electronic,0.0,0.0,0
0,op_00437,stages.4.1.transformer.0.attn,MatMul,attention_score,photonic,4.599879999979666e-07,2.645594011427624e-06,31104
0,op_00438,stages.4.1.transformer.0.attn,_unsafe_view,control_residual,electronic,0.0,0.0,0
0,op_00439,stages.4.1.transformer.0.attn,_softmax,control_residual,electronic,2.4697999999995744e-07,2.650320000000331e-07,0
0,op_00440,stages.4.1.transformer.0.attn,expand,control_residual,electronic,0.0,0.0,0
0,op_00441,stages.4.1.transformer.0.attn,view,control_residual,electronic,0.0,0.0,0
0,op_00442,stages.4.1.transformer.0.attn,expand,control_residual,electronic,0.0,0.0,0
0,op_00443,stages.4.1.transformer.0.attn,clone,control_residual,electronic,3.0800000000007904e-07,6.911999999997809e-07,0
0,op_00444,stages.4.1.transformer.0.attn,_unsafe_view,control_residual,electronic,0.0,0.0,0
0,op_00445,stages.4.1.transformer.0.attn,MatMul,attention_value,photonic,5.774429999998339e-07,4.411160822857373e-06,31104
0,op_00446,stages.4.1.transformer.0.attn,_unsafe_view,control_residual,electronic,0.0,0.0,0
0,op_00447,stages.4.1.transformer.0.attn,transpose,control_residual,electronic,0.0,0.0,0
0,op_00448,stages.4.1.transformer.0.attn,clone,control_residual,electronic,3.0800000000007904e-07,6.911999999997809e-07,0
0,op_00449,stages.4.1.transformer.0.attn,_unsafe_view,control_residual,electronic,0.0,0.0,0
0,op_00450,stages.4.1.transformer.0.attn.proj,view,attention_output_projection,electronic,0.0,0.0,0
0,op_00451,stages.4.1.transformer.0.attn.proj,t,attention_output_projection,electronic,0.0,0.0,0
0,op_00452,stages.4.1.transformer.0.attn.proj,Linear,attention_output_projection,photonic,8.383991000001072e-06,4.673851337142886e-06,331776
0,op_00453,stages.4.1.transformer.0.attn.proj,view,attention_output_projection,electronic,0.0,0.0,0
0,op_00454,stages.4.1.transformer.0,add,control_residual,electronic,3.654560000001302e-07,1.0399103999997328e-06,0
0,op_00455,stages.4.1.transformer.0.norm2,native_layer_norm,normalization_softmax_activation,electronic,3.3329300000006085e-07,7.366512000004863e-07,0
0,op_00456,stages.4.1.transformer.0.mlp.fc1,view,ffn_linear,electronic,0.0,0.0,0
0,op_00457,stages.4.1.transformer.0.mlp.fc1,t,ffn_linear,electronic,0.0,0.0,0
0,op_00458,stages.4.1.transformer.0.mlp.fc1,Linear,ffn_linear,photonic,1.6475282000001862e-05,8.982403474285059e-06,663552
0,op_00459,stages.4.1.transformer.0.mlp.fc1,view,ffn_linear,electronic,0.0,0.0,0
0,op_00460,stages.4.1.transformer.0.mlp.act,silu,normalization_softmax_activation,electronic,4.712960000000533e-07,1.4321664000001115e-06,0
0,op_00461,stages.4.1.transformer.0.mlp.fc2,view,ffn_linear,electronic,0.0,0.0,0
0,op_00462,stages.4.1.transformer.0.mlp.fc2,t,ffn_linear,electronic,0.0,0.0,0
0,op_00463,stages.4.1.transformer.0.mlp.fc2,Linear,ffn_linear,photonic,1.6544363000001215e-05,9.073862674285806e-06,663552
0,op_00464,stages.4.1.transformer.0.mlp.fc2,view,ffn_linear,electronic,0.0,0.0,0
0,op_00465,stages.4.1.transformer.0,add,control_residual,electronic,3.654560000001302e-07,1.0399104000001665e-06,0
0,op_00466,stages.4.1.transformer.1.norm1,native_layer_norm,normalization_softmax_activation,electronic,3.3329300000006085e-07,7.366512000000526e-07,0
0,op_00467,stages.4.1.transformer.1.attn.qkv,view,qkv_projection,electronic,0.0,0.0,0
0,op_00468,stages.4.1.transformer.1.attn.qkv,t,qkv_projection,electronic,0.0,0.0,0
0,op_00469,stages.4.1.transformer.1.attn.qkv,Linear,qkv_projection,photonic,2.4591773000003005e-05,1.32909556114281e-05,995328
0,op_00470,stages.4.1.transformer.1.attn.qkv,view,qkv_projection,electronic,0.0,0.0,0
0,op_00471,stages.4.1.transformer.1.attn,view,control_residual,electronic,0.0,0.0,0
0,op_00472,stages.4.1.transformer.1.attn,permute,control_residual,electronic,0.0,0.0,0
0,op_00473,stages.4.1.transformer.1.attn,unbind,control_residual,electronic,0.0,0.0,0
0,op_00474,stages.4.1.transformer.1.attn,mul,control_residual,electronic,3.1145600000014734e-07,6.943103999998423e-07,0
0,op_00475,stages.4.1.transformer.1.attn,transpose,control_residual,electronic,0.0,0.0,0
0,op_00476,stages.4.1.transformer.1.attn,expand,control_residual,electronic,0.0,0.0,0
0,op_00477,stages.4.1.transformer.1.attn,clone,control_residual,electronic,3.0800000000007904e-07,6.911999999997809e-07,0
0,op_00478,stages.4.1.transformer.1.attn,_unsafe_view,control_residual,electronic,0.0,0.0,0
0,op_00479,stages.4.1.transformer.1.attn,expand,control_residual,electronic,0.0,0.0,0
0,op_00480,stages.4.1.transformer.1.attn,clone,control_residual,electronic,3.0800000000007904e-07,6.911999999997809e-07,0
0,op_00481,stages.4.1.transformer.1.attn,_unsafe_view,control_residual,electronic,0.0,0.0,0
0,op_00482,stages.4.1.transformer.1.attn,MatMul,attention_score,photonic,4.599879999979666e-07,2.645594011427624e-06,31104
0,op_00483,stages.4.1.transformer.1.attn,_unsafe_view,control_residual,electronic,0.0,0.0,0
0,op_00484,stages.4.1.transformer.1.attn,_softmax,control_residual,electronic,2.4697999999995744e-07,2.650320000000331e-07,0
0,op_00485,stages.4.1.transformer.1.attn,expand,control_residual,electronic,0.0,0.0,0
0,op_00486,stages.4.1.transformer.1.attn,view,control_residual,electronic,0.0,0.0,0
0,op_00487,stages.4.1.transformer.1.attn,expand,control_residual,electronic,0.0,0.0,0
0,op_00488,stages.4.1.transformer.1.attn,clone,control_residual,electronic,3.0800000000007904e-07,6.911999999997809e-07,0
0,op_00489,stages.4.1.transformer.1.attn,_unsafe_view,control_residual,electronic,0.0,0.0,0
0,op_00490,stages.4.1.transformer.1.attn,MatMul,attention_value,photonic,5.774429999998339e-07,4.411160822857373e-06,31104
0,op_00491,stages.4.1.transformer.1.attn,_unsafe_view,control_residual,electronic,0.0,0.0,0
0,op_00492,stages.4.1.transformer.1.attn,transpose,control_residual,electronic,0.0,0.0,0
0,op_00493,stages.4.1.transformer.1.attn,clone,control_residual,electronic,3.0800000000007904e-07,6.911999999997809e-07,0
0,op_00494,stages.4.1.transformer.1.attn,_unsafe_view,control_residual,electronic,0.0,0.0,0
0,op_00495,stages.4.1.transformer.1.attn.proj,view,attention_output_projection,electronic,0.0,0.0,0
0,op_00496,stages.4.1.transformer.1.attn.proj,t,attention_output_projection,electronic,0.0,0.0,0
0,op_00497,stages.4.1.transformer.1.attn.proj,Linear,attention_output_projection,photonic,8.383991000001072e-06,4.673851337142886e-06,331776
0,op_00498,stages.4.1.transformer.1.attn.proj,view,attention_output_projection,electronic,0.0,0.0,0
0,op_00499,stages.4.1.transformer.1,add,control_residual,electronic,3.654560000001302e-07,1.0399104000006001e-06,0
0,op_00500,stages.4.1.transformer.1.norm2,native_layer_norm,normalization_softmax_activation,electronic,3.3329300000006085e-07,7.366511999996189e-07,0
0,op_00501,stages.4.1.transformer.1.mlp.fc1,view,ffn_linear,electronic,0.0,0.0,0
0,op_00502,stages.4.1.transformer.1.mlp.fc1,t,ffn_linear,electronic,0.0,0.0,0
0,op_00503,stages.4.1.transformer.1.mlp.fc1,Linear,ffn_linear,photonic,1.6475282000001862e-05,8.982403474285059e-06,663552
0,op_00504,stages.4.1.transformer.1.mlp.fc1,view,ffn_linear,electronic,0.0,0.0,0
0,op_00505,stages.4.1.transformer.1.mlp.act,silu,normalization_softmax_activation,electronic,4.712960000000533e-07,1.4321664000005452e-06,0
0,op_00506,stages.4.1.transformer.1.mlp.fc2,view,ffn_linear,electronic,0.0,0.0,0
0,op_00507,stages.4.1.transformer.1.mlp.fc2,t,ffn_linear,electronic,0.0,0.0,0
0,op_00508,stages.4.1.transformer.1.mlp.fc2,Linear,ffn_linear,photonic,1.6544363000001215e-05,9.073862674285806e-06,663552
0,op_00509,stages.4.1.transformer.1.mlp.fc2,view,ffn_linear,electronic,0.0,0.0,0
0,op_00510,stages.4.1.transformer.1,add,control_residual,electronic,3.654560000001302e-07,1.0399103999997328e-06,0
0,op_00511,stages.4.1.transformer.2.norm1,native_layer_norm,normalization_softmax_activation,electronic,3.3329300000006085e-07,7.366512000004863e-07,0
0,op_00512,stages.4.1.transformer.2.attn.qkv,view,qkv_projection,electronic,0.0,0.0,0
0,op_00513,stages.4.1.transformer.2.attn.qkv,t,qkv_projection,electronic,0.0,0.0,0
0,op_00514,stages.4.1.transformer.2.attn.qkv,Linear,qkv_projection,photonic,2.4591773000003005e-05,1.32909556114281e-05,995328
0,op_00515,stages.4.1.transformer.2.attn.qkv,view,qkv_projection,electronic,0.0,0.0,0
0,op_00516,stages.4.1.transformer.2.attn,view,control_residual,electronic,0.0,0.0,0
0,op_00517,stages.4.1.transformer.2.attn,permute,control_residual,electronic,0.0,0.0,0
0,op_00518,stages.4.1.transformer.2.attn,unbind,control_residual,electronic,0.0,0.0,0
0,op_00519,stages.4.1.transformer.2.attn,mul,control_residual,electronic,3.1145600000014734e-07,6.943103999994087e-07,0
0,op_00520,stages.4.1.transformer.2.attn,transpose,control_residual,electronic,0.0,0.0,0
0,op_00521,stages.4.1.transformer.2.attn,expand,control_residual,electronic,0.0,0.0,0
0,op_00522,stages.4.1.transformer.2.attn,clone,control_residual,electronic,3.0800000000007904e-07,6.911999999997809e-07,0
0,op_00523,stages.4.1.transformer.2.attn,_unsafe_view,control_residual,electronic,0.0,0.0,0
0,op_00524,stages.4.1.transformer.2.attn,expand,control_residual,electronic,0.0,0.0,0
0,op_00525,stages.4.1.transformer.2.attn,clone,control_residual,electronic,3.0800000000007904e-07,6.911999999997809e-07,0
0,op_00526,stages.4.1.transformer.2.attn,_unsafe_view,control_residual,electronic,0.0,0.0,0
0,op_00527,stages.4.1.transformer.2.attn,MatMul,attention_score,photonic,4.599879999979666e-07,2.6455940114280575e-06,31104
0,op_00528,stages.4.1.transformer.2.attn,_unsafe_view,control_residual,electronic,0.0,0.0,0
0,op_00529,stages.4.1.transformer.2.attn,_softmax,control_residual,electronic,2.4697999999995744e-07,2.650320000000331e-07,0
0,op_00530,stages.4.1.transformer.2.attn,expand,control_residual,electronic,0.0,0.0,0
0,op_00531,stages.4.1.transformer.2.attn,view,control_residual,electronic,0.0,0.0,0
0,op_00532,stages.4.1.transformer.2.attn,expand,control_residual,electronic,0.0,0.0,0
0,op_00533,stages.4.1.transformer.2.attn,clone,control_residual,electronic,3.0800000000007904e-07,6.911999999997809e-07,0
0,op_00534,stages.4.1.transformer.2.attn,_unsafe_view,control_residual,electronic,0.0,0.0,0
0,op_00535,stages.4.1.transformer.2.attn,MatMul,attention_value,photonic,5.774429999998339e-07,4.41116082285694e-06,31104
0,op_00536,stages.4.1.transformer.2.attn,_unsafe_view,control_residual,electronic,0.0,0.0,0
0,op_00537,stages.4.1.transformer.2.attn,transpose,control_residual,electronic,0.0,0.0,0
0,op_00538,stages.4.1.transformer.2.attn,clone,control_residual,electronic,3.0800000000007904e-07,6.911999999997809e-07,0
0,op_00539,stages.4.1.transformer.2.attn,_unsafe_view,control_residual,electronic,0.0,0.0,0
0,op_00540,stages.4.1.transformer.2.attn.proj,view,attention_output_projection,electronic,0.0,0.0,0
0,op_00541,stages.4.1.transformer.2.attn.proj,t,attention_output_projection,electronic,0.0,0.0,0
0,op_00542,stages.4.1.transformer.2.attn.proj,Linear,attention_output_projection,photonic,8.383991000001072e-06,4.673851337142886e-06,331776
0,op_00543,stages.4.1.transformer.2.attn.proj,view,attention_output_projection,electronic,0.0,0.0,0
0,op_00544,stages.4.1.transformer.2,add,control_residual,electronic,3.654560000001302e-07,1.0399104000001665e-06,0
0,op_00545,stages.4.1.transformer.2.norm2,native_layer_norm,normalization_softmax_activation,electronic,3.3329300000006085e-07,7.366512000000526e-07,0
0,op_00546,stages.4.1.transformer.2.mlp.fc1,view,ffn_linear,electronic,0.0,0.0,0
0,op_00547,stages.4.1.transformer.2.mlp.fc1,t,ffn_linear,electronic,0.0,0.0,0
0,op_00548,stages.4.1.transformer.2.mlp.fc1,Linear,ffn_linear,photonic,1.6475282000001862e-05,8.982403474285493e-06,663552
0,op_00549,stages.4.1.transformer.2.mlp.fc1,view,ffn_linear,electronic,0.0,0.0,0
0,op_00550,stages.4.1.transformer.2.mlp.act,silu,normalization_softmax_activation,electronic,4.712960000000533e-07,1.4321664000005452e-06,0
0,op_00551,stages.4.1.transformer.2.mlp.fc2,view,ffn_linear,electronic,0.0,0.0,0
0,op_00552,stages.4.1.transformer.2.mlp.fc2,t,ffn_linear,electronic,0.0,0.0,0
0,op_00553,stages.4.1.transformer.2.mlp.fc2,Linear,ffn_linear,photonic,1.6544363000001215e-05,9.073862674285373e-06,663552
0,op_00554,stages.4.1.transformer.2.mlp.fc2,view,ffn_linear,electronic,0.0,0.0,0
0,op_00555,stages.4.1.transformer.2,add,control_residual,electronic,3.654560000001302e-07,1.0399104000001665e-06,0
0,op_00556,stages.4.1.norm,native_layer_norm,normalization_softmax_activation,electronic,3.3329300000006085e-07,7.366512000000526e-07,0
0,op_00557,stages.4.1,view,control_residual,electronic,0.0,0.0,0
0,op_00558,stages.4.1,transpose,control_residual,electronic,0.0,0.0,0
0,op_00559,stages.4.1,clone,control_residual,electronic,3.0800000000007904e-07,6.911999999997809e-07,0
0,op_00560,stages.4.1,_unsafe_view,control_residual,electronic,0.0,0.0,0
0,op_00561,stages.4.1,transpose,control_residual,electronic,0.0,0.0,0
0,op_00562,stages.4.1,clone,control_residual,electronic,3.0800000000007904e-07,6.911999999997809e-07,0
0,op_00563,stages.4.1,_unsafe_view,control_residual,electronic,0.0,0.0,0
0,op_00564,stages.4.1.conv_proj.conv,Conv2d,pointwise_conv,photonic,7.022780000000978e-06,3.947303314285819e-06,276480
0,op_00565,stages.4.1.conv_proj.bn,empty,normalization_softmax_activation,electronic,0.0,0.0,0
0,op_00566,stages.4.1.conv_proj.bn,native_batch_norm,normalization_softmax_activation,electronic,3.1227999999989056e-07,6.235519999994721e-07,0
0,op_00567,stages.4.1.conv_proj.bn.act,silu_,normalization_softmax_activation,electronic,3.1304000000010636e-07,5.967360000008054e-07,0
0,op_00568,stages.4.1,cat,control_residual,electronic,3.7999999999991166e-07,1.151999999999924e-06,0
0,op_00569,stages.4.1.conv_fusion.conv,Conv2d,spatial_conv,electronic,9.386443999999578e-05,1.5356160000008258e-05,4147200
0,op_00570,stages.4.1.conv_fusion.bn,empty,normalization_softmax_activation,electronic,0.0,0.0,0
0,op_00571,stages.4.1.conv_fusion.bn,native_batch_norm,normalization_softmax_activation,electronic,3.1227999999989056e-07,6.235519999994721e-07,0
0,op_00572,stages.4.1.conv_fusion.bn.act,silu_,normalization_softmax_activation,electronic,3.1304000000010636e-07,5.967360000008054e-07,0
0,op_00573,final_conv.conv,Conv2d,pointwise_conv,photonic,2.3052970000002814e-05,1.393073645714277e-05,921600
0,op_00574,final_conv.bn,empty,normalization_softmax_activation,electronic,0.0,0.0,0
0,op_00575,final_conv.bn,native_batch_norm,normalization_softmax_activation,electronic,6.491200000000898e-07,2.494207999999623e-06,0
0,op_00576,final_conv.bn.act,silu_,normalization_softmax_activation,electronic,6.521600000000856e-07,2.386943999999752e-06,0
0,op_00577,head.global_pool.pool,mean,control_residual,electronic,3.9652000000003733e-07,1.1943680000006326e-06,0
0,op_00578,head.global_pool.flatten,view,control_residual,electronic,0.0,0.0,0
0,op_00579,head.fc,t,classifier_linear,electronic,0.0,0.0,0
0,op_00580,head.fc,Linear,classifier_linear,photonic,0.0002583913812500556,9.935215680000487e-05,320000
1,op_00000,stem.conv,Conv2d,spatial_conv,electronic,5.030262399999567e-06,2.7400243199999542e-05,3981312
1,op_00001,stem.bn,empty,normalization_softmax_activation,electronic,0.0,0.0,0
1,op_00002,stem.bn,native_batch_norm,normalization_softmax_activation,electronic,5.693735999999852e-06,3.029386239999975e-05,0
1,op_00003,stem.bn.act,silu_,normalization_softmax_activation,electronic,5.9876479999998455e-06,3.0552883199999777e-05,0
1,op_00004,stages.0.0.conv1_1x1.conv,Conv2d,pointwise_conv,photonic,2.4472335999999734e-05,6.985764717714303e-05,4718592
1,op_00005,stages.0.0.conv1_1x1.bn,empty,normalization_softmax_activation,electronic,0.0,0.0,0
1,op_00006,stages.0.0.conv1_1x1.bn,native_batch_norm,normalization_softmax_activation,electronic,1.1187472000000025e-05,6.05877247999995e-05,0
1,op_00007,stages.0.0.conv1_1x1.bn.act,silu_,normalization_softmax_activation,electronic,1.1775296000000011e-05,6.110576640000042e-05,0
1,op_00008,stages.0.0.conv2_kxk.conv,Conv2d,depthwise_conv,electronic,9.962841599998537e-06,6.006743039999995e-05,2654208
1,op_00009,stages.0.0.conv2_kxk.bn,empty,normalization_softmax_activation,electronic,0.0,0.0,0
1,op_00010,stages.0.0.conv2_kxk.bn,native_batch_norm,normalization_softmax_activation,electronic,1.1187472000000025e-05,6.05877247999995e-05,0
1,op_00011,stages.0.0.conv2_kxk.bn.act,silu_,normalization_softmax_activation,electronic,1.1775296000000011e-05,6.110576640000042e-05,0
1,op_00012,stages.0.0.conv3_1x1.conv,Conv2d,pointwise_conv,photonic,2.1149978000000033e-05,5.999042998857101e-05,4718592
1,op_00013,stages.0.0.conv3_1x1.bn,empty,normalization_softmax_activation,electronic,0.0,0.0,0
1,op_00014,stages.0.0.conv3_1x1.bn,native_batch_norm,normalization_softmax_activation,electronic,5.693736000000286e-06,3.0293862399999316e-05,0
1,op_00015,stages.0.0,add,control_residual,electronic,7.259456000000258e-06,4.4369510399999874e-05,0
1,op_00016,stages.1.0.conv1_1x1.conv,Conv2d,pointwise_conv,photonic,2.44723360000006e-05,6.985764717714303e-05,4718592
1,op_00017,stages.1.0.conv1_1x1.bn,empty,normalization_softmax_activation,electronic,0.0,0.0,0
1,op_00018,stages.1.0.conv1_1x1.bn,native_batch_norm,normalization_softmax_activation,electronic,1.1187471999999591e-05,6.058772480000037e-05,0
1,op_00019,stages.1.0.conv1_1x1.bn.act,silu_,normalization_softmax_activation,electronic,1.1775296000000011e-05,6.110576640000042e-05,0
1,op_00020,stages.1.0.conv2_kxk.conv,Conv2d,depthwise_conv,electronic,6.108710400005643e-06,3.71527679999999e-05,663552
1,op_00021,stages.1.0.conv2_kxk.bn,empty,normalization_softmax_activation,electronic,0.0,0.0,0
1,op_00022,stages.1.0.conv2_kxk.bn,native_batch_norm,normalization_softmax_activation,electronic,2.9483680000002774e-06,1.515653120000033e-05,0
1,op_00023,stages.1.0.conv2_kxk.bn.act,silu_,normalization_softmax_activation,electronic,3.0938240000001963e-06,1.5276441600000322e-05,0
1,op_00024,stages.1.0.conv3_1x1.conv,Conv2d,pointwise_conv,photonic,6.359288000001937e-06,1.961995190857043e-05,1769472
1,op_00025,stages.1.0.conv3_1x1.bn,empty,normalization_softmax_activation,electronic,0.0,0.0,0
1,op_00026,stages.1.0.conv3_1x1.bn,native_batch_norm,normalization_softmax_activation,electronic,2.261276000000128e-06,1.1367398399999597e-05,0
1,op_00027,stages.1.1.conv1_1x1.conv,Conv2d,pointwise_conv,photonic,8.616176000002251e-06,2.7057153462857475e-05,2654208
1,op_00028,stages.1.1.conv1_1x1.bn,empty,normalization_softmax_activation,electronic,0.0,0.0,0
1,op_00029,stages.1.1.conv1_1x1.bn,native_batch_norm,normalization_softmax_activation,electronic,4.322552000000143e-06,2.273479680000006e-05,0
1,op_00030,stages.1.1.conv1_1x1.bn.act,silu_,normalization_softmax_activation,electronic,4.5407360000004546e-06,2.2914662399999182e-05,0
1,op_00031,stages.1.1.conv2_kxk.conv,Conv2d,depthwise_conv,electronic,3.8790656000085334e-06,2.2551551999999524e-05,995328
1,op_00032,stages.1.1.conv2_kxk.bn,empty,normalization_softmax_activation,electronic,0.0,0.0,0
1,op_00033,stages.1.1.conv2_kxk.bn,native_batch_norm,normalization_softmax_activation,electronic,4.322552000000143e-06,2.273479680000006e-05,0
1,op_00034,stages.1.1.conv2_kxk.bn.act,silu_,normalization_softmax_activation,electronic,4.5407360000004546e-06,2.291466240000005e-05,0
1,op_00035,stages.1.1.conv3_1x1.conv,Conv2d,pointwise_conv,photonic,9.893972000002155e-06,3.0281606217142515e-05,2654208
1,op_00036,stages.1.1.conv3_1x1.bn,empty,normalization_softmax_activation,electronic,0.0,0.0,0
1,op_00037,stages.1.1.conv3_1x1.bn,native_batch_norm,normalization_softmax_activation,electronic,2.261276000000128e-06,1.1367398400000464e-05,0
1,op_00038,stages.1.1,add,control_residual,electronic,2.8472959999999506e-06,1.6638566399999194e-05,0
1,op_00039,stages.1.2.conv1_1x1.conv,Conv2d,pointwise_conv,photonic,8.616176000002251e-06,2.7057153462857475e-05,2654208
1,op_00040,stages.1.2.conv1_1x1.bn,empty,normalization_softmax_activation,electronic,0.0,0.0,0
1,op_00041,stages.1.2.conv1_1x1.bn,native_batch_norm,normalization_softmax_activation,electronic,4.322552000000143e-06,2.273479680000006e-05,0
1,op_00042,stages.1.2.conv1_1x1.bn.act,silu_,normalization_softmax_activation,electronic,4.5407360000004546e-06,2.291466240000005e-05,0
1,op_00043,stages.1.2.conv2_kxk.conv,Conv2d,depthwise_conv,electronic,3.8790656000085334e-06,2.2551551999999524e-05,995328
1,op_00044,stages.1.2.conv2_kxk.bn,empty,normalization_softmax_activation,electronic,0.0,0.0,0
1,op_00045,stages.1.2.conv2_kxk.bn,native_batch_norm,normalization_softmax_activation,electronic,4.322552000000143e-06,2.273479680000006e-05,0
1,op_00046,stages.1.2.conv2_kxk.bn.act,silu_,normalization_softmax_activation,electronic,4.5407360000004546e-06,2.291466240000005e-05,0
1,op_00047,stages.1.2.conv3_1x1.conv,Conv2d,pointwise_conv,photonic,9.893972000002155e-06,3.0281606217142515e-05,2654208
1,op_00048,stages.1.2.conv3_1x1.bn,empty,normalization_softmax_activation,electronic,0.0,0.0,0
1,op_00049,stages.1.2.conv3_1x1.bn,native_batch_norm,normalization_softmax_activation,electronic,2.261276000000128e-06,1.1367398399999597e-05,0
1,op_00050,stages.1.2,add,control_residual,electronic,2.8472959999999506e-06,1.663856640000006e-05,0
1,op_00051,stages.2.0.conv1_1x1.conv,Conv2d,pointwise_conv,photonic,8.616176000002251e-06,2.7057153462856608e-05,2654208
1,op_00052,stages.2.0.conv1_1x1.bn,empty,normalization_softmax_activation,electronic,0.0,0.0,0
1,op_00053,stages.2.0.conv1_1x1.bn,native_batch_norm,normalization_softmax_activation,electronic,4.322552000000143e-06,2.2734796799999193e-05,0
1,op_00054,stages.2.0.conv1_1x1.bn.act,silu_,normalization_softmax_activation,electronic,4.5407360000004546e-06,2.291466240000005e-05,0
1,op_00055,stages.2.0.conv2_kxk.conv,Conv2d,depthwise_conv,electronic,2.433766400008596e-06,1.395855360000059e-05,248832
1,op_00056,stages.2.0.conv2_kxk.bn,empty,normalization_softmax_activation,electronic,0.0,0.0,0
1,op_00057,stages.2.0.conv2_kxk.bn,native_batch_norm,normalization_softmax_activation,electronic,1.2328879999998037e-06,5.698099199999938e-06,0
1,op_00058,stages.2.0.conv2_kxk.bn.act,silu_,normalization_softmax_activation,electronic,1.285184000000307e-06,5.728665599999579e-06,0
1,op_00059,stages.2.0.conv3_1x1.conv,Conv2d,pointwise_conv,photonic,4.5137360000046915e-06,1.1872790674286038e-05,1327104
1,op_00060,stages.2.0.conv3_1x1.bn,empty,normalization_softmax_activation,electronic,0.0,0.0,0
1,op_00061,stages.2.0.conv3_1x1.bn,native_batch_norm,normalization_softmax_activation,electronic,1.2328879999998037e-06,5.698099199999938e-06,0
1,op_00062,stages.2.1.conv_kxk.conv,Conv2d,spatial_conv,electronic,3.5337872000278277e-06,1.0425369599998714e-05,11943936
1,op_00063,stages.2.1.conv_kxk.bn,empty,normalization_softmax_activation,electronic,0.0,0.0,0
1,op_00064,stages.2.1.conv_kxk.bn,native_batch_norm,normalization_softmax_activation,electronic,1.2328879999998037e-06,5.698099199999071e-06,0
1,op_00065,stages.2.1.conv_kxk.bn.act,silu_,normalization_softmax_activation,electronic,1.285184000000307e-06,5.728665600000446e-06,0
1,op_00066,stages.2.1.conv_1x1,Conv2d,pointwise_conv,photonic,5.445248000006137e-06,1.4856256365714839e-05,1769472
1,op_00067,stages.2.1,view,control_residual,electronic,0.0,0.0,0
1,op_00068,stages.2.1,transpose,control_residual,electronic,0.0,0.0,0
1,op_00069,stages.2.1,clone,control_residual,electronic,1.3519999999996035e-06,7.3727999999996865e-06,0
1,op_00070,stages.2.1,_unsafe_view,control_residual,electronic,0.0,0.0,0
1,op_00071,stages.2.1,transpose,control_residual,electronic,0.0,0.0,0
1,op_00072,stages.2.1,view,control_residual,electronic,0.0,0.0,0
1,op_00073,stages.2.1.transformer.0.norm1,native_layer_norm,normalization_softmax_activation,electronic,1.600096000000089e-06,7.706086399999687e-06,0
1,op_00074,stages.2.1.transformer.0.attn.qkv,view,qkv_projection,electronic,0.0,0.0,0
1,op_00075,stages.2.1.transformer.0.attn.qkv,t,qkv_projection,electronic,0.0,0.0,0
1,op_00076,stages.2.1.transformer.0.attn.qkv,Linear,qkv_projection,photonic,1.5569894000028086e-05,4.0996666697143413e-05,7077888
1,op_00077,stages.2.1.transformer.0.attn.qkv,view,qkv_projection,electronic,0.0,0.0,0
1,op_00078,stages.2.1.transformer.0.attn,view,control_residual,electronic,0.0,0.0,0
1,op_00079,stages.2.1.transformer.0.attn,permute,control_residual,electronic,0.0,0.0,0
1,op_00080,stages.2.1.transformer.0.attn,unbind,control_residual,electronic,0.0,0.0,0
1,op_00081,stages.2.1.transformer.0.attn,mul,control_residual,electronic,1.3888639999997537e-06,7.405977599999475e-06,0
1,op_00082,stages.2.1.transformer.0.attn,transpose,control_residual,electronic,0.0,0.0,0
1,op_00083,stages.2.1.transformer.0.attn,expand,control_residual,electronic,0.0,0.0,0
1,op_00084,stages.2.1.transformer.0.attn,clone,control_residual,electronic,1.3519999999996035e-06,7.3727999999996865e-06,0
1,op_00085,stages.2.1.transformer.0.attn,_unsafe_view,control_residual,electronic,0.0,0.0,0
1,op_00086,stages.2.1.transformer.0.attn,expand,control_residual,electronic,0.0,0.0,0
1,op_00087,stages.2.1.transformer.0.attn,clone,control_residual,electronic,1.3519999999996035e-06,7.3727999999996865e-06,0
1,op_00088,stages.2.1.transformer.0.attn,_unsafe_view,control_residual,electronic,0.0,0.0,0
1,op_00089,stages.2.1.transformer.0.attn,MatMul,attention_score,photonic,2.223372800001745e-05,8.328304347426235e-05,5308416
1,op_00090,stages.2.1.transformer.0.attn,_unsafe_view,control_residual,electronic,0.0,0.0,0
1,op_00091,stages.2.1.transformer.0.attn,_softmax,control_residual,electronic,1.2226879999999683e-05,6.78481919999998e-05,0
1,op_00092,stages.2.1.transformer.0.attn,expand,control_residual,electronic,0.0,0.0,0
1,op_00093,stages.2.1.transformer.0.attn,view,control_residual,electronic,0.0,0.0,0
1,op_00094,stages.2.1.transformer.0.attn,expand,control_residual,electronic,0.0,0.0,0
1,op_00095,stages.2.1.transformer.0.attn,clone,control_residual,electronic,1.3519999999996035e-06,7.372800000000554e-06,0
1,op_00096,stages.2.1.transformer.0.attn,_unsafe_view,control_residual,electronic,0.0,0.0,0
1,op_00097,stages.2.1.transformer.0.attn,MatMul,attention_value,photonic,1.9492416000001234e-05,7.133423908570365e-05,5308416
1,op_00098,stages.2.1.transformer.0.attn,_unsafe_view,control_residual,electronic,0.0,0.0,0
1,op_00099,stages.2.1.transformer.0.attn,transpose,control_residual,electronic,0.0,0.0,0
1,op_00100,stages.2.1.transformer.0.attn,clone,control_residual,electronic,1.3519999999996035e-06,7.3727999999996865e-06,0
1,op_00101,stages.2.1.transformer.0.attn,_unsafe_view,control_residual,electronic,0.0,0.0,0
1,op_00102,stages.2.1.transformer.0.attn.proj,view,attention_output_projection,electronic,0.0,0.0,0
1,op_00103,stages.2.1.transformer.0.attn.proj,t,attention_output_projection,electronic,0.0,0.0,0
1,op_00104,stages.2.1.transformer.0.attn.proj,Linear,attention_output_projection,photonic,5.803298000009189e-06,1.6263238765714533e-05,2359296
1,op_00105,stages.2.1.transformer.0.attn.proj,view,attention_output_projection,electronic,0.0,0.0,0
1,op_00106,stages.2.1.transformer.0,add,control_residual,electronic,1.9648640000001494e-06,1.1092377600000619e-05,0
1,op_00107,stages.2.1.transformer.0.norm2,native_layer_norm,normalization_softmax_activation,electronic,1.600096000000089e-06,7.706086399999687e-06,0
1,op_00108,stages.2.1.transformer.0.mlp.fc1,view,ffn_linear,electronic,0.0,0.0,0
1,op_00109,stages.2.1.transformer.0.mlp.fc1,t,ffn_linear,electronic,0.0,0.0,0
1,op_00110,stages.2.1.transformer.0.mlp.fc1,Linear,ffn_linear,photonic,1.0686596000018637e-05,2.8629952731428106e-05,4718592
1,op_00111,stages.2.1.transformer.0.mlp.fc1,view,ffn_linear,electronic,0.0,0.0,0
1,op_00112,stages.2.1.transformer.0.mlp.act,silu,normalization_softmax_activation,electronic,3.0938240000001963e-06,1.5276441599999455e-05,0
1,op_00113,stages.2.1.transformer.0.mlp.fc2,view,ffn_linear,electronic,0.0,0.0,0
1,op_00114,stages.2.1.transformer.0.mlp.fc2,t,ffn_linear,electronic,0.0,0.0,0
1,op_00115,stages.2.1.transformer.0.mlp.fc2,Linear,ffn_linear,photonic,1.1442210000019073e-05,2.970698953142989e-05,4718592
1,op_00116,stages.2.1.transformer.0.mlp.fc2,view,ffn_linear,electronic,0.0,0.0,0
1,op_00117,stages.2.1.transformer.0,add,control_residual,electronic,1.9648640000001494e-06,1.1092377599999752e-05,0
1,op_00118,stages.2.1.transformer.1.norm1,native_layer_norm,normalization_softmax_activation,electronic,1.600096000000089e-06,7.706086399999687e-06,0
1,op_00119,stages.2.1.transformer.1.attn.qkv,view,qkv_projection,electronic,0.0,0.0,0
1,op_00120,stages.2.1.transformer.1.attn.qkv,t,qkv_projection,electronic,0.0,0.0,0
1,op_00121,stages.2.1.transformer.1.attn.qkv,Linear,qkv_projection,photonic,1.5569894000028086e-05,4.0996666697142546e-05,7077888
1,op_00122,stages.2.1.transformer.1.attn.qkv,view,qkv_projection,electronic,0.0,0.0,0
1,op_00123,stages.2.1.transformer.1.attn,view,control_residual,electronic,0.0,0.0,0
1,op_00124,stages.2.1.transformer.1.attn,permute,control_residual,electronic,0.0,0.0,0
1,op_00125,stages.2.1.transformer.1.attn,unbind,control_residual,electronic,0.0,0.0,0
1,op_00126,stages.2.1.transformer.1.attn,mul,control_residual,electronic,1.3888639999997537e-06,7.4059776000012095e-06,0
1,op_00127,stages.2.1.transformer.1.attn,transpose,control_residual,electronic,0.0,0.0,0
1,op_00128,stages.2.1.transformer.1.attn,expand,control_residual,electronic,0.0,0.0,0
1,op_00129,stages.2.1.transformer.1.attn,clone,control_residual,electronic,1.3519999999996035e-06,7.372800000000554e-06,0
1,op_00130,stages.2.1.transformer.1.attn,_unsafe_view,control_residual,electronic,0.0,0.0,0
1,op_00131,stages.2.1.transformer.1.attn,expand,control_residual,electronic,0.0,0.0,0
1,op_00132,stages.2.1.transformer.1.attn,clone,control_residual,electronic,1.3519999999996035e-06,7.372800000000554e-06,0
1,op_00133,stages.2.1.transformer.1.attn,_unsafe_view,control_residual,electronic,0.0,0.0,0
1,op_00134,stages.2.1.transformer.1.attn,MatMul,attention_score,photonic,2.223372800001745e-05,8.328304347426409e-05,5308416
1,op_00135,stages.2.1.transformer.1.attn,_unsafe_view,control_residual,electronic,0.0,0.0,0
1,op_00136,stages.2.1.transformer.1.attn,_softmax,control_residual,electronic,1.2226879999999683e-05,6.78481919999998e-05,0
1,op_00137,stages.2.1.transformer.1.attn,expand,control_residual,electronic,0.0,0.0,0
1,op_00138,stages.2.1.transformer.1.attn,view,control_residual,electronic,0.0,0.0,0
1,op_00139,stages.2.1.transformer.1.attn,expand,control_residual,electronic,0.0,0.0,0
1,op_00140,stages.2.1.transformer.1.attn,clone,control_residual,electronic,1.3519999999996035e-06,7.372800000000554e-06,0
1,op_00141,stages.2.1.transformer.1.attn,_unsafe_view,control_residual,electronic,0.0,0.0,0
1,op_00142,stages.2.1.transformer.1.attn,MatMul,attention_value,photonic,1.9492416000001234e-05,7.133423908570451e-05,5308416
1,op_00143,stages.2.1.transformer.1.attn,_unsafe_view,control_residual,electronic,0.0,0.0,0
1,op_00144,stages.2.1.transformer.1.attn,transpose,control_residual,electronic,0.0,0.0,0
1,op_00145,stages.2.1.transformer.1.attn,clone,control_residual,electronic,1.3519999999996035e-06,7.372800000000554e-06,0
1,op_00146,stages.2.1.transformer.1.attn,_unsafe_view,control_residual,electronic,0.0,0.0,0
1,op_00147,stages.2.1.transformer.1.attn.proj,view,attention_output_projection,electronic,0.0,0.0,0
1,op_00148,stages.2.1.transformer.1.attn.proj,t,attention_output_projection,electronic,0.0,0.0,0
1,op_00149,stages.2.1.transformer.1.attn.proj,Linear,attention_output_projection,photonic,5.803298000009189e-06,1.6263238765713665e-05,2359296
1,op_00150,stages.2.1.transformer.1.attn.proj,view,attention_output_projection,electronic,0.0,0.0,0
1,op_00151,stages.2.1.transformer.1,add,control_residual,electronic,1.9648640000001494e-06,1.1092377599999752e-05,0
1,op_00152,stages.2.1.transformer.1.norm2,native_layer_norm,normalization_softmax_activation,electronic,1.600096000000089e-06,7.706086400000554e-06,0
1,op_00153,stages.2.1.transformer.1.mlp.fc1,view,ffn_linear,electronic,0.0,0.0,0
1,op_00154,stages.2.1.transformer.1.mlp.fc1,t,ffn_linear,electronic,0.0,0.0,0
1,op_00155,stages.2.1.transformer.1.mlp.fc1,Linear,ffn_linear,photonic,1.0686596000018637e-05,2.8629952731428106e-05,4718592
1,op_00156,stages.2.1.transformer.1.mlp.fc1,view,ffn_linear,electronic,0.0,0.0,0
1,op_00157,stages.2.1.transformer.1.mlp.act,silu,normalization_softmax_activation,electronic,3.0938240000001963e-06,1.5276441599999455e-05,0
1,op_00158,stages.2.1.transformer.1.mlp.fc2,view,ffn_linear,electronic,0.0,0.0,0
1,op_00159,stages.2.1.transformer.1.mlp.fc2,t,ffn_linear,electronic,0.0,0.0,0
1,op_00160,stages.2.1.transformer.1.mlp.fc2,Linear,ffn_linear,photonic,1.1442210000019073e-05,2.9706989531429022e-05,4718592
1,op_00161,stages.2.1.transformer.1.mlp.fc2,view,ffn_linear,electronic,0.0,0.0,0
1,op_00162,stages.2.1.transformer.1,add,control_residual,electronic,1.9648640000001494e-06,1.1092377599999752e-05,0
1,op_00163,stages.2.1.norm,native_layer_norm,normalization_softmax_activation,electronic,1.600096000000089e-06,7.706086400000554e-06,0
1,op_00164,stages.2.1,view,control_residual,electronic,0.0,0.0,0
1,op_00165,stages.2.1,transpose,control_residual,electronic,0.0,0.0,0
1,op_00166,stages.2.1,clone,control_residual,electronic,1.3519999999996035e-06,7.372800000000554e-06,0
1,op_00167,stages.2.1,_unsafe_view,control_residual,electronic,0.0,0.0,0
1,op_00168,stages.2.1,transpose,control_residual,electronic,0.0,0.0,0
1,op_00169,stages.2.1,clone,control_residual,electronic,1.3519999999996035e-06,7.372800000000554e-06,0
1,op_00170,stages.2.1,_unsafe_view,control_residual,electronic,0.0,0.0,0
1,op_00171,stages.2.1.conv_proj.conv,Conv2d,pointwise_conv,photonic,4.783136000006353e-06,1.3166486674285292e-05,1769472
1,op_00172,stages.2.1.conv_proj.bn,empty,normalization_softmax_activation,electronic,0.0,0.0,0
1,op_00173,stages.2.1.conv_proj.bn,native_batch_norm,normalization_softmax_activation,electronic,1.2328879999998037e-06,5.698099199999071e-06,0
1,op_00174,stages.2.1.conv_proj.bn.act,silu_,normalization_softmax_activation,electronic,1.285184000000307e-06,5.728665600000446e-06,0
1,op_00175,stages.2.1,cat,control_residual,electronic,1.927999999999999e-06,1.1059199999999964e-05,0
1,op_00176,stages.2.1.conv_fusion.conv,Conv2d,spatial_conv,electronic,6.435574400055245e-06,1.808593919999657e-05,23887872
1,op_00177,stages.2.1.conv_fusion.bn,empty,normalization_softmax_activation,electronic,0.0,0.0,0
1,op_00178,stages.2.1.conv_fusion.bn,native_batch_norm,normalization_softmax_activation,electronic,1.2328879999998037e-06,5.698099200000806e-06,0
1,op_00179,stages.2.1.conv_fusion.bn.act,silu_,normalization_softmax_activation,electronic,1.285184000000307e-06,5.728665599998711e-06,0
1,op_00180,stages.3.0.conv1_1x1.conv,Conv2d,pointwise_conv,photonic,7.797872000009452e-06,2.082318774857244e-05,2654208
1,op_00181,stages.3.0.conv1_1x1.bn,empty,normalization_softmax_activation,electronic,0.0,0.0,0
1,op_00182,stages.3.0.conv1_1x1.bn,native_batch_norm,normalization_softmax_activation,electronic,2.2657759999999277e-06,1.1396198399999877e-05,0
1,op_00183,stages.3.0.conv1_1x1.bn.act,silu_,normalization_softmax_activation,electronic,2.370368000000067e-06,1.1457331200000025e-05,0
1,op_00184,stages.3.0.conv2_kxk.conv,Conv2d,depthwise_conv,electronic,1.352883200016631e-06,7.031807999999598e-06,124416
1,op_00185,stages.3.0.conv2_kxk.bn,empty,normalization_softmax_activation,electronic,0.0,0.0,0
1,op_00186,stages.3.0.conv2_kxk.bn,native_batch_norm,normalization_softmax_activation,electronic,7.20944000000192e-07,2.8778495999998155e-06,0
1,op_00187,stages.3.0.conv2_kxk.bn.act,silu_,normalization_softmax_activation,electronic,7.42592000000427e-07,2.8643328000010904e-06,0
1,op_00188,stages.3.0.conv3_1x1.conv,Conv2d,pointwise_conv,photonic,2.3233760000117634e-06,6.660855222855554e-06,884736
1,op_00189,stages.3.0.conv3_1x1.bn,empty,normalization_softmax_activation,electronic,0.0,0.0,0
1,op_00190,stages.3.0.conv3_1x1.bn,native_batch_norm,normalization_softmax_activation,electronic,5.47295999999732e-07,1.9185664000016117e-06,0
1,op_00191,stages.3.1.conv_kxk.conv,Conv2d,spatial_conv,electronic,1.6936832000491453e-06,4.1766911999981116e-06,5308416
1,op_00192,stages.3.1.conv_kxk.bn,empty,normalization_softmax_activation,electronic,0.0,0.0,0
1,op_00193,stages.3.1.conv_kxk.bn,native_batch_norm,normalization_softmax_activation,electronic,5.47295999999732e-07,1.918566399999877e-06,0
1,op_00194,stages.3.1.conv_kxk.bn.act,silu_,normalization_softmax_activation,electronic,5.617279999997442e-07,1.9095552000001487e-06,0
1,op_00195,stages.3.1.conv_1x1,Conv2d,pointwise_conv,photonic,1.971040000009732e-06,5.600171885714565e-06,737280
1,op_00196,stages.3.1,view,control_residual,electronic,0.0,0.0,0
1,op_00197,stages.3.1,transpose,control_residual,electronic,0.0,0.0,0
1,op_00198,stages.3.1,clone,control_residual,electronic,5.600000000001437e-07,2.303999999999848e-06,0
1,op_00199,stages.3.1,_unsafe_view,control_residual,electronic,0.0,0.0,0
1,op_00200,stages.3.1,transpose,control_residual,electronic,0.0,0.0,0
1,op_00201,stages.3.1,view,control_residual,electronic,0.0,0.0,0
1,op_00202,stages.3.1.transformer.0.norm1,native_layer_norm,normalization_softmax_activation,electronic,6.378480000000276e-07,2.4125632000007724e-06,0
1,op_00203,stages.3.1.transformer.0.attn.qkv,view,qkv_projection,electronic,0.0,0.0,0
1,op_00204,stages.3.1.transformer.0.attn.qkv,t,qkv_projection,electronic,0.0,0.0,0
1,op_00205,stages.3.1.transformer.0.attn.qkv,Linear,qkv_projection,photonic,7.181257500036252e-06,2.032587908570773e-05,2764800
1,op_00206,stages.3.1.transformer.0.attn.qkv,view,qkv_projection,electronic,0.0,0.0,0
1,op_00207,stages.3.1.transformer.0.attn,view,control_residual,electronic,0.0,0.0,0
1,op_00208,stages.3.1.transformer.0.attn,permute,control_residual,electronic,0.0,0.0,0
1,op_00209,stages.3.1.transformer.0.attn,unbind,control_residual,electronic,0.0,0.0,0
1,op_00210,stages.3.1.transformer.0.attn,mul,control_residual,electronic,5.715200000000822e-07,2.3143679999991854e-06,0
1,op_00211,stages.3.1.transformer.0.attn,transpose,control_residual,electronic,0.0,0.0,0
1,op_00212,stages.3.1.transformer.0.attn,expand,control_residual,electronic,0.0,0.0,0
1,op_00213,stages.3.1.transformer.0.attn,clone,control_residual,electronic,5.600000000001437e-07,2.303999999999848e-06,0
1,op_00214,stages.3.1.transformer.0.attn,_unsafe_view,control_residual,electronic,0.0,0.0,0
1,op_00215,stages.3.1.transformer.0.attn,expand,control_residual,electronic,0.0,0.0,0
1,op_00216,stages.3.1.transformer.0.attn,clone,control_residual,electronic,5.600000000001437e-07,2.303999999999848e-06,0
1,op_00217,stages.3.1.transformer.0.attn,_unsafe_view,control_residual,electronic,0.0,0.0,0
1,op_00218,stages.3.1.transformer.0.attn,MatMul,attention_score,photonic,2.1096799999930846e-06,1.1444979565716946e-05,414720
1,op_00219,stages.3.1.transformer.0.attn,_unsafe_view,control_residual,electronic,0.0,0.0,0
1,op_00220,stages.3.1.transformer.0.attn,_softmax,control_residual,electronic,9.516800000002219e-07,4.240512000000529e-06,0
1,op_00221,stages.3.1.transformer.0.attn,expand,control_residual,electronic,0.0,0.0,0
1,op_00222,stages.3.1.transformer.0.attn,view,control_residual,electronic,0.0,0.0,0
1,op_00223,stages.3.1.transformer.0.attn,expand,control_residual,electronic,0.0,0.0,0
1,op_00224,stages.3.1.transformer.0.attn,clone,control_residual,electronic,5.600000000001437e-07,2.303999999999848e-06,0
1,op_00225,stages.3.1.transformer.0.attn,_unsafe_view,control_residual,electronic,0.0,0.0,0
1,op_00226,stages.3.1.transformer.0.attn,MatMul,attention_value,photonic,2.608239999983726e-06,1.380745435428446e-05,414720
1,op_00227,stages.3.1.transformer.0.attn,_unsafe_view,control_residual,electronic,0.0,0.0,0
1,op_00228,stages.3.1.transformer.0.attn,transpose,control_residual,electronic,0.0,0.0,0
1,op_00229,stages.3.1.transformer.0.attn,clone,control_residual,electronic,5.600000000001437e-07,2.303999999999848e-06,0
1,op_00230,stages.3.1.transformer.0.attn,_unsafe_view,control_residual,electronic,0.0,0.0,0
1,op_00231,stages.3.1.transformer.0.attn.proj,view,attention_output_projection,electronic,0.0,0.0,0
1,op_00232,stages.3.1.transformer.0.attn.proj,t,attention_output_projection,electronic,0.0,0.0,0
1,op_00233,stages.3.1.transformer.0.attn.proj,Linear,attention_output_projection,photonic,2.6806825000114977e-06,7.5870690285691905e-06,921600
1,op_00234,stages.3.1.transformer.0.attn.proj,view,attention_output_projection,electronic,0.0,0.0,0
1,op_00235,stages.3.1.transformer.0,add,control_residual,electronic,7.515199999998806e-07,3.4663679999999766e-06,0
1,op_00236,stages.3.1.transformer.0.norm2,native_layer_norm,normalization_softmax_activation,electronic,6.378480000000276e-07,2.4125632000007724e-06,0
1,op_00237,stages.3.1.transformer.0.mlp.fc1,view,ffn_linear,electronic,0.0,0.0,0
1,op_00238,stages.3.1.transformer.0.mlp.fc1,t,ffn_linear,electronic,0.0,0.0,0
1,op_00239,stages.3.1.transformer.0.mlp.fc1,Linear,ffn_linear,photonic,4.939965000023711e-06,1.3956474057139762e-05,1843200
1,op_00240,stages.3.1.transformer.0.mlp.fc1,view,ffn_linear,electronic,0.0,0.0,0
1,op_00241,stages.3.1.transformer.0.mlp.act,silu,normalization_softmax_activation,electronic,1.1043199999996242e-06,4.773887999999504e-06,0
1,op_00242,stages.3.1.transformer.0.mlp.fc2,view,ffn_linear,electronic,0.0,0.0,0
1,op_00243,stages.3.1.transformer.0.mlp.fc2,t,ffn_linear,electronic,0.0,0.0,0
1,op_00244,stages.3.1.transformer.0.mlp.fc2,Linear,ffn_linear,photonic,4.606852500022279e-06,1.2690421714282515e-05,1843200
1,op_00245,stages.3.1.transformer.0.mlp.fc2,view,ffn_linear,electronic,0.0,0.0,0
1,op_00246,stages.3.1.transformer.0,add,control_residual,electronic,7.515199999998806e-07,3.4663679999999766e-06,0
1,op_00247,stages.3.1.transformer.1.norm1,native_layer_norm,normalization_softmax_activation,electronic,6.378480000000276e-07,2.412563199999905e-06,0
1,op_00248,stages.3.1.transformer.1.attn.qkv,view,qkv_projection,electronic,0.0,0.0,0
1,op_00249,stages.3.1.transformer.1.attn.qkv,t,qkv_projection,electronic,0.0,0.0,0
1,op_00250,stages.3.1.transformer.1.attn.qkv,Linear,qkv_projection,photonic,7.181257500036252e-06,2.0325879085709465e-05,2764800
1,op_00251,stages.3.1.transformer.1.attn.qkv,view,qkv_projection,electronic,0.0,0.0,0
1,op_00252,stages.3.1.transformer.1.attn,view,control_residual,electronic,0.0,0.0,0
1,op_00253,stages.3.1.transformer.1.attn,permute,control_residual,electronic,0.0,0.0,0
1,op_00254,stages.3.1.transformer.1.attn,unbind,control_residual,electronic,0.0,0.0,0
1,op_00255,stages.3.1.transformer.1.attn,mul,control_residual,electronic,5.715200000000822e-07,2.3143680000000527e-06,0
1,op_00256,stages.3.1.transformer.1.attn,transpose,control_residual,electronic,0.0,0.0,0
1,op_00257,stages.3.1.transformer.1.attn,expand,control_residual,electronic,0.0,0.0,0
1,op_00258,stages.3.1.transformer.1.attn,clone,control_residual,electronic,5.600000000001437e-07,2.303999999999848e-06,0
1,op_00259,stages.3.1.transformer.1.attn,_unsafe_view,control_residual,electronic,0.0,0.0,0
1,op_00260,stages.3.1.transformer.1.attn,expand,control_residual,electronic,0.0,0.0,0
1,op_00261,stages.3.1.transformer.1.attn,clone,control_residual,electronic,5.600000000001437e-07,2.303999999999848e-06,0
1,op_00262,stages.3.1.transformer.1.attn,_unsafe_view,control_residual,electronic,0.0,0.0,0
1,op_00263,stages.3.1.transformer.1.attn,MatMul,attention_score,photonic,2.1096799999930846e-06,1.1444979565716079e-05,414720
1,op_00264,stages.3.1.transformer.1.attn,_unsafe_view,control_residual,electronic,0.0,0.0,0
1,op_00265,stages.3.1.transformer.1.attn,_softmax,control_residual,electronic,9.516800000002219e-07,4.240512000000529e-06,0
1,op_00266,stages.3.1.transformer.1.attn,expand,control_residual,electronic,0.0,0.0,0
1,op_00267,stages.3.1.transformer.1.attn,view,control_residual,electronic,0.0,0.0,0
1,op_00268,stages.3.1.transformer.1.attn,expand,control_residual,electronic,0.0,0.0,0
1,op_00269,stages.3.1.transformer.1.attn,clone,control_residual,electronic,5.600000000001437e-07,2.303999999999848e-06,0
1,op_00270,stages.3.1.transformer.1.attn,_unsafe_view,control_residual,electronic,0.0,0.0,0
1,op_00271,stages.3.1.transformer.1.attn,MatMul,attention_value,photonic,2.608239999983726e-06,1.3807454354285327e-05,414720
1,op_00272,stages.3.1.transformer.1.attn,_unsafe_view,control_residual,electronic,0.0,0.0,0
1,op_00273,stages.3.1.transformer.1.attn,transpose,control_residual,electronic,0.0,0.0,0
1,op_00274,stages.3.1.transformer.1.attn,clone,control_residual,electronic,5.600000000001437e-07,2.303999999999848e-06,0
1,op_00275,stages.3.1.transformer.1.attn,_unsafe_view,control_residual,electronic,0.0,0.0,0
1,op_00276,stages.3.1.transformer.1.attn.proj,view,attention_output_projection,electronic,0.0,0.0,0
1,op_00277,stages.3.1.transformer.1.attn.proj,t,attention_output_projection,electronic,0.0,0.0,0
1,op_00278,stages.3.1.transformer.1.attn.proj,Linear,attention_output_projection,photonic,2.6806825000114977e-06,7.587069028570058e-06,921600
1,op_00279,stages.3.1.transformer.1.attn.proj,view,attention_output_projection,electronic,0.0,0.0,0
1,op_00280,stages.3.1.transformer.1,add,control_residual,electronic,7.515199999998806e-07,3.4663679999991093e-06,0
1,op_00281,stages.3.1.transformer.1.norm2,native_layer_norm,normalization_softmax_activation,electronic,6.378480000000276e-07,2.4125632000007724e-06,0
1,op_00282,stages.3.1.transformer.1.mlp.fc1,view,ffn_linear,electronic,0.0,0.0,0
1,op_00283,stages.3.1.transformer.1.mlp.fc1,t,ffn_linear,electronic,0.0,0.0,0
1,op_00284,stages.3.1.transformer.1.mlp.fc1,Linear,ffn_linear,photonic,4.939965000023711e-06,1.3956474057138894e-05,1843200
1,op_00285,stages.3.1.transformer.1.mlp.fc1,view,ffn_linear,electronic,0.0,0.0,0
1,op_00286,stages.3.1.transformer.1.mlp.act,silu,normalization_softmax_activation,electronic,1.1043199999996242e-06,4.773887999999504e-06,0
1,op_00287,stages.3.1.transformer.1.mlp.fc2,view,ffn_linear,electronic,0.0,0.0,0
1,op_00288,stages.3.1.transformer.1.mlp.fc2,t,ffn_linear,electronic,0.0,0.0,0
1,op_00289,stages.3.1.transformer.1.mlp.fc2,Linear,ffn_linear,photonic,4.606852500022279e-06,1.2690421714281648e-05,1843200
1,op_00290,stages.3.1.transformer.1.mlp.fc2,view,ffn_linear,electronic,0.0,0.0,0
1,op_00291,stages.3.1.transformer.1,add,control_residual,electronic,7.515199999998806e-07,3.466368000000844e-06,0
1,op_00292,stages.3.1.transformer.2.norm1,native_layer_norm,normalization_softmax_activation,electronic,6.378480000000276e-07,2.4125632000007724e-06,0
1,op_00293,stages.3.1.transformer.2.attn.qkv,view,qkv_projection,electronic,0.0,0.0,0
1,op_00294,stages.3.1.transformer.2.attn.qkv,t,qkv_projection,electronic,0.0,0.0,0
1,op_00295,stages.3.1.transformer.2.attn.qkv,Linear,qkv_projection,photonic,7.181257500036252e-06,2.0325879085706863e-05,2764800
1,op_00296,stages.3.1.transformer.2.attn.qkv,view,qkv_projection,electronic,0.0,0.0,0
1,op_00297,stages.3.1.transformer.2.attn,view,control_residual,electronic,0.0,0.0,0
1,op_00298,stages.3.1.transformer.2.attn,permute,control_residual,electronic,0.0,0.0,0
1,op_00299,stages.3.1.transformer.2.attn,unbind,control_residual,electronic,0.0,0.0,0
1,op_00300,stages.3.1.transformer.2.attn,mul,control_residual,electronic,5.715200000000822e-07,2.3143679999991854e-06,0
1,op_00301,stages.3.1.transformer.2.attn,transpose,control_residual,electronic,0.0,0.0,0
1,op_00302,stages.3.1.transformer.2.attn,expand,control_residual,electronic,0.0,0.0,0
1,op_00303,stages.3.1.transformer.2.attn,clone,control_residual,electronic,5.600000000001437e-07,2.303999999999848e-06,0
1,op_00304,stages.3.1.transformer.2.attn,_unsafe_view,control_residual,electronic,0.0,0.0,0
1,op_00305,stages.3.1.transformer.2.attn,expand,control_residual,electronic,0.0,0.0,0
1,op_00306,stages.3.1.transformer.2.attn,clone,control_residual,electronic,5.600000000001437e-07,2.303999999999848e-06,0
1,op_00307,stages.3.1.transformer.2.attn,_unsafe_view,control_residual,electronic,0.0,0.0,0
1,op_00308,stages.3.1.transformer.2.attn,MatMul,attention_score,photonic,2.1096799999930846e-06,1.1444979565715212e-05,414720
1,op_00309,stages.3.1.transformer.2.attn,_unsafe_view,control_residual,electronic,0.0,0.0,0
1,op_00310,stages.3.1.transformer.2.attn,_softmax,control_residual,electronic,9.516800000002219e-07,4.240512000000529e-06,0
1,op_00311,stages.3.1.transformer.2.attn,expand,control_residual,electronic,0.0,0.0,0
1,op_00312,stages.3.1.transformer.2.attn,view,control_residual,electronic,0.0,0.0,0
1,op_00313,stages.3.1.transformer.2.attn,expand,control_residual,electronic,0.0,0.0,0
1,op_00314,stages.3.1.transformer.2.attn,clone,control_residual,electronic,5.600000000001437e-07,2.303999999999848e-06,0
1,op_00315,stages.3.1.transformer.2.attn,_unsafe_view,control_residual,electronic,0.0,0.0,0
1,op_00316,stages.3.1.transformer.2.attn,MatMul,attention_value,photonic,2.608239999983726e-06,1.3807454354283592e-05,414720
1,op_00317,stages.3.1.transformer.2.attn,_unsafe_view,control_residual,electronic,0.0,0.0,0
1,op_00318,stages.3.1.transformer.2.attn,transpose,control_residual,electronic,0.0,0.0,0
1,op_00319,stages.3.1.transformer.2.attn,clone,control_residual,electronic,5.600000000001437e-07,2.303999999999848e-06,0
1,op_00320,stages.3.1.transformer.2.attn,_unsafe_view,control_residual,electronic,0.0,0.0,0
1,op_00321,stages.3.1.transformer.2.attn.proj,view,attention_output_projection,electronic,0.0,0.0,0
1,op_00322,stages.3.1.transformer.2.attn.proj,t,attention_output_projection,electronic,0.0,0.0,0
1,op_00323,stages.3.1.transformer.2.attn.proj,Linear,attention_output_projection,photonic,2.6806825000114977e-06,7.5870690285691905e-06,921600
1,op_00324,stages.3.1.transformer.2.attn.proj,view,attention_output_projection,electronic,0.0,0.0,0
1,op_00325,stages.3.1.transformer.2,add,control_residual,electronic,7.515199999998806e-07,3.4663679999999766e-06,0
1,op_00326,stages.3.1.transformer.2.norm2,native_layer_norm,normalization_softmax_activation,electronic,6.378480000000276e-07,2.412563199999905e-06,0
1,op_00327,stages.3.1.transformer.2.mlp.fc1,view,ffn_linear,electronic,0.0,0.0,0
1,op_00328,stages.3.1.transformer.2.mlp.fc1,t,ffn_linear,electronic,0.0,0.0,0
1,op_00329,stages.3.1.transformer.2.mlp.fc1,Linear,ffn_linear,photonic,4.939965000023711e-06,1.3956474057138027e-05,1843200
1,op_00330,stages.3.1.transformer.2.mlp.fc1,view,ffn_linear,electronic,0.0,0.0,0
1,op_00331,stages.3.1.transformer.2.mlp.act,silu,normalization_softmax_activation,electronic,1.1043199999996242e-06,4.773887999999504e-06,0
1,op_00332,stages.3.1.transformer.2.mlp.fc2,view,ffn_linear,electronic,0.0,0.0,0
1,op_00333,stages.3.1.transformer.2.mlp.fc2,t,ffn_linear,electronic,0.0,0.0,0
1,op_00334,stages.3.1.transformer.2.mlp.fc2,Linear,ffn_linear,photonic,4.606852500022279e-06,1.2690421714282515e-05,1843200
1,op_00335,stages.3.1.transformer.2.mlp.fc2,view,ffn_linear,electronic,0.0,0.0,0
1,op_00336,stages.3.1.transformer.2,add,control_residual,electronic,7.515199999998806e-07,3.4663679999991093e-06,0
1,op_00337,stages.3.1.transformer.3.norm1,native_layer_norm,normalization_softmax_activation,electronic,6.378480000000276e-07,2.4125632000007724e-06,0
1,op_00338,stages.3.1.transformer.3.attn.qkv,view,qkv_projection,electronic,0.0,0.0,0
1,op_00339,stages.3.1.transformer.3.attn.qkv,t,qkv_projection,electronic,0.0,0.0,0
1,op_00340,stages.3.1.transformer.3.attn.qkv,Linear,qkv_projection,photonic,7.181257500036252e-06,2.0325879085706863e-05,2764800
1,op_00341,stages.3.1.transformer.3.attn.qkv,view,qkv_projection,electronic,0.0,0.0,0
1,op_00342,stages.3.1.transformer.3.attn,view,control_residual,electronic,0.0,0.0,0
1,op_00343,stages.3.1.transformer.3.attn,permute,control_residual,electronic,0.0,0.0,0
1,op_00344,stages.3.1.transformer.3.attn,unbind,control_residual,electronic,0.0,0.0,0
1,op_00345,stages.3.1.transformer.3.attn,mul,control_residual,electronic,5.715200000000822e-07,2.3143680000000527e-06,0
1,op_00346,stages.3.1.transformer.3.attn,transpose,control_residual,electronic,0.0,0.0,0
1,op_00347,stages.3.1.transformer.3.attn,expand,control_residual,electronic,0.0,0.0,0
1,op_00348,stages.3.1.transformer.3.attn,clone,control_residual,electronic,5.600000000001437e-07,2.303999999999848e-06,0
1,op_00349,stages.3.1.transformer.3.attn,_unsafe_view,control_residual,electronic,0.0,0.0,0
1,op_00350,stages.3.1.transformer.3.attn,expand,control_residual,electronic,0.0,0.0,0
1,op_00351,stages.3.1.transformer.3.attn,clone,control_residual,electronic,5.600000000001437e-07,2.303999999999848e-06,0
1,op_00352,stages.3.1.transformer.3.attn,_unsafe_view,control_residual,electronic,0.0,0.0,0
1,op_00353,stages.3.1.transformer.3.attn,MatMul,attention_score,photonic,2.1096799999930846e-06,1.1444979565715212e-05,414720
1,op_00354,stages.3.1.transformer.3.attn,_unsafe_view,control_residual,electronic,0.0,0.0,0
1,op_00355,stages.3.1.transformer.3.attn,_softmax,control_residual,electronic,9.516800000002219e-07,4.240512000000529e-06,0
1,op_00356,stages.3.1.transformer.3.attn,expand,control_residual,electronic,0.0,0.0,0
1,op_00357,stages.3.1.transformer.3.attn,view,control_residual,electronic,0.0,0.0,0
1,op_00358,stages.3.1.transformer.3.attn,expand,control_residual,electronic,0.0,0.0,0
1,op_00359,stages.3.1.transformer.3.attn,clone,control_residual,electronic,5.600000000001437e-07,2.303999999999848e-06,0
1,op_00360,stages.3.1.transformer.3.attn,_unsafe_view,control_residual,electronic,0.0,0.0,0
1,op_00361,stages.3.1.transformer.3.attn,MatMul,attention_value,photonic,2.608239999983726e-06,1.380745435428446e-05,414720
1,op_00362,stages.3.1.transformer.3.attn,_unsafe_view,control_residual,electronic,0.0,0.0,0
1,op_00363,stages.3.1.transformer.3.attn,transpose,control_residual,electronic,0.0,0.0,0
1,op_00364,stages.3.1.transformer.3.attn,clone,control_residual,electronic,5.600000000001437e-07,2.303999999999848e-06,0
1,op_00365,stages.3.1.transformer.3.attn,_unsafe_view,control_residual,electronic,0.0,0.0,0
1,op_00366,stages.3.1.transformer.3.attn.proj,view,attention_output_projection,electronic,0.0,0.0,0
1,op_00367,stages.3.1.transformer.3.attn.proj,t,attention_output_projection,electronic,0.0,0.0,0
1,op_00368,stages.3.1.transformer.3.attn.proj,Linear,attention_output_projection,photonic,2.6806825000114977e-06,7.5870690285691905e-06,921600
1,op_00369,stages.3.1.transformer.3.attn.proj,view,attention_output_projection,electronic,0.0,0.0,0
1,op_00370,stages.3.1.transformer.3,add,control_residual,electronic,7.515199999998806e-07,3.4663679999991093e-06,0
1,op_00371,stages.3.1.transformer.3.norm2,native_layer_norm,normalization_softmax_activation,electronic,6.378480000000276e-07,2.4125632000007724e-06,0
1,op_00372,stages.3.1.transformer.3.mlp.fc1,view,ffn_linear,electronic,0.0,0.0,0
1,op_00373,stages.3.1.transformer.3.mlp.fc1,t,ffn_linear,electronic,0.0,0.0,0
1,op_00374,stages.3.1.transformer.3.mlp.fc1,Linear,ffn_linear,photonic,4.939965000023711e-06,1.3956474057138027e-05,1843200
1,op_00375,stages.3.1.transformer.3.mlp.fc1,view,ffn_linear,electronic,0.0,0.0,0
1,op_00376,stages.3.1.transformer.3.mlp.act,silu,normalization_softmax_activation,electronic,1.1043199999996242e-06,4.773887999999504e-06,0
1,op_00377,stages.3.1.transformer.3.mlp.fc2,view,ffn_linear,electronic,0.0,0.0,0
1,op_00378,stages.3.1.transformer.3.mlp.fc2,t,ffn_linear,electronic,0.0,0.0,0
1,op_00379,stages.3.1.transformer.3.mlp.fc2,Linear,ffn_linear,photonic,4.606852500022279e-06,1.2690421714281648e-05,1843200
1,op_00380,stages.3.1.transformer.3.mlp.fc2,view,ffn_linear,electronic,0.0,0.0,0
1,op_00381,stages.3.1.transformer.3,add,control_residual,electronic,7.515199999998806e-07,3.4663679999999766e-06,0
1,op_00382,stages.3.1.norm,native_layer_norm,normalization_softmax_activation,electronic,6.378480000000276e-07,2.4125632000007724e-06,0
1,op_00383,stages.3.1,view,control_residual,electronic,0.0,0.0,0
1,op_00384,stages.3.1,transpose,control_residual,electronic,0.0,0.0,0
1,op_00385,stages.3.1,clone,control_residual,electronic,5.600000000001437e-07,2.303999999999848e-06,0
1,op_00386,stages.3.1,_unsafe_view,control_residual,electronic,0.0,0.0,0
1,op_00387,stages.3.1,transpose,control_residual,electronic,0.0,0.0,0
1,op_00388,stages.3.1,clone,control_residual,electronic,5.600000000001437e-07,2.303999999999848e-06,0
1,op_00389,stages.3.1,_unsafe_view,control_residual,electronic,0.0,0.0,0
1,op_00390,stages.3.1.conv_proj.conv,Conv2d,pointwise_conv,photonic,2.2023760000099667e-06,6.30642322285626e-06,737280
1,op_00391,stages.3.1.conv_proj.bn,empty,normalization_softmax_activation,electronic,0.0,0.0,0
1,op_00392,stages.3.1.conv_proj.bn,native_batch_norm,normalization_softmax_activation,electronic,5.47295999999732e-07,1.918566399999877e-06,0
1,op_00393,stages.3.1.conv_proj.bn.act,silu_,normalization_softmax_activation,electronic,5.617279999997442e-07,1.909555200001016e-06,0
1,op_00394,stages.3.1,cat,control_residual,electronic,7.760000000000752e-07,3.6863999999994096e-06,0
1,op_00395,stages.3.1.conv_fusion.conv,Conv2d,spatial_conv,electronic,3.0433664000980784e-06,7.431782399994202e-06,10616832
1,op_00396,stages.3.1.conv_fusion.bn,empty,normalization_softmax_activation,electronic,0.0,0.0,0
1,op_00397,stages.3.1.conv_fusion.bn,native_batch_norm,normalization_softmax_activation,electronic,5.47295999999732e-07,1.9185664000007444e-06,0
1,op_00398,stages.3.1.conv_fusion.bn.act,silu_,normalization_softmax_activation,electronic,5.617279999997442e-07,1.9095552000001487e-06,0
1,op_00399,stages.4.0.conv1_1x1.conv,Conv2d,pointwise_conv,photonic,2.8450240000164016e-06,8.37579629713904e-06,1179648
1,op_00400,stages.4.0.conv1_1x1.bn,empty,normalization_softmax_activation,electronic,0.0,0.0,0
1,op_00401,stages.4.0.conv1_1x1.bn,native_batch_norm,normalization_softmax_activation,electronic,8.945920000002182e-07,3.837132799999754e-06,0
1,op_00402,stages.4.0.conv1_1x1.bn.act,silu_,normalization_softmax_activation,electronic,9.234560000002424e-07,3.81911039999943e-06,0
1,op_00403,stages.4.0.conv2_kxk.conv,Conv2d,depthwise_conv,electronic,6.32294400022132e-07,2.413977599998937e-06,41472
1,op_00404,stages.4.0.conv2_kxk.bn,empty,normalization_softmax_activation,electronic,0.0,0.0,0
1,op_00405,stages.4.0.conv2_kxk.bn,native_batch_norm,normalization_softmax_activation,electronic,3.7964800000001714e-07,9.976832000000227e-07,0
1,op_00406,stages.4.0.conv2_kxk.bn.act,silu_,normalization_softmax_activation,electronic,3.808640000003624e-07,9.547776000000743e-07,0
1,op_00407,stages.4.0.conv3_1x1.conv,Conv2d,pointwise_conv,photonic,1.093200000015001e-06,4.107455085714494e-06,368640
1,op_00408,stages.4.0.conv3_1x1.bn,empty,normalization_softmax_activation,electronic,0.0,0.0,0
1,op_00409,stages.4.0.conv3_1x1.bn,native_batch_norm,normalization_softmax_activation,electronic,3.1227999999989056e-07,6.235520000003394e-07,0
1,op_00410,stages.4.1.conv_kxk.conv,Conv2d,spatial_conv,electronic,9.297200000766941e-07,1.7337599999963857e-06,2073600
1,op_00411,stages.4.1.conv_kxk.bn,empty,normalization_softmax_activation,electronic,0.0,0.0,0
1,op_00412,stages.4.1.conv_kxk.bn,native_batch_norm,normalization_softmax_activation,electronic,3.1227999999989056e-07,6.235520000003394e-07,0
1,op_00413,stages.4.1.conv_kxk.bn.act,silu_,normalization_softmax_activation,electronic,3.130399999998895e-07,5.96735999999938e-07,0
1,op_00414,stages.4.1.conv_1x1,Conv2d,pointwise_conv,photonic,9.623660000099982e-07,3.5805361371437847e-06,276480
1,op_00415,stages.4.1,view,control_residual,electronic,0.0,0.0,0
1,op_00416,stages.4.1,transpose,control_residual,electronic,0.0,0.0,0
1,op_00417,stages.4.1,clone,control_residual,electronic,3.0800000000007904e-07,6.911999999997809e-07,0
1,op_00418,stages.4.1,_unsafe_view,control_residual,electronic,0.0,0.0,0
1,op_00419,stages.4.1,transpose,control_residual,electronic,0.0,0.0,0
1,op_00420,stages.4.1,view,control_residual,electronic,0.0,0.0,0
1,op_00421,stages.4.1.transformer.0.norm1,native_layer_norm,normalization_softmax_activation,electronic,3.3329300000006085e-07,7.366512000013536e-07,0
1,op_00422,stages.4.1.transformer.0.attn.qkv,view,qkv_projection,electronic,0.0,0.0,0
1,op_00423,stages.4.1.transformer.0.attn.qkv,t,qkv_projection,electronic,0.0,0.0,0
1,op_00424,stages.4.1.transformer.0.attn.qkv,Linear,qkv_projection,photonic,2.451773000039948e-06,1.036856201142803e-05,995328
1,op_00425,stages.4.1.transformer.0.attn.qkv,view,qkv_projection,electronic,0.0,0.0,0
1,op_00426,stages.4.1.transformer.0.attn,view,control_residual,electronic,0.0,0.0,0
1,op_00427,stages.4.1.transformer.0.attn,permute,control_residual,electronic,0.0,0.0,0
1,op_00428,stages.4.1.transformer.0.attn,unbind,control_residual,electronic,0.0,0.0,0
1,op_00429,stages.4.1.transformer.0.attn,mul,control_residual,electronic,3.1145600000014734e-07,6.943103999998423e-07,0
1,op_00430,stages.4.1.transformer.0.attn,transpose,control_residual,electronic,0.0,0.0,0
1,op_00431,stages.4.1.transformer.0.attn,expand,control_residual,electronic,0.0,0.0,0
1,op_00432,stages.4.1.transformer.0.attn,clone,control_residual,electronic,3.0800000000007904e-07,6.911999999997809e-07,0
1,op_00433,stages.4.1.transformer.0.attn,_unsafe_view,control_residual,electronic,0.0,0.0,0
1,op_00434,stages.4.1.transformer.0.attn,expand,control_residual,electronic,0.0,0.0,0
1,op_00435,stages.4.1.transformer.0.attn,clone,control_residual,electronic,3.0800000000007904e-07,6.911999999997809e-07,0
1,op_00436,stages.4.1.transformer.0.attn,_unsafe_view,control_residual,electronic,0.0,0.0,0
1,op_00437,stages.4.1.transformer.0.attn,MatMul,attention_score,photonic,4.599880000038213e-07,2.6455940114293586e-06,31104
1,op_00438,stages.4.1.transformer.0.attn,_unsafe_view,control_residual,electronic,0.0,0.0,0
1,op_00439,stages.4.1.transformer.0.attn,_softmax,control_residual,electronic,2.469800000001743e-07,2.650320000000331e-07,0
1,op_00440,stages.4.1.transformer.0.attn,expand,control_residual,electronic,0.0,0.0,0
1,op_00441,stages.4.1.transformer.0.attn,view,control_residual,electronic,0.0,0.0,0
1,op_00442,stages.4.1.transformer.0.attn,expand,control_residual,electronic,0.0,0.0,0
1,op_00443,stages.4.1.transformer.0.attn,clone,control_residual,electronic,3.0800000000007904e-07,6.911999999997809e-07,0
1,op_00444,stages.4.1.transformer.0.attn,_unsafe_view,control_residual,electronic,0.0,0.0,0
1,op_00445,stages.4.1.transformer.0.attn,MatMul,attention_value,photonic,5.774429999963644e-07,4.411160822855205e-06,31104
1,op_00446,stages.4.1.transformer.0.attn,_unsafe_view,control_residual,electronic,0.0,0.0,0
1,op_00447,stages.4.1.transformer.0.attn,transpose,control_residual,electronic,0.0,0.0,0
1,op_00448,stages.4.1.transformer.0.attn,clone,control_residual,electronic,3.0800000000007904e-07,6.911999999997809e-07,0
1,op_00449,stages.4.1.transformer.0.attn,_unsafe_view,control_residual,electronic,0.0,0.0,0
1,op_00450,stages.4.1.transformer.0.attn.proj,view,attention_output_projection,electronic,0.0,0.0,0
1,op_00451,stages.4.1.transformer.0.attn.proj,t,attention_output_projection,electronic,0.0,0.0,0
1,op_00452,stages.4.1.transformer.0.attn.proj,Linear,attention_output_projection,photonic,1.003991000013242e-06,3.6997201371419958e-06,331776
1,op_00453,stages.4.1.transformer.0.attn.proj,view,attention_output_projection,electronic,0.0,0.0,0
1,op_00454,stages.4.1.transformer.0,add,control_residual,electronic,3.654559999999134e-07,1.0399103999997328e-06,0
1,op_00455,stages.4.1.transformer.0.norm2,native_layer_norm,normalization_softmax_activation,electronic,3.3329300000006085e-07,7.366511999996189e-07,0
1,op_00456,stages.4.1.transformer.0.mlp.fc1,view,ffn_linear,electronic,0.0,0.0,0
1,op_00457,stages.4.1.transformer.0.mlp.fc1,t,ffn_linear,electronic,0.0,0.0,0
1,op_00458,stages.4.1.transformer.0.mlp.fc1,Linear,ffn_linear,photonic,1.715282000026852e-06,7.034141074287181e-06,663552
1,op_00459,stages.4.1.transformer.0.mlp.fc1,view,ffn_linear,electronic,0.0,0.0,0
1,op_00460,stages.4.1.transformer.0.mlp.act,silu,normalization_softmax_activation,electronic,4.712959999994028e-07,1.4321663999988105e-06,0
1,op_00461,stages.4.1.transformer.0.mlp.fc2,view,ffn_linear,electronic,0.0,0.0,0
1,op_00462,stages.4.1.transformer.0.mlp.fc2,t,ffn_linear,electronic,0.0,0.0,0
1,op_00463,stages.4.1.transformer.0.mlp.fc2,Linear,ffn_linear,photonic,1.7843630000262053e-06,7.125600274286194e-06,663552
1,op_00464,stages.4.1.transformer.0.mlp.fc2,view,ffn_linear,electronic,0.0,0.0,0
1,op_00465,stages.4.1.transformer.0,add,control_residual,electronic,3.654559999999134e-07,1.0399103999997328e-06,0
1,op_00466,stages.4.1.transformer.1.norm1,native_layer_norm,normalization_softmax_activation,electronic,3.3329300000006085e-07,7.366511999996189e-07,0
1,op_00467,stages.4.1.transformer.1.attn.qkv,view,qkv_projection,electronic,0.0,0.0,0
1,op_00468,stages.4.1.transformer.1.attn.qkv,t,qkv_projection,electronic,0.0,0.0,0
1,op_00469,stages.4.1.transformer.1.attn.qkv,Linear,qkv_projection,photonic,2.451773000039948e-06,1.0368562011429765e-05,995328
1,op_00470,stages.4.1.transformer.1.attn.qkv,view,qkv_projection,electronic,0.0,0.0,0
1,op_00471,stages.4.1.transformer.1.attn,view,control_residual,electronic,0.0,0.0,0
1,op_00472,stages.4.1.transformer.1.attn,permute,control_residual,electronic,0.0,0.0,0
1,op_00473,stages.4.1.transformer.1.attn,unbind,control_residual,electronic,0.0,0.0,0
1,op_00474,stages.4.1.transformer.1.attn,mul,control_residual,electronic,3.1145600000014734e-07,6.94310399998975e-07,0
1,op_00475,stages.4.1.transformer.1.attn,transpose,control_residual,electronic,0.0,0.0,0
1,op_00476,stages.4.1.transformer.1.attn,expand,control_residual,electronic,0.0,0.0,0
1,op_00477,stages.4.1.transformer.1.attn,clone,control_residual,electronic,3.0800000000007904e-07,6.911999999997809e-07,0
1,op_00478,stages.4.1.transformer.1.attn,_unsafe_view,control_residual,electronic,0.0,0.0,0
1,op_00479,stages.4.1.transformer.1.attn,expand,control_residual,electronic,0.0,0.0,0
1,op_00480,stages.4.1.transformer.1.attn,clone,control_residual,electronic,3.0800000000007904e-07,6.911999999997809e-07,0
1,op_00481,stages.4.1.transformer.1.attn,_unsafe_view,control_residual,electronic,0.0,0.0,0
1,op_00482,stages.4.1.transformer.1.attn,MatMul,attention_score,photonic,4.599880000038213e-07,2.6455940114293586e-06,31104
1,op_00483,stages.4.1.transformer.1.attn,_unsafe_view,control_residual,electronic,0.0,0.0,0
1,op_00484,stages.4.1.transformer.1.attn,_softmax,control_residual,electronic,2.469800000001743e-07,2.650320000000331e-07,0
1,op_00485,stages.4.1.transformer.1.attn,expand,control_residual,electronic,0.0,0.0,0
1,op_00486,stages.4.1.transformer.1.attn,view,control_residual,electronic,0.0,0.0,0
1,op_00487,stages.4.1.transformer.1.attn,expand,control_residual,electronic,0.0,0.0,0
1,op_00488,stages.4.1.transformer.1.attn,clone,control_residual,electronic,3.0800000000007904e-07,6.911999999997809e-07,0
1,op_00489,stages.4.1.transformer.1.attn,_unsafe_view,control_residual,electronic,0.0,0.0,0
1,op_00490,stages.4.1.transformer.1.attn,MatMul,attention_value,photonic,5.774429999963644e-07,4.411160822855205e-06,31104
1,op_00491,stages.4.1.transformer.1.attn,_unsafe_view,control_residual,electronic,0.0,0.0,0
1,op_00492,stages.4.1.transformer.1.attn,transpose,control_residual,electronic,0.0,0.0,0
1,op_00493,stages.4.1.transformer.1.attn,clone,control_residual,electronic,3.0800000000007904e-07,6.911999999997809e-07,0
1,op_00494,stages.4.1.transformer.1.attn,_unsafe_view,control_residual,electronic,0.0,0.0,0
1,op_00495,stages.4.1.transformer.1.attn.proj,view,attention_output_projection,electronic,0.0,0.0,0
1,op_00496,stages.4.1.transformer.1.attn.proj,t,attention_output_projection,electronic,0.0,0.0,0
1,op_00497,stages.4.1.transformer.1.attn.proj,Linear,attention_output_projection,photonic,1.003991000013242e-06,3.699720137142863e-06,331776
1,op_00498,stages.4.1.transformer.1.attn.proj,view,attention_output_projection,electronic,0.0,0.0,0
1,op_00499,stages.4.1.transformer.1,add,control_residual,electronic,3.654559999999134e-07,1.0399103999997328e-06,0
1,op_00500,stages.4.1.transformer.1.norm2,native_layer_norm,normalization_softmax_activation,electronic,3.3329300000006085e-07,7.366512000013536e-07,0
1,op_00501,stages.4.1.transformer.1.mlp.fc1,view,ffn_linear,electronic,0.0,0.0,0
1,op_00502,stages.4.1.transformer.1.mlp.fc1,t,ffn_linear,electronic,0.0,0.0,0
1,op_00503,stages.4.1.transformer.1.mlp.fc1,Linear,ffn_linear,photonic,1.715282000026852e-06,7.034141074286314e-06,663552
1,op_00504,stages.4.1.transformer.1.mlp.fc1,view,ffn_linear,electronic,0.0,0.0,0
1,op_00505,stages.4.1.transformer.1.mlp.act,silu,normalization_softmax_activation,electronic,4.712959999994028e-07,1.4321663999988105e-06,0
1,op_00506,stages.4.1.transformer.1.mlp.fc2,view,ffn_linear,electronic,0.0,0.0,0
1,op_00507,stages.4.1.transformer.1.mlp.fc2,t,ffn_linear,electronic,0.0,0.0,0
1,op_00508,stages.4.1.transformer.1.mlp.fc2,Linear,ffn_linear,photonic,1.7843630000262053e-06,7.125600274287061e-06,663552
1,op_00509,stages.4.1.transformer.1.mlp.fc2,view,ffn_linear,electronic,0.0,0.0,0
1,op_00510,stages.4.1.transformer.1,add,control_residual,electronic,3.654559999999134e-07,1.0399103999997328e-06,0
1,op_00511,stages.4.1.transformer.2.norm1,native_layer_norm,normalization_softmax_activation,electronic,3.3329300000006085e-07,7.366511999996189e-07,0
1,op_00512,stages.4.1.transformer.2.attn.qkv,view,qkv_projection,electronic,0.0,0.0,0
1,op_00513,stages.4.1.transformer.2.attn.qkv,t,qkv_projection,electronic,0.0,0.0,0
1,op_00514,stages.4.1.transformer.2.attn.qkv,Linear,qkv_projection,photonic,2.451773000039948e-06,1.036856201142803e-05,995328
1,op_00515,stages.4.1.transformer.2.attn.qkv,view,qkv_projection,electronic,0.0,0.0,0
1,op_00516,stages.4.1.transformer.2.attn,view,control_residual,electronic,0.0,0.0,0
1,op_00517,stages.4.1.transformer.2.attn,permute,control_residual,electronic,0.0,0.0,0
1,op_00518,stages.4.1.transformer.2.attn,unbind,control_residual,electronic,0.0,0.0,0
1,op_00519,stages.4.1.transformer.2.attn,mul,control_residual,electronic,3.1145600000014734e-07,6.943103999998423e-07,0
1,op_00520,stages.4.1.transformer.2.attn,transpose,control_residual,electronic,0.0,0.0,0
1,op_00521,stages.4.1.transformer.2.attn,expand,control_residual,electronic,0.0,0.0,0
1,op_00522,stages.4.1.transformer.2.attn,clone,control_residual,electronic,3.0800000000007904e-07,6.911999999997809e-07,0
1,op_00523,stages.4.1.transformer.2.attn,_unsafe_view,control_residual,electronic,0.0,0.0,0
1,op_00524,stages.4.1.transformer.2.attn,expand,control_residual,electronic,0.0,0.0,0
1,op_00525,stages.4.1.transformer.2.attn,clone,control_residual,electronic,3.0800000000007904e-07,6.911999999997809e-07,0
1,op_00526,stages.4.1.transformer.2.attn,_unsafe_view,control_residual,electronic,0.0,0.0,0
1,op_00527,stages.4.1.transformer.2.attn,MatMul,attention_score,photonic,4.599880000038213e-07,2.645594011428491e-06,31104
1,op_00528,stages.4.1.transformer.2.attn,_unsafe_view,control_residual,electronic,0.0,0.0,0
1,op_00529,stages.4.1.transformer.2.attn,_softmax,control_residual,electronic,2.469800000001743e-07,2.650320000000331e-07,0
1,op_00530,stages.4.1.transformer.2.attn,expand,control_residual,electronic,0.0,0.0,0
1,op_00531,stages.4.1.transformer.2.attn,view,control_residual,electronic,0.0,0.0,0
1,op_00532,stages.4.1.transformer.2.attn,expand,control_residual,electronic,0.0,0.0,0
1,op_00533,stages.4.1.transformer.2.attn,clone,control_residual,electronic,3.0800000000007904e-07,6.911999999997809e-07,0
1,op_00534,stages.4.1.transformer.2.attn,_unsafe_view,control_residual,electronic,0.0,0.0,0
1,op_00535,stages.4.1.transformer.2.attn,MatMul,attention_value,photonic,5.774429999963644e-07,4.411160822856072e-06,31104
1,op_00536,stages.4.1.transformer.2.attn,_unsafe_view,control_residual,electronic,0.0,0.0,0
1,op_00537,stages.4.1.transformer.2.attn,transpose,control_residual,electronic,0.0,0.0,0
1,op_00538,stages.4.1.transformer.2.attn,clone,control_residual,electronic,3.0800000000007904e-07,6.911999999997809e-07,0
1,op_00539,stages.4.1.transformer.2.attn,_unsafe_view,control_residual,electronic,0.0,0.0,0
1,op_00540,stages.4.1.transformer.2.attn.proj,view,attention_output_projection,electronic,0.0,0.0,0
1,op_00541,stages.4.1.transformer.2.attn.proj,t,attention_output_projection,electronic,0.0,0.0,0
1,op_00542,stages.4.1.transformer.2.attn.proj,Linear,attention_output_projection,photonic,1.003991000013242e-06,3.6997201371419958e-06,331776
1,op_00543,stages.4.1.transformer.2.attn.proj,view,attention_output_projection,electronic,0.0,0.0,0
1,op_00544,stages.4.1.transformer.2,add,control_residual,electronic,3.654559999999134e-07,1.0399103999997328e-06,0
1,op_00545,stages.4.1.transformer.2.norm2,native_layer_norm,normalization_softmax_activation,electronic,3.3329300000006085e-07,7.366511999996189e-07,0
1,op_00546,stages.4.1.transformer.2.mlp.fc1,view,ffn_linear,electronic,0.0,0.0,0
1,op_00547,stages.4.1.transformer.2.mlp.fc1,t,ffn_linear,electronic,0.0,0.0,0
1,op_00548,stages.4.1.transformer.2.mlp.fc1,Linear,ffn_linear,photonic,1.715282000026852e-06,7.034141074288049e-06,663552
1,op_00549,stages.4.1.transformer.2.mlp.fc1,view,ffn_linear,electronic,0.0,0.0,0
1,op_00550,stages.4.1.transformer.2.mlp.act,silu,normalization_softmax_activation,electronic,4.712959999994028e-07,1.4321663999988105e-06,0
1,op_00551,stages.4.1.transformer.2.mlp.fc2,view,ffn_linear,electronic,0.0,0.0,0
1,op_00552,stages.4.1.transformer.2.mlp.fc2,t,ffn_linear,electronic,0.0,0.0,0
1,op_00553,stages.4.1.transformer.2.mlp.fc2,Linear,ffn_linear,photonic,1.7843630000262053e-06,7.125600274285326e-06,663552
1,op_00554,stages.4.1.transformer.2.mlp.fc2,view,ffn_linear,electronic,0.0,0.0,0
1,op_00555,stages.4.1.transformer.2,add,control_residual,electronic,3.654559999999134e-07,1.0399103999997328e-06,0
1,op_00556,stages.4.1.norm,native_layer_norm,normalization_softmax_activation,electronic,3.3329300000006085e-07,7.366511999996189e-07,0
1,op_00557,stages.4.1,view,control_residual,electronic,0.0,0.0,0
1,op_00558,stages.4.1,transpose,control_residual,electronic,0.0,0.0,0
1,op_00559,stages.4.1,clone,control_residual,electronic,3.0800000000007904e-07,6.911999999997809e-07,0
1,op_00560,stages.4.1,_unsafe_view,control_residual,electronic,0.0,0.0,0
1,op_00561,stages.4.1,transpose,control_residual,electronic,0.0,0.0,0
1,op_00562,stages.4.1,clone,control_residual,electronic,3.0800000000007904e-07,6.911999999997809e-07,0
1,op_00563,stages.4.1,_unsafe_view,control_residual,electronic,0.0,0.0,0
1,op_00564,stages.4.1.conv_proj.conv,Conv2d,pointwise_conv,photonic,8.727800000106131e-07,3.13552731428645e-06,276480
1,op_00565,stages.4.1.conv_proj.bn,empty,normalization_softmax_activation,electronic,0.0,0.0,0
1,op_00566,stages.4.1.conv_proj.bn,native_batch_norm,normalization_softmax_activation,electronic,3.1227999999989056e-07,6.235519999994721e-07,0
1,op_00567,stages.4.1.conv_proj.bn.act,silu_,normalization_softmax_activation,electronic,3.130399999998895e-07,5.967360000008054e-07,0
1,op_00568,stages.4.1,cat,control_residual,electronic,3.8000000000034534e-07,1.1520000000007913e-06,0
1,op_00569,stages.4.1.conv_fusion.conv,Conv2d,spatial_conv,electronic,1.614440000153542e-06,3.179519999991706e-06,4147200
1,op_00570,stages.4.1.conv_fusion.bn,empty,normalization_softmax_activation,electronic,0.0,0.0,0
1,op_00571,stages.4.1.conv_fusion.bn,native_batch_norm,normalization_softmax_activation,electronic,3.1227999999989056e-07,6.235520000003394e-07,0
1,op_00572,stages.4.1.conv_fusion.bn.act,silu_,normalization_softmax_activation,electronic,3.130399999998895e-07,5.96735999999938e-07,0
1,op_00573,final_conv.conv,Conv2d,pointwise_conv,photonic,2.552970000033704e-06,1.1224816457143863e-05,921600
1,op_00574,final_conv.bn,empty,normalization_softmax_activation,electronic,0.0,0.0,0
1,op_00575,final_conv.bn,native_batch_norm,normalization_softmax_activation,electronic,6.491200000000898e-07,2.4942080000004904e-06,0
1,op_00576,final_conv.bn.act,silu_,normalization_softmax_activation,electronic,6.521600000000856e-07,2.386943999999752e-06,0
1,op_00577,head.global_pool.pool,mean,control_residual,electronic,3.965199999998205e-07,1.1943679999997653e-06,0
1,op_00578,head.global_pool.flatten,view,control_residual,electronic,0.0,0.0,0
1,op_00579,head.fc,t,classifier_linear,electronic,0.0,0.0,0
1,op_00580,head.fc,Linear,classifier_linear,photonic,2.1413812504329083e-06,6.552815679996063e-05,320000
