model,model_name,input_shape,backend,precision,stage,op_group,op_type,execution_domain,pdpu_candidate,tokens,channels,embedding_dim,input_bytes,output_bytes,weight_bytes,output_elements,kernel_elements,groups,in_channels_actual,out_channels_actual,estimated_macs,nonlinear_ops,estimated_latency_share,estimated_energy_share,layer_name,module_type,trace_source,evidence_label
MobileViT-XXS,mobilevit_xxs,1x3x192x192,mps,fp32,stem,spatial_conv,Conv2d 3x3,PDPU-extension candidate,extension,196,128,128,442368,589824,1728,147456,9,1,3,16,3981312,0,1.8955,1.8955,stem.conv,Conv2d,torch_hooks,local torch/timm hook trace; not edge evidence
MobileViT-XXS,mobilevit_xxs,1x3x192x192,mps,fp32,stem,control_residual,Identity,electronic remainder,no,196,128,128,589824,589824,0,147456,1,1,0,0,0,0,8.0000,8.0000,stem.bn.drop,Identity,torch_hooks,local torch/timm hook trace; not edge evidence
MobileViT-XXS,mobilevit_xxs,1x3x192x192,mps,fp32,stem,normalization_softmax_activation,SiLU,electronic remainder,no,196,128,128,589824,589824,0,147456,1,1,0,0,0,147456,8.0000,8.0000,stem.bn.act,SiLU,torch_hooks,local torch/timm hook trace; not edge evidence
MobileViT-XXS,mobilevit_xxs,1x3x192x192,mps,fp32,stages,pointwise_conv,Conv2d 1x1,PDPU-extension candidate,extension,196,128,128,589824,1179648,2048,294912,1,1,16,32,4718592,0,2.2465,2.2465,stages.0.0.conv1_1x1.conv,Conv2d,torch_hooks,local torch/timm hook trace; not edge evidence
MobileViT-XXS,mobilevit_xxs,1x3x192x192,mps,fp32,stages,control_residual,Identity,electronic remainder,no,196,128,128,1179648,1179648,0,294912,1,1,0,0,0,0,8.0000,8.0000,stages.0.0.conv1_1x1.bn.drop,Identity,torch_hooks,local torch/timm hook trace; not edge evidence
MobileViT-XXS,mobilevit_xxs,1x3x192x192,mps,fp32,stages,normalization_softmax_activation,SiLU,electronic remainder,no,196,128,128,1179648,1179648,0,294912,1,1,0,0,0,294912,8.0000,8.0000,stages.0.0.conv1_1x1.bn.act,SiLU,torch_hooks,local torch/timm hook trace; not edge evidence
MobileViT-XXS,mobilevit_xxs,1x3x192x192,mps,fp32,stages,depthwise_conv,Depthwise Conv2d 3x3,PDPU-extension candidate,extension,196,128,128,1179648,1179648,1152,294912,9,32,32,32,2654208,0,1.2637,1.2637,stages.0.0.conv2_kxk.conv,Conv2d,torch_hooks,local torch/timm hook trace; not edge evidence
MobileViT-XXS,mobilevit_xxs,1x3x192x192,mps,fp32,stages,control_residual,Identity,electronic remainder,no,196,128,128,1179648,1179648,0,294912,1,1,0,0,0,0,8.0000,8.0000,stages.0.0.conv2_kxk.bn.drop,Identity,torch_hooks,local torch/timm hook trace; not edge evidence
MobileViT-XXS,mobilevit_xxs,1x3x192x192,mps,fp32,stages,normalization_softmax_activation,SiLU,electronic remainder,no,196,128,128,1179648,1179648,0,294912,1,1,0,0,0,294912,8.0000,8.0000,stages.0.0.conv2_kxk.bn.act,SiLU,torch_hooks,local torch/timm hook trace; not edge evidence
MobileViT-XXS,mobilevit_xxs,1x3x192x192,mps,fp32,stages,control_residual,Identity,electronic remainder,no,196,128,128,1179648,1179648,0,294912,1,1,0,0,0,0,8.0000,8.0000,stages.0.0.conv2b_kxk,Identity,torch_hooks,local torch/timm hook trace; not edge evidence
MobileViT-XXS,mobilevit_xxs,1x3x192x192,mps,fp32,stages,control_residual,Identity,electronic remainder,no,196,128,128,1179648,1179648,0,294912,1,1,0,0,0,0,8.0000,8.0000,stages.0.0.attn,Identity,torch_hooks,local torch/timm hook trace; not edge evidence
MobileViT-XXS,mobilevit_xxs,1x3x192x192,mps,fp32,stages,pointwise_conv,Conv2d 1x1,PDPU-extension candidate,extension,196,128,128,1179648,589824,2048,147456,1,1,32,16,4718592,0,2.2465,2.2465,stages.0.0.conv3_1x1.conv,Conv2d,torch_hooks,local torch/timm hook trace; not edge evidence
MobileViT-XXS,mobilevit_xxs,1x3x192x192,mps,fp32,stages,control_residual,Identity,electronic remainder,no,196,128,128,589824,589824,0,147456,1,1,0,0,0,0,8.0000,8.0000,stages.0.0.conv3_1x1.bn.drop,Identity,torch_hooks,local torch/timm hook trace; not edge evidence
MobileViT-XXS,mobilevit_xxs,1x3x192x192,mps,fp32,stages,normalization_softmax_activation,Identity,electronic remainder,no,196,128,128,589824,589824,0,147456,1,1,0,0,0,147456,8.0000,8.0000,stages.0.0.conv3_1x1.bn.act,Identity,torch_hooks,local torch/timm hook trace; not edge evidence
MobileViT-XXS,mobilevit_xxs,1x3x192x192,mps,fp32,stages,control_residual,Identity,electronic remainder,no,196,128,128,589824,589824,0,147456,1,1,0,0,0,0,8.0000,8.0000,stages.0.0.attn_last,Identity,torch_hooks,local torch/timm hook trace; not edge evidence
MobileViT-XXS,mobilevit_xxs,1x3x192x192,mps,fp32,stages,control_residual,Identity,electronic remainder,no,196,128,128,589824,589824,0,147456,1,1,0,0,0,0,8.0000,8.0000,stages.0.0.drop_path,Identity,torch_hooks,local torch/timm hook trace; not edge evidence
MobileViT-XXS,mobilevit_xxs,1x3x192x192,mps,fp32,stages,control_residual,Identity,electronic remainder,no,196,128,128,589824,589824,0,147456,1,1,0,0,0,0,8.0000,8.0000,stages.0.0.shortcut,Identity,torch_hooks,local torch/timm hook trace; not edge evidence
MobileViT-XXS,mobilevit_xxs,1x3x192x192,mps,fp32,stages,normalization_softmax_activation,Identity,electronic remainder,no,196,128,128,589824,589824,0,147456,1,1,0,0,0,147456,8.0000,8.0000,stages.0.0.act,Identity,torch_hooks,local torch/timm hook trace; not edge evidence
MobileViT-XXS,mobilevit_xxs,1x3x192x192,mps,fp32,stages,pointwise_conv,Conv2d 1x1,PDPU-extension candidate,extension,196,128,128,589824,1179648,2048,294912,1,1,16,32,4718592,0,2.2465,2.2465,stages.1.0.conv1_1x1.conv,Conv2d,torch_hooks,local torch/timm hook trace; not edge evidence
MobileViT-XXS,mobilevit_xxs,1x3x192x192,mps,fp32,stages,control_residual,Identity,electronic remainder,no,196,128,128,1179648,1179648,0,294912,1,1,0,0,0,0,8.0000,8.0000,stages.1.0.conv1_1x1.bn.drop,Identity,torch_hooks,local torch/timm hook trace; not edge evidence
MobileViT-XXS,mobilevit_xxs,1x3x192x192,mps,fp32,stages,normalization_softmax_activation,SiLU,electronic remainder,no,196,128,128,1179648,1179648,0,294912,1,1,0,0,0,294912,8.0000,8.0000,stages.1.0.conv1_1x1.bn.act,SiLU,torch_hooks,local torch/timm hook trace; not edge evidence
MobileViT-XXS,mobilevit_xxs,1x3x192x192,mps,fp32,stages,depthwise_conv,Depthwise Conv2d 3x3,PDPU-extension candidate,extension,196,128,128,1179648,294912,1152,73728,9,32,32,32,663552,0,0.3159,0.3159,stages.1.0.conv2_kxk.conv,Conv2d,torch_hooks,local torch/timm hook trace; not edge evidence
MobileViT-XXS,mobilevit_xxs,1x3x192x192,mps,fp32,stages,control_residual,Identity,electronic remainder,no,196,128,128,294912,294912,0,73728,1,1,0,0,0,0,8.0000,8.0000,stages.1.0.conv2_kxk.bn.drop,Identity,torch_hooks,local torch/timm hook trace; not edge evidence
MobileViT-XXS,mobilevit_xxs,1x3x192x192,mps,fp32,stages,normalization_softmax_activation,SiLU,electronic remainder,no,196,128,128,294912,294912,0,73728,1,1,0,0,0,73728,8.0000,8.0000,stages.1.0.conv2_kxk.bn.act,SiLU,torch_hooks,local torch/timm hook trace; not edge evidence
MobileViT-XXS,mobilevit_xxs,1x3x192x192,mps,fp32,stages,control_residual,Identity,electronic remainder,no,196,128,128,294912,294912,0,73728,1,1,0,0,0,0,8.0000,8.0000,stages.1.0.conv2b_kxk,Identity,torch_hooks,local torch/timm hook trace; not edge evidence
MobileViT-XXS,mobilevit_xxs,1x3x192x192,mps,fp32,stages,control_residual,Identity,electronic remainder,no,196,128,128,294912,294912,0,73728,1,1,0,0,0,0,8.0000,8.0000,stages.1.0.attn,Identity,torch_hooks,local torch/timm hook trace; not edge evidence
MobileViT-XXS,mobilevit_xxs,1x3x192x192,mps,fp32,stages,pointwise_conv,Conv2d 1x1,PDPU-extension candidate,extension,196,128,128,294912,221184,3072,55296,1,1,32,24,1769472,0,0.8424,0.8424,stages.1.0.conv3_1x1.conv,Conv2d,torch_hooks,local torch/timm hook trace; not edge evidence
MobileViT-XXS,mobilevit_xxs,1x3x192x192,mps,fp32,stages,control_residual,Identity,electronic remainder,no,196,128,128,221184,221184,0,55296,1,1,0,0,0,0,8.0000,8.0000,stages.1.0.conv3_1x1.bn.drop,Identity,torch_hooks,local torch/timm hook trace; not edge evidence
MobileViT-XXS,mobilevit_xxs,1x3x192x192,mps,fp32,stages,normalization_softmax_activation,Identity,electronic remainder,no,196,128,128,221184,221184,0,55296,1,1,0,0,0,55296,8.0000,8.0000,stages.1.0.conv3_1x1.bn.act,Identity,torch_hooks,local torch/timm hook trace; not edge evidence
MobileViT-XXS,mobilevit_xxs,1x3x192x192,mps,fp32,stages,control_residual,Identity,electronic remainder,no,196,128,128,221184,221184,0,55296,1,1,0,0,0,0,8.0000,8.0000,stages.1.0.attn_last,Identity,torch_hooks,local torch/timm hook trace; not edge evidence
MobileViT-XXS,mobilevit_xxs,1x3x192x192,mps,fp32,stages,control_residual,Identity,electronic remainder,no,196,128,128,221184,221184,0,55296,1,1,0,0,0,0,8.0000,8.0000,stages.1.0.drop_path,Identity,torch_hooks,local torch/timm hook trace; not edge evidence
MobileViT-XXS,mobilevit_xxs,1x3x192x192,mps,fp32,stages,normalization_softmax_activation,Identity,electronic remainder,no,196,128,128,221184,221184,0,55296,1,1,0,0,0,55296,8.0000,8.0000,stages.1.0.act,Identity,torch_hooks,local torch/timm hook trace; not edge evidence
MobileViT-XXS,mobilevit_xxs,1x3x192x192,mps,fp32,stages,pointwise_conv,Conv2d 1x1,PDPU-extension candidate,extension,196,128,128,221184,442368,4608,110592,1,1,24,48,2654208,0,1.2637,1.2637,stages.1.1.conv1_1x1.conv,Conv2d,torch_hooks,local torch/timm hook trace; not edge evidence
MobileViT-XXS,mobilevit_xxs,1x3x192x192,mps,fp32,stages,control_residual,Identity,electronic remainder,no,196,128,128,442368,442368,0,110592,1,1,0,0,0,0,8.0000,8.0000,stages.1.1.conv1_1x1.bn.drop,Identity,torch_hooks,local torch/timm hook trace; not edge evidence
MobileViT-XXS,mobilevit_xxs,1x3x192x192,mps,fp32,stages,normalization_softmax_activation,SiLU,electronic remainder,no,196,128,128,442368,442368,0,110592,1,1,0,0,0,110592,8.0000,8.0000,stages.1.1.conv1_1x1.bn.act,SiLU,torch_hooks,local torch/timm hook trace; not edge evidence
MobileViT-XXS,mobilevit_xxs,1x3x192x192,mps,fp32,stages,depthwise_conv,Depthwise Conv2d 3x3,PDPU-extension candidate,extension,196,128,128,442368,442368,1728,110592,9,48,48,48,995328,0,0.4739,0.4739,stages.1.1.conv2_kxk.conv,Conv2d,torch_hooks,local torch/timm hook trace; not edge evidence
MobileViT-XXS,mobilevit_xxs,1x3x192x192,mps,fp32,stages,control_residual,Identity,electronic remainder,no,196,128,128,442368,442368,0,110592,1,1,0,0,0,0,8.0000,8.0000,stages.1.1.conv2_kxk.bn.drop,Identity,torch_hooks,local torch/timm hook trace; not edge evidence
MobileViT-XXS,mobilevit_xxs,1x3x192x192,mps,fp32,stages,normalization_softmax_activation,SiLU,electronic remainder,no,196,128,128,442368,442368,0,110592,1,1,0,0,0,110592,8.0000,8.0000,stages.1.1.conv2_kxk.bn.act,SiLU,torch_hooks,local torch/timm hook trace; not edge evidence
MobileViT-XXS,mobilevit_xxs,1x3x192x192,mps,fp32,stages,control_residual,Identity,electronic remainder,no,196,128,128,442368,442368,0,110592,1,1,0,0,0,0,8.0000,8.0000,stages.1.1.conv2b_kxk,Identity,torch_hooks,local torch/timm hook trace; not edge evidence
MobileViT-XXS,mobilevit_xxs,1x3x192x192,mps,fp32,stages,control_residual,Identity,electronic remainder,no,196,128,128,442368,442368,0,110592,1,1,0,0,0,0,8.0000,8.0000,stages.1.1.attn,Identity,torch_hooks,local torch/timm hook trace; not edge evidence
MobileViT-XXS,mobilevit_xxs,1x3x192x192,mps,fp32,stages,pointwise_conv,Conv2d 1x1,PDPU-extension candidate,extension,196,128,128,442368,221184,4608,55296,1,1,48,24,2654208,0,1.2637,1.2637,stages.1.1.conv3_1x1.conv,Conv2d,torch_hooks,local torch/timm hook trace; not edge evidence
MobileViT-XXS,mobilevit_xxs,1x3x192x192,mps,fp32,stages,control_residual,Identity,electronic remainder,no,196,128,128,221184,221184,0,55296,1,1,0,0,0,0,8.0000,8.0000,stages.1.1.conv3_1x1.bn.drop,Identity,torch_hooks,local torch/timm hook trace; not edge evidence
MobileViT-XXS,mobilevit_xxs,1x3x192x192,mps,fp32,stages,normalization_softmax_activation,Identity,electronic remainder,no,196,128,128,221184,221184,0,55296,1,1,0,0,0,55296,8.0000,8.0000,stages.1.1.conv3_1x1.bn.act,Identity,torch_hooks,local torch/timm hook trace; not edge evidence
MobileViT-XXS,mobilevit_xxs,1x3x192x192,mps,fp32,stages,control_residual,Identity,electronic remainder,no,196,128,128,221184,221184,0,55296,1,1,0,0,0,0,8.0000,8.0000,stages.1.1.attn_last,Identity,torch_hooks,local torch/timm hook trace; not edge evidence
MobileViT-XXS,mobilevit_xxs,1x3x192x192,mps,fp32,stages,control_residual,Identity,electronic remainder,no,196,128,128,221184,221184,0,55296,1,1,0,0,0,0,8.0000,8.0000,stages.1.1.drop_path,Identity,torch_hooks,local torch/timm hook trace; not edge evidence
MobileViT-XXS,mobilevit_xxs,1x3x192x192,mps,fp32,stages,control_residual,Identity,electronic remainder,no,196,128,128,221184,221184,0,55296,1,1,0,0,0,0,8.0000,8.0000,stages.1.1.shortcut,Identity,torch_hooks,local torch/timm hook trace; not edge evidence
MobileViT-XXS,mobilevit_xxs,1x3x192x192,mps,fp32,stages,normalization_softmax_activation,Identity,electronic remainder,no,196,128,128,221184,221184,0,55296,1,1,0,0,0,55296,8.0000,8.0000,stages.1.1.act,Identity,torch_hooks,local torch/timm hook trace; not edge evidence
MobileViT-XXS,mobilevit_xxs,1x3x192x192,mps,fp32,stages,pointwise_conv,Conv2d 1x1,PDPU-extension candidate,extension,196,128,128,221184,442368,4608,110592,1,1,24,48,2654208,0,1.2637,1.2637,stages.1.2.conv1_1x1.conv,Conv2d,torch_hooks,local torch/timm hook trace; not edge evidence
MobileViT-XXS,mobilevit_xxs,1x3x192x192,mps,fp32,stages,control_residual,Identity,electronic remainder,no,196,128,128,442368,442368,0,110592,1,1,0,0,0,0,8.0000,8.0000,stages.1.2.conv1_1x1.bn.drop,Identity,torch_hooks,local torch/timm hook trace; not edge evidence
MobileViT-XXS,mobilevit_xxs,1x3x192x192,mps,fp32,stages,normalization_softmax_activation,SiLU,electronic remainder,no,196,128,128,442368,442368,0,110592,1,1,0,0,0,110592,8.0000,8.0000,stages.1.2.conv1_1x1.bn.act,SiLU,torch_hooks,local torch/timm hook trace; not edge evidence
MobileViT-XXS,mobilevit_xxs,1x3x192x192,mps,fp32,stages,depthwise_conv,Depthwise Conv2d 3x3,PDPU-extension candidate,extension,196,128,128,442368,442368,1728,110592,9,48,48,48,995328,0,0.4739,0.4739,stages.1.2.conv2_kxk.conv,Conv2d,torch_hooks,local torch/timm hook trace; not edge evidence
MobileViT-XXS,mobilevit_xxs,1x3x192x192,mps,fp32,stages,control_residual,Identity,electronic remainder,no,196,128,128,442368,442368,0,110592,1,1,0,0,0,0,8.0000,8.0000,stages.1.2.conv2_kxk.bn.drop,Identity,torch_hooks,local torch/timm hook trace; not edge evidence
MobileViT-XXS,mobilevit_xxs,1x3x192x192,mps,fp32,stages,normalization_softmax_activation,SiLU,electronic remainder,no,196,128,128,442368,442368,0,110592,1,1,0,0,0,110592,8.0000,8.0000,stages.1.2.conv2_kxk.bn.act,SiLU,torch_hooks,local torch/timm hook trace; not edge evidence
MobileViT-XXS,mobilevit_xxs,1x3x192x192,mps,fp32,stages,control_residual,Identity,electronic remainder,no,196,128,128,442368,442368,0,110592,1,1,0,0,0,0,8.0000,8.0000,stages.1.2.conv2b_kxk,Identity,torch_hooks,local torch/timm hook trace; not edge evidence
MobileViT-XXS,mobilevit_xxs,1x3x192x192,mps,fp32,stages,control_residual,Identity,electronic remainder,no,196,128,128,442368,442368,0,110592,1,1,0,0,0,0,8.0000,8.0000,stages.1.2.attn,Identity,torch_hooks,local torch/timm hook trace; not edge evidence
MobileViT-XXS,mobilevit_xxs,1x3x192x192,mps,fp32,stages,pointwise_conv,Conv2d 1x1,PDPU-extension candidate,extension,196,128,128,442368,221184,4608,55296,1,1,48,24,2654208,0,1.2637,1.2637,stages.1.2.conv3_1x1.conv,Conv2d,torch_hooks,local torch/timm hook trace; not edge evidence
MobileViT-XXS,mobilevit_xxs,1x3x192x192,mps,fp32,stages,control_residual,Identity,electronic remainder,no,196,128,128,221184,221184,0,55296,1,1,0,0,0,0,8.0000,8.0000,stages.1.2.conv3_1x1.bn.drop,Identity,torch_hooks,local torch/timm hook trace; not edge evidence
MobileViT-XXS,mobilevit_xxs,1x3x192x192,mps,fp32,stages,normalization_softmax_activation,Identity,electronic remainder,no,196,128,128,221184,221184,0,55296,1,1,0,0,0,55296,8.0000,8.0000,stages.1.2.conv3_1x1.bn.act,Identity,torch_hooks,local torch/timm hook trace; not edge evidence
MobileViT-XXS,mobilevit_xxs,1x3x192x192,mps,fp32,stages,control_residual,Identity,electronic remainder,no,196,128,128,221184,221184,0,55296,1,1,0,0,0,0,8.0000,8.0000,stages.1.2.attn_last,Identity,torch_hooks,local torch/timm hook trace; not edge evidence
MobileViT-XXS,mobilevit_xxs,1x3x192x192,mps,fp32,stages,control_residual,Identity,electronic remainder,no,196,128,128,221184,221184,0,55296,1,1,0,0,0,0,8.0000,8.0000,stages.1.2.drop_path,Identity,torch_hooks,local torch/timm hook trace; not edge evidence
MobileViT-XXS,mobilevit_xxs,1x3x192x192,mps,fp32,stages,control_residual,Identity,electronic remainder,no,196,128,128,221184,221184,0,55296,1,1,0,0,0,0,8.0000,8.0000,stages.1.2.shortcut,Identity,torch_hooks,local torch/timm hook trace; not edge evidence
MobileViT-XXS,mobilevit_xxs,1x3x192x192,mps,fp32,stages,normalization_softmax_activation,Identity,electronic remainder,no,196,128,128,221184,221184,0,55296,1,1,0,0,0,55296,8.0000,8.0000,stages.1.2.act,Identity,torch_hooks,local torch/timm hook trace; not edge evidence
MobileViT-XXS,mobilevit_xxs,1x3x192x192,mps,fp32,stages,pointwise_conv,Conv2d 1x1,PDPU-extension candidate,extension,196,128,128,221184,442368,4608,110592,1,1,24,48,2654208,0,1.2637,1.2637,stages.2.0.conv1_1x1.conv,Conv2d,torch_hooks,local torch/timm hook trace; not edge evidence
MobileViT-XXS,mobilevit_xxs,1x3x192x192,mps,fp32,stages,control_residual,Identity,electronic remainder,no,196,128,128,442368,442368,0,110592,1,1,0,0,0,0,8.0000,8.0000,stages.2.0.conv1_1x1.bn.drop,Identity,torch_hooks,local torch/timm hook trace; not edge evidence
MobileViT-XXS,mobilevit_xxs,1x3x192x192,mps,fp32,stages,normalization_softmax_activation,SiLU,electronic remainder,no,196,128,128,442368,442368,0,110592,1,1,0,0,0,110592,8.0000,8.0000,stages.2.0.conv1_1x1.bn.act,SiLU,torch_hooks,local torch/timm hook trace; not edge evidence
MobileViT-XXS,mobilevit_xxs,1x3x192x192,mps,fp32,stages,depthwise_conv,Depthwise Conv2d 3x3,PDPU-extension candidate,extension,196,128,128,442368,110592,1728,27648,9,48,48,48,248832,0,0.1185,0.1185,stages.2.0.conv2_kxk.conv,Conv2d,torch_hooks,local torch/timm hook trace; not edge evidence
MobileViT-XXS,mobilevit_xxs,1x3x192x192,mps,fp32,stages,control_residual,Identity,electronic remainder,no,196,128,128,110592,110592,0,27648,1,1,0,0,0,0,8.0000,8.0000,stages.2.0.conv2_kxk.bn.drop,Identity,torch_hooks,local torch/timm hook trace; not edge evidence
MobileViT-XXS,mobilevit_xxs,1x3x192x192,mps,fp32,stages,normalization_softmax_activation,SiLU,electronic remainder,no,196,128,128,110592,110592,0,27648,1,1,0,0,0,27648,8.0000,8.0000,stages.2.0.conv2_kxk.bn.act,SiLU,torch_hooks,local torch/timm hook trace; not edge evidence
MobileViT-XXS,mobilevit_xxs,1x3x192x192,mps,fp32,stages,control_residual,Identity,electronic remainder,no,196,128,128,110592,110592,0,27648,1,1,0,0,0,0,8.0000,8.0000,stages.2.0.conv2b_kxk,Identity,torch_hooks,local torch/timm hook trace; not edge evidence
MobileViT-XXS,mobilevit_xxs,1x3x192x192,mps,fp32,stages,control_residual,Identity,electronic remainder,no,196,128,128,110592,110592,0,27648,1,1,0,0,0,0,8.0000,8.0000,stages.2.0.attn,Identity,torch_hooks,local torch/timm hook trace; not edge evidence
MobileViT-XXS,mobilevit_xxs,1x3x192x192,mps,fp32,stages,pointwise_conv,Conv2d 1x1,PDPU-extension candidate,extension,196,128,128,110592,110592,9216,27648,1,1,48,48,1327104,0,0.6318,0.6318,stages.2.0.conv3_1x1.conv,Conv2d,torch_hooks,local torch/timm hook trace; not edge evidence
MobileViT-XXS,mobilevit_xxs,1x3x192x192,mps,fp32,stages,control_residual,Identity,electronic remainder,no,196,128,128,110592,110592,0,27648,1,1,0,0,0,0,8.0000,8.0000,stages.2.0.conv3_1x1.bn.drop,Identity,torch_hooks,local torch/timm hook trace; not edge evidence
MobileViT-XXS,mobilevit_xxs,1x3x192x192,mps,fp32,stages,normalization_softmax_activation,Identity,electronic remainder,no,196,128,128,110592,110592,0,27648,1,1,0,0,0,27648,8.0000,8.0000,stages.2.0.conv3_1x1.bn.act,Identity,torch_hooks,local torch/timm hook trace; not edge evidence
MobileViT-XXS,mobilevit_xxs,1x3x192x192,mps,fp32,stages,control_residual,Identity,electronic remainder,no,196,128,128,110592,110592,0,27648,1,1,0,0,0,0,8.0000,8.0000,stages.2.0.attn_last,Identity,torch_hooks,local torch/timm hook trace; not edge evidence
MobileViT-XXS,mobilevit_xxs,1x3x192x192,mps,fp32,stages,control_residual,Identity,electronic remainder,no,196,128,128,110592,110592,0,27648,1,1,0,0,0,0,8.0000,8.0000,stages.2.0.drop_path,Identity,torch_hooks,local torch/timm hook trace; not edge evidence
MobileViT-XXS,mobilevit_xxs,1x3x192x192,mps,fp32,stages,normalization_softmax_activation,Identity,electronic remainder,no,196,128,128,110592,110592,0,27648,1,1,0,0,0,27648,8.0000,8.0000,stages.2.0.act,Identity,torch_hooks,local torch/timm hook trace; not edge evidence
MobileViT-XXS,mobilevit_xxs,1x3x192x192,mps,fp32,stages,spatial_conv,Conv2d 3x3,PDPU-extension candidate,extension,196,128,128,110592,110592,82944,27648,9,1,48,48,11943936,0,5.6865,5.6865,stages.2.1.conv_kxk.conv,Conv2d,torch_hooks,local torch/timm hook trace; not edge evidence
MobileViT-XXS,mobilevit_xxs,1x3x192x192,mps,fp32,stages,control_residual,Identity,electronic remainder,no,196,128,128,110592,110592,0,27648,1,1,0,0,0,0,8.0000,8.0000,stages.2.1.conv_kxk.bn.drop,Identity,torch_hooks,local torch/timm hook trace; not edge evidence
MobileViT-XXS,mobilevit_xxs,1x3x192x192,mps,fp32,stages,normalization_softmax_activation,SiLU,electronic remainder,no,196,128,128,110592,110592,0,27648,1,1,0,0,0,27648,8.0000,8.0000,stages.2.1.conv_kxk.bn.act,SiLU,torch_hooks,local torch/timm hook trace; not edge evidence
MobileViT-XXS,mobilevit_xxs,1x3x192x192,mps,fp32,stages,pointwise_conv,Conv2d 1x1,PDPU-extension candidate,extension,196,128,128,110592,147456,12288,36864,1,1,48,64,1769472,0,0.8424,0.8424,stages.2.1.conv_1x1,Conv2d,torch_hooks,local torch/timm hook trace; not edge evidence
MobileViT-XXS,mobilevit_xxs,1x3x192x192,mps,fp32,stages,normalization_softmax_activation,LayerNorm,electronic remainder,no,196,128,128,147456,147456,512,36864,1,1,0,0,0,36864,8.0000,8.0000,stages.2.1.transformer.0.norm1,LayerNorm,torch_hooks,local torch/timm hook trace; not edge evidence
MobileViT-XXS,mobilevit_xxs,1x3x192x192,mps,fp32,stages,qkv_projection,Linear,PDPU-candidate linear/MVM,yes,196,128,128,147456,442368,49920,110592,1,1,64,192,7077888,0,3.3698,3.3698,stages.2.1.transformer.0.attn.qkv,Linear,torch_hooks,local torch/timm hook trace; not edge evidence
MobileViT-XXS,mobilevit_xxs,1x3x192x192,mps,fp32,stages,normalization_softmax_activation,Identity,electronic remainder,no,196,128,128,147456,147456,0,36864,1,1,0,0,0,36864,8.0000,8.0000,stages.2.1.transformer.0.attn.q_norm,Identity,torch_hooks,local torch/timm hook trace; not edge evidence
MobileViT-XXS,mobilevit_xxs,1x3x192x192,mps,fp32,stages,normalization_softmax_activation,Identity,electronic remainder,no,196,128,128,147456,147456,0,36864,1,1,0,0,0,36864,8.0000,8.0000,stages.2.1.transformer.0.attn.k_norm,Identity,torch_hooks,local torch/timm hook trace; not edge evidence
MobileViT-XXS,mobilevit_xxs,1x3x192x192,mps,fp32,stages,normalization_softmax_activation,Identity,electronic remainder,no,196,128,128,147456,147456,0,36864,1,1,0,0,0,36864,8.0000,8.0000,stages.2.1.transformer.0.attn.norm,Identity,torch_hooks,local torch/timm hook trace; not edge evidence
MobileViT-XXS,mobilevit_xxs,1x3x192x192,mps,fp32,stages,attention_output_projection,Linear,PDPU-candidate linear/MVM,yes,196,128,128,147456,147456,16640,36864,1,1,64,64,2359296,0,1.1233,1.1233,stages.2.1.transformer.0.attn.proj,Linear,torch_hooks,local torch/timm hook trace; not edge evidence
MobileViT-XXS,mobilevit_xxs,1x3x192x192,mps,fp32,stages,control_residual,Dropout,electronic remainder,no,196,128,128,147456,147456,0,36864,1,1,0,0,0,0,8.0000,8.0000,stages.2.1.transformer.0.attn.proj_drop,Dropout,torch_hooks,local torch/timm hook trace; not edge evidence
MobileViT-XXS,mobilevit_xxs,1x3x192x192,mps,fp32,stages,attention_score,QK^T,PDPU-extension candidate,extension,144,64,128,294912,1327104,0,331776,1,1,0,0,5308416,0,2.5273,2.5273,stages.2.1.transformer.0.attn.attention_score,Attention(function-level inferred),torch_hooks_shape_inferred,"local attention-module shape-derived function-op estimate; extension scenario only, not measured HPAT execution"
MobileViT-XXS,mobilevit_xxs,1x3x192x192,mps,fp32,stages,attention_value,Attention x V,PDPU-extension candidate,extension,144,64,128,1474560,147456,0,36864,1,1,0,0,5308416,0,2.5273,2.5273,stages.2.1.transformer.0.attn.attention_value,Attention(function-level inferred),torch_hooks_shape_inferred,"local attention-module shape-derived function-op estimate; extension scenario only, not measured HPAT execution"
MobileViT-XXS,mobilevit_xxs,1x3x192x192,mps,fp32,stages,control_residual,Identity,electronic remainder,no,196,128,128,147456,147456,0,36864,1,1,0,0,0,0,8.0000,8.0000,stages.2.1.transformer.0.ls1,Identity,torch_hooks,local torch/timm hook trace; not edge evidence
MobileViT-XXS,mobilevit_xxs,1x3x192x192,mps,fp32,stages,control_residual,Identity,electronic remainder,no,196,128,128,147456,147456,0,36864,1,1,0,0,0,0,8.0000,8.0000,stages.2.1.transformer.0.drop_path1,Identity,torch_hooks,local torch/timm hook trace; not edge evidence
MobileViT-XXS,mobilevit_xxs,1x3x192x192,mps,fp32,stages,normalization_softmax_activation,LayerNorm,electronic remainder,no,196,128,128,147456,147456,512,36864,1,1,0,0,0,36864,8.0000,8.0000,stages.2.1.transformer.0.norm2,LayerNorm,torch_hooks,local torch/timm hook trace; not edge evidence
MobileViT-XXS,mobilevit_xxs,1x3x192x192,mps,fp32,stages,ffn_linear,Linear,PDPU-candidate linear/MVM,yes,196,128,128,147456,294912,33280,73728,1,1,64,128,4718592,0,2.2465,2.2465,stages.2.1.transformer.0.mlp.fc1,Linear,torch_hooks,local torch/timm hook trace; not edge evidence
MobileViT-XXS,mobilevit_xxs,1x3x192x192,mps,fp32,stages,normalization_softmax_activation,SiLU,electronic remainder,no,196,128,128,294912,294912,0,73728,1,1,0,0,0,73728,8.0000,8.0000,stages.2.1.transformer.0.mlp.act,SiLU,torch_hooks,local torch/timm hook trace; not edge evidence
MobileViT-XXS,mobilevit_xxs,1x3x192x192,mps,fp32,stages,control_residual,Dropout,electronic remainder,no,196,128,128,294912,294912,0,73728,1,1,0,0,0,0,8.0000,8.0000,stages.2.1.transformer.0.mlp.drop1,Dropout,torch_hooks,local torch/timm hook trace; not edge evidence
MobileViT-XXS,mobilevit_xxs,1x3x192x192,mps,fp32,stages,normalization_softmax_activation,Identity,electronic remainder,no,196,128,128,294912,294912,0,73728,1,1,0,0,0,73728,8.0000,8.0000,stages.2.1.transformer.0.mlp.norm,Identity,torch_hooks,local torch/timm hook trace; not edge evidence
MobileViT-XXS,mobilevit_xxs,1x3x192x192,mps,fp32,stages,ffn_linear,Linear,PDPU-candidate linear/MVM,yes,196,128,128,294912,147456,33024,36864,1,1,128,64,4718592,0,2.2465,2.2465,stages.2.1.transformer.0.mlp.fc2,Linear,torch_hooks,local torch/timm hook trace; not edge evidence
MobileViT-XXS,mobilevit_xxs,1x3x192x192,mps,fp32,stages,control_residual,Dropout,electronic remainder,no,196,128,128,147456,147456,0,36864,1,1,0,0,0,0,8.0000,8.0000,stages.2.1.transformer.0.mlp.drop2,Dropout,torch_hooks,local torch/timm hook trace; not edge evidence
MobileViT-XXS,mobilevit_xxs,1x3x192x192,mps,fp32,stages,control_residual,Identity,electronic remainder,no,196,128,128,147456,147456,0,36864,1,1,0,0,0,0,8.0000,8.0000,stages.2.1.transformer.0.ls2,Identity,torch_hooks,local torch/timm hook trace; not edge evidence
MobileViT-XXS,mobilevit_xxs,1x3x192x192,mps,fp32,stages,control_residual,Identity,electronic remainder,no,196,128,128,147456,147456,0,36864,1,1,0,0,0,0,8.0000,8.0000,stages.2.1.transformer.0.drop_path2,Identity,torch_hooks,local torch/timm hook trace; not edge evidence
MobileViT-XXS,mobilevit_xxs,1x3x192x192,mps,fp32,stages,normalization_softmax_activation,LayerNorm,electronic remainder,no,196,128,128,147456,147456,512,36864,1,1,0,0,0,36864,8.0000,8.0000,stages.2.1.transformer.1.norm1,LayerNorm,torch_hooks,local torch/timm hook trace; not edge evidence
MobileViT-XXS,mobilevit_xxs,1x3x192x192,mps,fp32,stages,qkv_projection,Linear,PDPU-candidate linear/MVM,yes,196,128,128,147456,442368,49920,110592,1,1,64,192,7077888,0,3.3698,3.3698,stages.2.1.transformer.1.attn.qkv,Linear,torch_hooks,local torch/timm hook trace; not edge evidence
MobileViT-XXS,mobilevit_xxs,1x3x192x192,mps,fp32,stages,normalization_softmax_activation,Identity,electronic remainder,no,196,128,128,147456,147456,0,36864,1,1,0,0,0,36864,8.0000,8.0000,stages.2.1.transformer.1.attn.q_norm,Identity,torch_hooks,local torch/timm hook trace; not edge evidence
MobileViT-XXS,mobilevit_xxs,1x3x192x192,mps,fp32,stages,normalization_softmax_activation,Identity,electronic remainder,no,196,128,128,147456,147456,0,36864,1,1,0,0,0,36864,8.0000,8.0000,stages.2.1.transformer.1.attn.k_norm,Identity,torch_hooks,local torch/timm hook trace; not edge evidence
MobileViT-XXS,mobilevit_xxs,1x3x192x192,mps,fp32,stages,normalization_softmax_activation,Identity,electronic remainder,no,196,128,128,147456,147456,0,36864,1,1,0,0,0,36864,8.0000,8.0000,stages.2.1.transformer.1.attn.norm,Identity,torch_hooks,local torch/timm hook trace; not edge evidence
MobileViT-XXS,mobilevit_xxs,1x3x192x192,mps,fp32,stages,attention_output_projection,Linear,PDPU-candidate linear/MVM,yes,196,128,128,147456,147456,16640,36864,1,1,64,64,2359296,0,1.1233,1.1233,stages.2.1.transformer.1.attn.proj,Linear,torch_hooks,local torch/timm hook trace; not edge evidence
MobileViT-XXS,mobilevit_xxs,1x3x192x192,mps,fp32,stages,control_residual,Dropout,electronic remainder,no,196,128,128,147456,147456,0,36864,1,1,0,0,0,0,8.0000,8.0000,stages.2.1.transformer.1.attn.proj_drop,Dropout,torch_hooks,local torch/timm hook trace; not edge evidence
MobileViT-XXS,mobilevit_xxs,1x3x192x192,mps,fp32,stages,attention_score,QK^T,PDPU-extension candidate,extension,144,64,128,294912,1327104,0,331776,1,1,0,0,5308416,0,2.5273,2.5273,stages.2.1.transformer.1.attn.attention_score,Attention(function-level inferred),torch_hooks_shape_inferred,"local attention-module shape-derived function-op estimate; extension scenario only, not measured HPAT execution"
MobileViT-XXS,mobilevit_xxs,1x3x192x192,mps,fp32,stages,attention_value,Attention x V,PDPU-extension candidate,extension,144,64,128,1474560,147456,0,36864,1,1,0,0,5308416,0,2.5273,2.5273,stages.2.1.transformer.1.attn.attention_value,Attention(function-level inferred),torch_hooks_shape_inferred,"local attention-module shape-derived function-op estimate; extension scenario only, not measured HPAT execution"
MobileViT-XXS,mobilevit_xxs,1x3x192x192,mps,fp32,stages,control_residual,Identity,electronic remainder,no,196,128,128,147456,147456,0,36864,1,1,0,0,0,0,8.0000,8.0000,stages.2.1.transformer.1.ls1,Identity,torch_hooks,local torch/timm hook trace; not edge evidence
MobileViT-XXS,mobilevit_xxs,1x3x192x192,mps,fp32,stages,control_residual,Identity,electronic remainder,no,196,128,128,147456,147456,0,36864,1,1,0,0,0,0,8.0000,8.0000,stages.2.1.transformer.1.drop_path1,Identity,torch_hooks,local torch/timm hook trace; not edge evidence
MobileViT-XXS,mobilevit_xxs,1x3x192x192,mps,fp32,stages,normalization_softmax_activation,LayerNorm,electronic remainder,no,196,128,128,147456,147456,512,36864,1,1,0,0,0,36864,8.0000,8.0000,stages.2.1.transformer.1.norm2,LayerNorm,torch_hooks,local torch/timm hook trace; not edge evidence
MobileViT-XXS,mobilevit_xxs,1x3x192x192,mps,fp32,stages,ffn_linear,Linear,PDPU-candidate linear/MVM,yes,196,128,128,147456,294912,33280,73728,1,1,64,128,4718592,0,2.2465,2.2465,stages.2.1.transformer.1.mlp.fc1,Linear,torch_hooks,local torch/timm hook trace; not edge evidence
MobileViT-XXS,mobilevit_xxs,1x3x192x192,mps,fp32,stages,normalization_softmax_activation,SiLU,electronic remainder,no,196,128,128,294912,294912,0,73728,1,1,0,0,0,73728,8.0000,8.0000,stages.2.1.transformer.1.mlp.act,SiLU,torch_hooks,local torch/timm hook trace; not edge evidence
MobileViT-XXS,mobilevit_xxs,1x3x192x192,mps,fp32,stages,control_residual,Dropout,electronic remainder,no,196,128,128,294912,294912,0,73728,1,1,0,0,0,0,8.0000,8.0000,stages.2.1.transformer.1.mlp.drop1,Dropout,torch_hooks,local torch/timm hook trace; not edge evidence
MobileViT-XXS,mobilevit_xxs,1x3x192x192,mps,fp32,stages,normalization_softmax_activation,Identity,electronic remainder,no,196,128,128,294912,294912,0,73728,1,1,0,0,0,73728,8.0000,8.0000,stages.2.1.transformer.1.mlp.norm,Identity,torch_hooks,local torch/timm hook trace; not edge evidence
MobileViT-XXS,mobilevit_xxs,1x3x192x192,mps,fp32,stages,ffn_linear,Linear,PDPU-candidate linear/MVM,yes,196,128,128,294912,147456,33024,36864,1,1,128,64,4718592,0,2.2465,2.2465,stages.2.1.transformer.1.mlp.fc2,Linear,torch_hooks,local torch/timm hook trace; not edge evidence
MobileViT-XXS,mobilevit_xxs,1x3x192x192,mps,fp32,stages,control_residual,Dropout,electronic remainder,no,196,128,128,147456,147456,0,36864,1,1,0,0,0,0,8.0000,8.0000,stages.2.1.transformer.1.mlp.drop2,Dropout,torch_hooks,local torch/timm hook trace; not edge evidence
MobileViT-XXS,mobilevit_xxs,1x3x192x192,mps,fp32,stages,control_residual,Identity,electronic remainder,no,196,128,128,147456,147456,0,36864,1,1,0,0,0,0,8.0000,8.0000,stages.2.1.transformer.1.ls2,Identity,torch_hooks,local torch/timm hook trace; not edge evidence
MobileViT-XXS,mobilevit_xxs,1x3x192x192,mps,fp32,stages,control_residual,Identity,electronic remainder,no,196,128,128,147456,147456,0,36864,1,1,0,0,0,0,8.0000,8.0000,stages.2.1.transformer.1.drop_path2,Identity,torch_hooks,local torch/timm hook trace; not edge evidence
MobileViT-XXS,mobilevit_xxs,1x3x192x192,mps,fp32,stages,normalization_softmax_activation,LayerNorm,electronic remainder,no,196,128,128,147456,147456,512,36864,1,1,0,0,0,36864,8.0000,8.0000,stages.2.1.norm,LayerNorm,torch_hooks,local torch/timm hook trace; not edge evidence
MobileViT-XXS,mobilevit_xxs,1x3x192x192,mps,fp32,stages,pointwise_conv,Conv2d 1x1,PDPU-extension candidate,extension,196,128,128,147456,110592,12288,27648,1,1,64,48,1769472,0,0.8424,0.8424,stages.2.1.conv_proj.conv,Conv2d,torch_hooks,local torch/timm hook trace; not edge evidence
MobileViT-XXS,mobilevit_xxs,1x3x192x192,mps,fp32,stages,control_residual,Identity,electronic remainder,no,196,128,128,110592,110592,0,27648,1,1,0,0,0,0,8.0000,8.0000,stages.2.1.conv_proj.bn.drop,Identity,torch_hooks,local torch/timm hook trace; not edge evidence
MobileViT-XXS,mobilevit_xxs,1x3x192x192,mps,fp32,stages,normalization_softmax_activation,SiLU,electronic remainder,no,196,128,128,110592,110592,0,27648,1,1,0,0,0,27648,8.0000,8.0000,stages.2.1.conv_proj.bn.act,SiLU,torch_hooks,local torch/timm hook trace; not edge evidence
MobileViT-XXS,mobilevit_xxs,1x3x192x192,mps,fp32,stages,spatial_conv,Conv2d 3x3,PDPU-extension candidate,extension,196,128,128,221184,110592,165888,27648,9,1,96,48,23887872,0,11.3729,11.3729,stages.2.1.conv_fusion.conv,Conv2d,torch_hooks,local torch/timm hook trace; not edge evidence
MobileViT-XXS,mobilevit_xxs,1x3x192x192,mps,fp32,stages,control_residual,Identity,electronic remainder,no,196,128,128,110592,110592,0,27648,1,1,0,0,0,0,8.0000,8.0000,stages.2.1.conv_fusion.bn.drop,Identity,torch_hooks,local torch/timm hook trace; not edge evidence
MobileViT-XXS,mobilevit_xxs,1x3x192x192,mps,fp32,stages,normalization_softmax_activation,SiLU,electronic remainder,no,196,128,128,110592,110592,0,27648,1,1,0,0,0,27648,8.0000,8.0000,stages.2.1.conv_fusion.bn.act,SiLU,torch_hooks,local torch/timm hook trace; not edge evidence
MobileViT-XXS,mobilevit_xxs,1x3x192x192,mps,fp32,stages,pointwise_conv,Conv2d 1x1,PDPU-extension candidate,extension,196,128,128,110592,221184,18432,55296,1,1,48,96,2654208,0,1.2637,1.2637,stages.3.0.conv1_1x1.conv,Conv2d,torch_hooks,local torch/timm hook trace; not edge evidence
MobileViT-XXS,mobilevit_xxs,1x3x192x192,mps,fp32,stages,control_residual,Identity,electronic remainder,no,196,128,128,221184,221184,0,55296,1,1,0,0,0,0,8.0000,8.0000,stages.3.0.conv1_1x1.bn.drop,Identity,torch_hooks,local torch/timm hook trace; not edge evidence
MobileViT-XXS,mobilevit_xxs,1x3x192x192,mps,fp32,stages,normalization_softmax_activation,SiLU,electronic remainder,no,196,128,128,221184,221184,0,55296,1,1,0,0,0,55296,8.0000,8.0000,stages.3.0.conv1_1x1.bn.act,SiLU,torch_hooks,local torch/timm hook trace; not edge evidence
MobileViT-XXS,mobilevit_xxs,1x3x192x192,mps,fp32,stages,depthwise_conv,Depthwise Conv2d 3x3,PDPU-extension candidate,extension,196,128,128,221184,55296,3456,13824,9,96,96,96,124416,0,0.0592,0.0592,stages.3.0.conv2_kxk.conv,Conv2d,torch_hooks,local torch/timm hook trace; not edge evidence
MobileViT-XXS,mobilevit_xxs,1x3x192x192,mps,fp32,stages,control_residual,Identity,electronic remainder,no,196,128,128,55296,55296,0,13824,1,1,0,0,0,0,8.0000,8.0000,stages.3.0.conv2_kxk.bn.drop,Identity,torch_hooks,local torch/timm hook trace; not edge evidence
MobileViT-XXS,mobilevit_xxs,1x3x192x192,mps,fp32,stages,normalization_softmax_activation,SiLU,electronic remainder,no,196,128,128,55296,55296,0,13824,1,1,0,0,0,13824,8.0000,8.0000,stages.3.0.conv2_kxk.bn.act,SiLU,torch_hooks,local torch/timm hook trace; not edge evidence
MobileViT-XXS,mobilevit_xxs,1x3x192x192,mps,fp32,stages,control_residual,Identity,electronic remainder,no,196,128,128,55296,55296,0,13824,1,1,0,0,0,0,8.0000,8.0000,stages.3.0.conv2b_kxk,Identity,torch_hooks,local torch/timm hook trace; not edge evidence
MobileViT-XXS,mobilevit_xxs,1x3x192x192,mps,fp32,stages,control_residual,Identity,electronic remainder,no,196,128,128,55296,55296,0,13824,1,1,0,0,0,0,8.0000,8.0000,stages.3.0.attn,Identity,torch_hooks,local torch/timm hook trace; not edge evidence
MobileViT-XXS,mobilevit_xxs,1x3x192x192,mps,fp32,stages,pointwise_conv,Conv2d 1x1,PDPU-extension candidate,extension,196,128,128,55296,36864,24576,9216,1,1,96,64,884736,0,0.4212,0.4212,stages.3.0.conv3_1x1.conv,Conv2d,torch_hooks,local torch/timm hook trace; not edge evidence
MobileViT-XXS,mobilevit_xxs,1x3x192x192,mps,fp32,stages,control_residual,Identity,electronic remainder,no,196,128,128,36864,36864,0,9216,1,1,0,0,0,0,8.0000,8.0000,stages.3.0.conv3_1x1.bn.drop,Identity,torch_hooks,local torch/timm hook trace; not edge evidence
MobileViT-XXS,mobilevit_xxs,1x3x192x192,mps,fp32,stages,normalization_softmax_activation,Identity,electronic remainder,no,196,128,128,36864,36864,0,9216,1,1,0,0,0,9216,8.0000,8.0000,stages.3.0.conv3_1x1.bn.act,Identity,torch_hooks,local torch/timm hook trace; not edge evidence
MobileViT-XXS,mobilevit_xxs,1x3x192x192,mps,fp32,stages,control_residual,Identity,electronic remainder,no,196,128,128,36864,36864,0,9216,1,1,0,0,0,0,8.0000,8.0000,stages.3.0.attn_last,Identity,torch_hooks,local torch/timm hook trace; not edge evidence
MobileViT-XXS,mobilevit_xxs,1x3x192x192,mps,fp32,stages,control_residual,Identity,electronic remainder,no,196,128,128,36864,36864,0,9216,1,1,0,0,0,0,8.0000,8.0000,stages.3.0.drop_path,Identity,torch_hooks,local torch/timm hook trace; not edge evidence
MobileViT-XXS,mobilevit_xxs,1x3x192x192,mps,fp32,stages,normalization_softmax_activation,Identity,electronic remainder,no,196,128,128,36864,36864,0,9216,1,1,0,0,0,9216,8.0000,8.0000,stages.3.0.act,Identity,torch_hooks,local torch/timm hook trace; not edge evidence
MobileViT-XXS,mobilevit_xxs,1x3x192x192,mps,fp32,stages,spatial_conv,Conv2d 3x3,PDPU-extension candidate,extension,196,128,128,36864,36864,147456,9216,9,1,64,64,5308416,0,2.5273,2.5273,stages.3.1.conv_kxk.conv,Conv2d,torch_hooks,local torch/timm hook trace; not edge evidence
MobileViT-XXS,mobilevit_xxs,1x3x192x192,mps,fp32,stages,control_residual,Identity,electronic remainder,no,196,128,128,36864,36864,0,9216,1,1,0,0,0,0,8.0000,8.0000,stages.3.1.conv_kxk.bn.drop,Identity,torch_hooks,local torch/timm hook trace; not edge evidence
MobileViT-XXS,mobilevit_xxs,1x3x192x192,mps,fp32,stages,normalization_softmax_activation,SiLU,electronic remainder,no,196,128,128,36864,36864,0,9216,1,1,0,0,0,9216,8.0000,8.0000,stages.3.1.conv_kxk.bn.act,SiLU,torch_hooks,local torch/timm hook trace; not edge evidence
MobileViT-XXS,mobilevit_xxs,1x3x192x192,mps,fp32,stages,pointwise_conv,Conv2d 1x1,PDPU-extension candidate,extension,196,128,128,36864,46080,20480,11520,1,1,64,80,737280,0,0.3510,0.3510,stages.3.1.conv_1x1,Conv2d,torch_hooks,local torch/timm hook trace; not edge evidence
MobileViT-XXS,mobilevit_xxs,1x3x192x192,mps,fp32,stages,normalization_softmax_activation,LayerNorm,electronic remainder,no,196,128,128,46080,46080,640,11520,1,1,0,0,0,11520,8.0000,8.0000,stages.3.1.transformer.0.norm1,LayerNorm,torch_hooks,local torch/timm hook trace; not edge evidence
MobileViT-XXS,mobilevit_xxs,1x3x192x192,mps,fp32,stages,qkv_projection,Linear,PDPU-candidate linear/MVM,yes,196,128,128,46080,138240,77760,34560,1,1,80,240,2764800,0,1.3163,1.3163,stages.3.1.transformer.0.attn.qkv,Linear,torch_hooks,local torch/timm hook trace; not edge evidence
MobileViT-XXS,mobilevit_xxs,1x3x192x192,mps,fp32,stages,normalization_softmax_activation,Identity,electronic remainder,no,196,128,128,46080,46080,0,11520,1,1,0,0,0,11520,8.0000,8.0000,stages.3.1.transformer.0.attn.q_norm,Identity,torch_hooks,local torch/timm hook trace; not edge evidence
MobileViT-XXS,mobilevit_xxs,1x3x192x192,mps,fp32,stages,normalization_softmax_activation,Identity,electronic remainder,no,196,128,128,46080,46080,0,11520,1,1,0,0,0,11520,8.0000,8.0000,stages.3.1.transformer.0.attn.k_norm,Identity,torch_hooks,local torch/timm hook trace; not edge evidence
MobileViT-XXS,mobilevit_xxs,1x3x192x192,mps,fp32,stages,normalization_softmax_activation,Identity,electronic remainder,no,196,128,128,46080,46080,0,11520,1,1,0,0,0,11520,8.0000,8.0000,stages.3.1.transformer.0.attn.norm,Identity,torch_hooks,local torch/timm hook trace; not edge evidence
MobileViT-XXS,mobilevit_xxs,1x3x192x192,mps,fp32,stages,attention_output_projection,Linear,PDPU-candidate linear/MVM,yes,196,128,128,46080,46080,25920,11520,1,1,80,80,921600,0,0.4388,0.4388,stages.3.1.transformer.0.attn.proj,Linear,torch_hooks,local torch/timm hook trace; not edge evidence
MobileViT-XXS,mobilevit_xxs,1x3x192x192,mps,fp32,stages,control_residual,Dropout,electronic remainder,no,196,128,128,46080,46080,0,11520,1,1,0,0,0,0,8.0000,8.0000,stages.3.1.transformer.0.attn.proj_drop,Dropout,torch_hooks,local torch/timm hook trace; not edge evidence
MobileViT-XXS,mobilevit_xxs,1x3x192x192,mps,fp32,stages,attention_score,QK^T,PDPU-extension candidate,extension,36,80,128,92160,82944,0,20736,1,1,0,0,414720,0,0.1974,0.1974,stages.3.1.transformer.0.attn.attention_score,Attention(function-level inferred),torch_hooks_shape_inferred,"local attention-module shape-derived function-op estimate; extension scenario only, not measured HPAT execution"
MobileViT-XXS,mobilevit_xxs,1x3x192x192,mps,fp32,stages,attention_value,Attention x V,PDPU-extension candidate,extension,36,80,128,129024,46080,0,11520,1,1,0,0,414720,0,0.1974,0.1974,stages.3.1.transformer.0.attn.attention_value,Attention(function-level inferred),torch_hooks_shape_inferred,"local attention-module shape-derived function-op estimate; extension scenario only, not measured HPAT execution"
MobileViT-XXS,mobilevit_xxs,1x3x192x192,mps,fp32,stages,control_residual,Identity,electronic remainder,no,196,128,128,46080,46080,0,11520,1,1,0,0,0,0,8.0000,8.0000,stages.3.1.transformer.0.ls1,Identity,torch_hooks,local torch/timm hook trace; not edge evidence
MobileViT-XXS,mobilevit_xxs,1x3x192x192,mps,fp32,stages,control_residual,Identity,electronic remainder,no,196,128,128,46080,46080,0,11520,1,1,0,0,0,0,8.0000,8.0000,stages.3.1.transformer.0.drop_path1,Identity,torch_hooks,local torch/timm hook trace; not edge evidence
MobileViT-XXS,mobilevit_xxs,1x3x192x192,mps,fp32,stages,normalization_softmax_activation,LayerNorm,electronic remainder,no,196,128,128,46080,46080,640,11520,1,1,0,0,0,11520,8.0000,8.0000,stages.3.1.transformer.0.norm2,LayerNorm,torch_hooks,local torch/timm hook trace; not edge evidence
MobileViT-XXS,mobilevit_xxs,1x3x192x192,mps,fp32,stages,ffn_linear,Linear,PDPU-candidate linear/MVM,yes,196,128,128,46080,92160,51840,23040,1,1,80,160,1843200,0,0.8775,0.8775,stages.3.1.transformer.0.mlp.fc1,Linear,torch_hooks,local torch/timm hook trace; not edge evidence
MobileViT-XXS,mobilevit_xxs,1x3x192x192,mps,fp32,stages,normalization_softmax_activation,SiLU,electronic remainder,no,196,128,128,92160,92160,0,23040,1,1,0,0,0,23040,8.0000,8.0000,stages.3.1.transformer.0.mlp.act,SiLU,torch_hooks,local torch/timm hook trace; not edge evidence
MobileViT-XXS,mobilevit_xxs,1x3x192x192,mps,fp32,stages,control_residual,Dropout,electronic remainder,no,196,128,128,92160,92160,0,23040,1,1,0,0,0,0,8.0000,8.0000,stages.3.1.transformer.0.mlp.drop1,Dropout,torch_hooks,local torch/timm hook trace; not edge evidence
MobileViT-XXS,mobilevit_xxs,1x3x192x192,mps,fp32,stages,normalization_softmax_activation,Identity,electronic remainder,no,196,128,128,92160,92160,0,23040,1,1,0,0,0,23040,8.0000,8.0000,stages.3.1.transformer.0.mlp.norm,Identity,torch_hooks,local torch/timm hook trace; not edge evidence
MobileViT-XXS,mobilevit_xxs,1x3x192x192,mps,fp32,stages,ffn_linear,Linear,PDPU-candidate linear/MVM,yes,196,128,128,92160,46080,51520,11520,1,1,160,80,1843200,0,0.8775,0.8775,stages.3.1.transformer.0.mlp.fc2,Linear,torch_hooks,local torch/timm hook trace; not edge evidence
MobileViT-XXS,mobilevit_xxs,1x3x192x192,mps,fp32,stages,control_residual,Dropout,electronic remainder,no,196,128,128,46080,46080,0,11520,1,1,0,0,0,0,8.0000,8.0000,stages.3.1.transformer.0.mlp.drop2,Dropout,torch_hooks,local torch/timm hook trace; not edge evidence
MobileViT-XXS,mobilevit_xxs,1x3x192x192,mps,fp32,stages,control_residual,Identity,electronic remainder,no,196,128,128,46080,46080,0,11520,1,1,0,0,0,0,8.0000,8.0000,stages.3.1.transformer.0.ls2,Identity,torch_hooks,local torch/timm hook trace; not edge evidence
MobileViT-XXS,mobilevit_xxs,1x3x192x192,mps,fp32,stages,control_residual,Identity,electronic remainder,no,196,128,128,46080,46080,0,11520,1,1,0,0,0,0,8.0000,8.0000,stages.3.1.transformer.0.drop_path2,Identity,torch_hooks,local torch/timm hook trace; not edge evidence
MobileViT-XXS,mobilevit_xxs,1x3x192x192,mps,fp32,stages,normalization_softmax_activation,LayerNorm,electronic remainder,no,196,128,128,46080,46080,640,11520,1,1,0,0,0,11520,8.0000,8.0000,stages.3.1.transformer.1.norm1,LayerNorm,torch_hooks,local torch/timm hook trace; not edge evidence
MobileViT-XXS,mobilevit_xxs,1x3x192x192,mps,fp32,stages,qkv_projection,Linear,PDPU-candidate linear/MVM,yes,196,128,128,46080,138240,77760,34560,1,1,80,240,2764800,0,1.3163,1.3163,stages.3.1.transformer.1.attn.qkv,Linear,torch_hooks,local torch/timm hook trace; not edge evidence
MobileViT-XXS,mobilevit_xxs,1x3x192x192,mps,fp32,stages,normalization_softmax_activation,Identity,electronic remainder,no,196,128,128,46080,46080,0,11520,1,1,0,0,0,11520,8.0000,8.0000,stages.3.1.transformer.1.attn.q_norm,Identity,torch_hooks,local torch/timm hook trace; not edge evidence
MobileViT-XXS,mobilevit_xxs,1x3x192x192,mps,fp32,stages,normalization_softmax_activation,Identity,electronic remainder,no,196,128,128,46080,46080,0,11520,1,1,0,0,0,11520,8.0000,8.0000,stages.3.1.transformer.1.attn.k_norm,Identity,torch_hooks,local torch/timm hook trace; not edge evidence
MobileViT-XXS,mobilevit_xxs,1x3x192x192,mps,fp32,stages,normalization_softmax_activation,Identity,electronic remainder,no,196,128,128,46080,46080,0,11520,1,1,0,0,0,11520,8.0000,8.0000,stages.3.1.transformer.1.attn.norm,Identity,torch_hooks,local torch/timm hook trace; not edge evidence
MobileViT-XXS,mobilevit_xxs,1x3x192x192,mps,fp32,stages,attention_output_projection,Linear,PDPU-candidate linear/MVM,yes,196,128,128,46080,46080,25920,11520,1,1,80,80,921600,0,0.4388,0.4388,stages.3.1.transformer.1.attn.proj,Linear,torch_hooks,local torch/timm hook trace; not edge evidence
MobileViT-XXS,mobilevit_xxs,1x3x192x192,mps,fp32,stages,control_residual,Dropout,electronic remainder,no,196,128,128,46080,46080,0,11520,1,1,0,0,0,0,8.0000,8.0000,stages.3.1.transformer.1.attn.proj_drop,Dropout,torch_hooks,local torch/timm hook trace; not edge evidence
MobileViT-XXS,mobilevit_xxs,1x3x192x192,mps,fp32,stages,attention_score,QK^T,PDPU-extension candidate,extension,36,80,128,92160,82944,0,20736,1,1,0,0,414720,0,0.1974,0.1974,stages.3.1.transformer.1.attn.attention_score,Attention(function-level inferred),torch_hooks_shape_inferred,"local attention-module shape-derived function-op estimate; extension scenario only, not measured HPAT execution"
MobileViT-XXS,mobilevit_xxs,1x3x192x192,mps,fp32,stages,attention_value,Attention x V,PDPU-extension candidate,extension,36,80,128,129024,46080,0,11520,1,1,0,0,414720,0,0.1974,0.1974,stages.3.1.transformer.1.attn.attention_value,Attention(function-level inferred),torch_hooks_shape_inferred,"local attention-module shape-derived function-op estimate; extension scenario only, not measured HPAT execution"
MobileViT-XXS,mobilevit_xxs,1x3x192x192,mps,fp32,stages,control_residual,Identity,electronic remainder,no,196,128,128,46080,46080,0,11520,1,1,0,0,0,0,8.0000,8.0000,stages.3.1.transformer.1.ls1,Identity,torch_hooks,local torch/timm hook trace; not edge evidence
MobileViT-XXS,mobilevit_xxs,1x3x192x192,mps,fp32,stages,control_residual,Identity,electronic remainder,no,196,128,128,46080,46080,0,11520,1,1,0,0,0,0,8.0000,8.0000,stages.3.1.transformer.1.drop_path1,Identity,torch_hooks,local torch/timm hook trace; not edge evidence
MobileViT-XXS,mobilevit_xxs,1x3x192x192,mps,fp32,stages,normalization_softmax_activation,LayerNorm,electronic remainder,no,196,128,128,46080,46080,640,11520,1,1,0,0,0,11520,8.0000,8.0000,stages.3.1.transformer.1.norm2,LayerNorm,torch_hooks,local torch/timm hook trace; not edge evidence
MobileViT-XXS,mobilevit_xxs,1x3x192x192,mps,fp32,stages,ffn_linear,Linear,PDPU-candidate linear/MVM,yes,196,128,128,46080,92160,51840,23040,1,1,80,160,1843200,0,0.8775,0.8775,stages.3.1.transformer.1.mlp.fc1,Linear,torch_hooks,local torch/timm hook trace; not edge evidence
MobileViT-XXS,mobilevit_xxs,1x3x192x192,mps,fp32,stages,normalization_softmax_activation,SiLU,electronic remainder,no,196,128,128,92160,92160,0,23040,1,1,0,0,0,23040,8.0000,8.0000,stages.3.1.transformer.1.mlp.act,SiLU,torch_hooks,local torch/timm hook trace; not edge evidence
MobileViT-XXS,mobilevit_xxs,1x3x192x192,mps,fp32,stages,control_residual,Dropout,electronic remainder,no,196,128,128,92160,92160,0,23040,1,1,0,0,0,0,8.0000,8.0000,stages.3.1.transformer.1.mlp.drop1,Dropout,torch_hooks,local torch/timm hook trace; not edge evidence
MobileViT-XXS,mobilevit_xxs,1x3x192x192,mps,fp32,stages,normalization_softmax_activation,Identity,electronic remainder,no,196,128,128,92160,92160,0,23040,1,1,0,0,0,23040,8.0000,8.0000,stages.3.1.transformer.1.mlp.norm,Identity,torch_hooks,local torch/timm hook trace; not edge evidence
MobileViT-XXS,mobilevit_xxs,1x3x192x192,mps,fp32,stages,ffn_linear,Linear,PDPU-candidate linear/MVM,yes,196,128,128,92160,46080,51520,11520,1,1,160,80,1843200,0,0.8775,0.8775,stages.3.1.transformer.1.mlp.fc2,Linear,torch_hooks,local torch/timm hook trace; not edge evidence
MobileViT-XXS,mobilevit_xxs,1x3x192x192,mps,fp32,stages,control_residual,Dropout,electronic remainder,no,196,128,128,46080,46080,0,11520,1,1,0,0,0,0,8.0000,8.0000,stages.3.1.transformer.1.mlp.drop2,Dropout,torch_hooks,local torch/timm hook trace; not edge evidence
MobileViT-XXS,mobilevit_xxs,1x3x192x192,mps,fp32,stages,control_residual,Identity,electronic remainder,no,196,128,128,46080,46080,0,11520,1,1,0,0,0,0,8.0000,8.0000,stages.3.1.transformer.1.ls2,Identity,torch_hooks,local torch/timm hook trace; not edge evidence
MobileViT-XXS,mobilevit_xxs,1x3x192x192,mps,fp32,stages,control_residual,Identity,electronic remainder,no,196,128,128,46080,46080,0,11520,1,1,0,0,0,0,8.0000,8.0000,stages.3.1.transformer.1.drop_path2,Identity,torch_hooks,local torch/timm hook trace; not edge evidence
MobileViT-XXS,mobilevit_xxs,1x3x192x192,mps,fp32,stages,normalization_softmax_activation,LayerNorm,electronic remainder,no,196,128,128,46080,46080,640,11520,1,1,0,0,0,11520,8.0000,8.0000,stages.3.1.transformer.2.norm1,LayerNorm,torch_hooks,local torch/timm hook trace; not edge evidence
MobileViT-XXS,mobilevit_xxs,1x3x192x192,mps,fp32,stages,qkv_projection,Linear,PDPU-candidate linear/MVM,yes,196,128,128,46080,138240,77760,34560,1,1,80,240,2764800,0,1.3163,1.3163,stages.3.1.transformer.2.attn.qkv,Linear,torch_hooks,local torch/timm hook trace; not edge evidence
MobileViT-XXS,mobilevit_xxs,1x3x192x192,mps,fp32,stages,normalization_softmax_activation,Identity,electronic remainder,no,196,128,128,46080,46080,0,11520,1,1,0,0,0,11520,8.0000,8.0000,stages.3.1.transformer.2.attn.q_norm,Identity,torch_hooks,local torch/timm hook trace; not edge evidence
MobileViT-XXS,mobilevit_xxs,1x3x192x192,mps,fp32,stages,normalization_softmax_activation,Identity,electronic remainder,no,196,128,128,46080,46080,0,11520,1,1,0,0,0,11520,8.0000,8.0000,stages.3.1.transformer.2.attn.k_norm,Identity,torch_hooks,local torch/timm hook trace; not edge evidence
MobileViT-XXS,mobilevit_xxs,1x3x192x192,mps,fp32,stages,normalization_softmax_activation,Identity,electronic remainder,no,196,128,128,46080,46080,0,11520,1,1,0,0,0,11520,8.0000,8.0000,stages.3.1.transformer.2.attn.norm,Identity,torch_hooks,local torch/timm hook trace; not edge evidence
MobileViT-XXS,mobilevit_xxs,1x3x192x192,mps,fp32,stages,attention_output_projection,Linear,PDPU-candidate linear/MVM,yes,196,128,128,46080,46080,25920,11520,1,1,80,80,921600,0,0.4388,0.4388,stages.3.1.transformer.2.attn.proj,Linear,torch_hooks,local torch/timm hook trace; not edge evidence
MobileViT-XXS,mobilevit_xxs,1x3x192x192,mps,fp32,stages,control_residual,Dropout,electronic remainder,no,196,128,128,46080,46080,0,11520,1,1,0,0,0,0,8.0000,8.0000,stages.3.1.transformer.2.attn.proj_drop,Dropout,torch_hooks,local torch/timm hook trace; not edge evidence
MobileViT-XXS,mobilevit_xxs,1x3x192x192,mps,fp32,stages,attention_score,QK^T,PDPU-extension candidate,extension,36,80,128,92160,82944,0,20736,1,1,0,0,414720,0,0.1974,0.1974,stages.3.1.transformer.2.attn.attention_score,Attention(function-level inferred),torch_hooks_shape_inferred,"local attention-module shape-derived function-op estimate; extension scenario only, not measured HPAT execution"
MobileViT-XXS,mobilevit_xxs,1x3x192x192,mps,fp32,stages,attention_value,Attention x V,PDPU-extension candidate,extension,36,80,128,129024,46080,0,11520,1,1,0,0,414720,0,0.1974,0.1974,stages.3.1.transformer.2.attn.attention_value,Attention(function-level inferred),torch_hooks_shape_inferred,"local attention-module shape-derived function-op estimate; extension scenario only, not measured HPAT execution"
MobileViT-XXS,mobilevit_xxs,1x3x192x192,mps,fp32,stages,control_residual,Identity,electronic remainder,no,196,128,128,46080,46080,0,11520,1,1,0,0,0,0,8.0000,8.0000,stages.3.1.transformer.2.ls1,Identity,torch_hooks,local torch/timm hook trace; not edge evidence
MobileViT-XXS,mobilevit_xxs,1x3x192x192,mps,fp32,stages,control_residual,Identity,electronic remainder,no,196,128,128,46080,46080,0,11520,1,1,0,0,0,0,8.0000,8.0000,stages.3.1.transformer.2.drop_path1,Identity,torch_hooks,local torch/timm hook trace; not edge evidence
MobileViT-XXS,mobilevit_xxs,1x3x192x192,mps,fp32,stages,normalization_softmax_activation,LayerNorm,electronic remainder,no,196,128,128,46080,46080,640,11520,1,1,0,0,0,11520,8.0000,8.0000,stages.3.1.transformer.2.norm2,LayerNorm,torch_hooks,local torch/timm hook trace; not edge evidence
MobileViT-XXS,mobilevit_xxs,1x3x192x192,mps,fp32,stages,ffn_linear,Linear,PDPU-candidate linear/MVM,yes,196,128,128,46080,92160,51840,23040,1,1,80,160,1843200,0,0.8775,0.8775,stages.3.1.transformer.2.mlp.fc1,Linear,torch_hooks,local torch/timm hook trace; not edge evidence
MobileViT-XXS,mobilevit_xxs,1x3x192x192,mps,fp32,stages,normalization_softmax_activation,SiLU,electronic remainder,no,196,128,128,92160,92160,0,23040,1,1,0,0,0,23040,8.0000,8.0000,stages.3.1.transformer.2.mlp.act,SiLU,torch_hooks,local torch/timm hook trace; not edge evidence
MobileViT-XXS,mobilevit_xxs,1x3x192x192,mps,fp32,stages,control_residual,Dropout,electronic remainder,no,196,128,128,92160,92160,0,23040,1,1,0,0,0,0,8.0000,8.0000,stages.3.1.transformer.2.mlp.drop1,Dropout,torch_hooks,local torch/timm hook trace; not edge evidence
MobileViT-XXS,mobilevit_xxs,1x3x192x192,mps,fp32,stages,normalization_softmax_activation,Identity,electronic remainder,no,196,128,128,92160,92160,0,23040,1,1,0,0,0,23040,8.0000,8.0000,stages.3.1.transformer.2.mlp.norm,Identity,torch_hooks,local torch/timm hook trace; not edge evidence
MobileViT-XXS,mobilevit_xxs,1x3x192x192,mps,fp32,stages,ffn_linear,Linear,PDPU-candidate linear/MVM,yes,196,128,128,92160,46080,51520,11520,1,1,160,80,1843200,0,0.8775,0.8775,stages.3.1.transformer.2.mlp.fc2,Linear,torch_hooks,local torch/timm hook trace; not edge evidence
MobileViT-XXS,mobilevit_xxs,1x3x192x192,mps,fp32,stages,control_residual,Dropout,electronic remainder,no,196,128,128,46080,46080,0,11520,1,1,0,0,0,0,8.0000,8.0000,stages.3.1.transformer.2.mlp.drop2,Dropout,torch_hooks,local torch/timm hook trace; not edge evidence
MobileViT-XXS,mobilevit_xxs,1x3x192x192,mps,fp32,stages,control_residual,Identity,electronic remainder,no,196,128,128,46080,46080,0,11520,1,1,0,0,0,0,8.0000,8.0000,stages.3.1.transformer.2.ls2,Identity,torch_hooks,local torch/timm hook trace; not edge evidence
MobileViT-XXS,mobilevit_xxs,1x3x192x192,mps,fp32,stages,control_residual,Identity,electronic remainder,no,196,128,128,46080,46080,0,11520,1,1,0,0,0,0,8.0000,8.0000,stages.3.1.transformer.2.drop_path2,Identity,torch_hooks,local torch/timm hook trace; not edge evidence
MobileViT-XXS,mobilevit_xxs,1x3x192x192,mps,fp32,stages,normalization_softmax_activation,LayerNorm,electronic remainder,no,196,128,128,46080,46080,640,11520,1,1,0,0,0,11520,8.0000,8.0000,stages.3.1.transformer.3.norm1,LayerNorm,torch_hooks,local torch/timm hook trace; not edge evidence
MobileViT-XXS,mobilevit_xxs,1x3x192x192,mps,fp32,stages,qkv_projection,Linear,PDPU-candidate linear/MVM,yes,196,128,128,46080,138240,77760,34560,1,1,80,240,2764800,0,1.3163,1.3163,stages.3.1.transformer.3.attn.qkv,Linear,torch_hooks,local torch/timm hook trace; not edge evidence
MobileViT-XXS,mobilevit_xxs,1x3x192x192,mps,fp32,stages,normalization_softmax_activation,Identity,electronic remainder,no,196,128,128,46080,46080,0,11520,1,1,0,0,0,11520,8.0000,8.0000,stages.3.1.transformer.3.attn.q_norm,Identity,torch_hooks,local torch/timm hook trace; not edge evidence
MobileViT-XXS,mobilevit_xxs,1x3x192x192,mps,fp32,stages,normalization_softmax_activation,Identity,electronic remainder,no,196,128,128,46080,46080,0,11520,1,1,0,0,0,11520,8.0000,8.0000,stages.3.1.transformer.3.attn.k_norm,Identity,torch_hooks,local torch/timm hook trace; not edge evidence
MobileViT-XXS,mobilevit_xxs,1x3x192x192,mps,fp32,stages,normalization_softmax_activation,Identity,electronic remainder,no,196,128,128,46080,46080,0,11520,1,1,0,0,0,11520,8.0000,8.0000,stages.3.1.transformer.3.attn.norm,Identity,torch_hooks,local torch/timm hook trace; not edge evidence
MobileViT-XXS,mobilevit_xxs,1x3x192x192,mps,fp32,stages,attention_output_projection,Linear,PDPU-candidate linear/MVM,yes,196,128,128,46080,46080,25920,11520,1,1,80,80,921600,0,0.4388,0.4388,stages.3.1.transformer.3.attn.proj,Linear,torch_hooks,local torch/timm hook trace; not edge evidence
MobileViT-XXS,mobilevit_xxs,1x3x192x192,mps,fp32,stages,control_residual,Dropout,electronic remainder,no,196,128,128,46080,46080,0,11520,1,1,0,0,0,0,8.0000,8.0000,stages.3.1.transformer.3.attn.proj_drop,Dropout,torch_hooks,local torch/timm hook trace; not edge evidence
MobileViT-XXS,mobilevit_xxs,1x3x192x192,mps,fp32,stages,attention_score,QK^T,PDPU-extension candidate,extension,36,80,128,92160,82944,0,20736,1,1,0,0,414720,0,0.1974,0.1974,stages.3.1.transformer.3.attn.attention_score,Attention(function-level inferred),torch_hooks_shape_inferred,"local attention-module shape-derived function-op estimate; extension scenario only, not measured HPAT execution"
MobileViT-XXS,mobilevit_xxs,1x3x192x192,mps,fp32,stages,attention_value,Attention x V,PDPU-extension candidate,extension,36,80,128,129024,46080,0,11520,1,1,0,0,414720,0,0.1974,0.1974,stages.3.1.transformer.3.attn.attention_value,Attention(function-level inferred),torch_hooks_shape_inferred,"local attention-module shape-derived function-op estimate; extension scenario only, not measured HPAT execution"
MobileViT-XXS,mobilevit_xxs,1x3x192x192,mps,fp32,stages,control_residual,Identity,electronic remainder,no,196,128,128,46080,46080,0,11520,1,1,0,0,0,0,8.0000,8.0000,stages.3.1.transformer.3.ls1,Identity,torch_hooks,local torch/timm hook trace; not edge evidence
MobileViT-XXS,mobilevit_xxs,1x3x192x192,mps,fp32,stages,control_residual,Identity,electronic remainder,no,196,128,128,46080,46080,0,11520,1,1,0,0,0,0,8.0000,8.0000,stages.3.1.transformer.3.drop_path1,Identity,torch_hooks,local torch/timm hook trace; not edge evidence
MobileViT-XXS,mobilevit_xxs,1x3x192x192,mps,fp32,stages,normalization_softmax_activation,LayerNorm,electronic remainder,no,196,128,128,46080,46080,640,11520,1,1,0,0,0,11520,8.0000,8.0000,stages.3.1.transformer.3.norm2,LayerNorm,torch_hooks,local torch/timm hook trace; not edge evidence
MobileViT-XXS,mobilevit_xxs,1x3x192x192,mps,fp32,stages,ffn_linear,Linear,PDPU-candidate linear/MVM,yes,196,128,128,46080,92160,51840,23040,1,1,80,160,1843200,0,0.8775,0.8775,stages.3.1.transformer.3.mlp.fc1,Linear,torch_hooks,local torch/timm hook trace; not edge evidence
MobileViT-XXS,mobilevit_xxs,1x3x192x192,mps,fp32,stages,normalization_softmax_activation,SiLU,electronic remainder,no,196,128,128,92160,92160,0,23040,1,1,0,0,0,23040,8.0000,8.0000,stages.3.1.transformer.3.mlp.act,SiLU,torch_hooks,local torch/timm hook trace; not edge evidence
MobileViT-XXS,mobilevit_xxs,1x3x192x192,mps,fp32,stages,control_residual,Dropout,electronic remainder,no,196,128,128,92160,92160,0,23040,1,1,0,0,0,0,8.0000,8.0000,stages.3.1.transformer.3.mlp.drop1,Dropout,torch_hooks,local torch/timm hook trace; not edge evidence
MobileViT-XXS,mobilevit_xxs,1x3x192x192,mps,fp32,stages,normalization_softmax_activation,Identity,electronic remainder,no,196,128,128,92160,92160,0,23040,1,1,0,0,0,23040,8.0000,8.0000,stages.3.1.transformer.3.mlp.norm,Identity,torch_hooks,local torch/timm hook trace; not edge evidence
MobileViT-XXS,mobilevit_xxs,1x3x192x192,mps,fp32,stages,ffn_linear,Linear,PDPU-candidate linear/MVM,yes,196,128,128,92160,46080,51520,11520,1,1,160,80,1843200,0,0.8775,0.8775,stages.3.1.transformer.3.mlp.fc2,Linear,torch_hooks,local torch/timm hook trace; not edge evidence
MobileViT-XXS,mobilevit_xxs,1x3x192x192,mps,fp32,stages,control_residual,Dropout,electronic remainder,no,196,128,128,46080,46080,0,11520,1,1,0,0,0,0,8.0000,8.0000,stages.3.1.transformer.3.mlp.drop2,Dropout,torch_hooks,local torch/timm hook trace; not edge evidence
MobileViT-XXS,mobilevit_xxs,1x3x192x192,mps,fp32,stages,control_residual,Identity,electronic remainder,no,196,128,128,46080,46080,0,11520,1,1,0,0,0,0,8.0000,8.0000,stages.3.1.transformer.3.ls2,Identity,torch_hooks,local torch/timm hook trace; not edge evidence
MobileViT-XXS,mobilevit_xxs,1x3x192x192,mps,fp32,stages,control_residual,Identity,electronic remainder,no,196,128,128,46080,46080,0,11520,1,1,0,0,0,0,8.0000,8.0000,stages.3.1.transformer.3.drop_path2,Identity,torch_hooks,local torch/timm hook trace; not edge evidence
MobileViT-XXS,mobilevit_xxs,1x3x192x192,mps,fp32,stages,normalization_softmax_activation,LayerNorm,electronic remainder,no,196,128,128,46080,46080,640,11520,1,1,0,0,0,11520,8.0000,8.0000,stages.3.1.norm,LayerNorm,torch_hooks,local torch/timm hook trace; not edge evidence
MobileViT-XXS,mobilevit_xxs,1x3x192x192,mps,fp32,stages,pointwise_conv,Conv2d 1x1,PDPU-extension candidate,extension,196,128,128,46080,36864,20480,9216,1,1,80,64,737280,0,0.3510,0.3510,stages.3.1.conv_proj.conv,Conv2d,torch_hooks,local torch/timm hook trace; not edge evidence
MobileViT-XXS,mobilevit_xxs,1x3x192x192,mps,fp32,stages,control_residual,Identity,electronic remainder,no,196,128,128,36864,36864,0,9216,1,1,0,0,0,0,8.0000,8.0000,stages.3.1.conv_proj.bn.drop,Identity,torch_hooks,local torch/timm hook trace; not edge evidence
MobileViT-XXS,mobilevit_xxs,1x3x192x192,mps,fp32,stages,normalization_softmax_activation,SiLU,electronic remainder,no,196,128,128,36864,36864,0,9216,1,1,0,0,0,9216,8.0000,8.0000,stages.3.1.conv_proj.bn.act,SiLU,torch_hooks,local torch/timm hook trace; not edge evidence
MobileViT-XXS,mobilevit_xxs,1x3x192x192,mps,fp32,stages,spatial_conv,Conv2d 3x3,PDPU-extension candidate,extension,196,128,128,73728,36864,294912,9216,9,1,128,64,10616832,0,5.0546,5.0546,stages.3.1.conv_fusion.conv,Conv2d,torch_hooks,local torch/timm hook trace; not edge evidence
MobileViT-XXS,mobilevit_xxs,1x3x192x192,mps,fp32,stages,control_residual,Identity,electronic remainder,no,196,128,128,36864,36864,0,9216,1,1,0,0,0,0,8.0000,8.0000,stages.3.1.conv_fusion.bn.drop,Identity,torch_hooks,local torch/timm hook trace; not edge evidence
MobileViT-XXS,mobilevit_xxs,1x3x192x192,mps,fp32,stages,normalization_softmax_activation,SiLU,electronic remainder,no,196,128,128,36864,36864,0,9216,1,1,0,0,0,9216,8.0000,8.0000,stages.3.1.conv_fusion.bn.act,SiLU,torch_hooks,local torch/timm hook trace; not edge evidence
MobileViT-XXS,mobilevit_xxs,1x3x192x192,mps,fp32,stages,pointwise_conv,Conv2d 1x1,PDPU-extension candidate,extension,196,128,128,36864,73728,32768,18432,1,1,64,128,1179648,0,0.5616,0.5616,stages.4.0.conv1_1x1.conv,Conv2d,torch_hooks,local torch/timm hook trace; not edge evidence
MobileViT-XXS,mobilevit_xxs,1x3x192x192,mps,fp32,stages,control_residual,Identity,electronic remainder,no,196,128,128,73728,73728,0,18432,1,1,0,0,0,0,8.0000,8.0000,stages.4.0.conv1_1x1.bn.drop,Identity,torch_hooks,local torch/timm hook trace; not edge evidence
MobileViT-XXS,mobilevit_xxs,1x3x192x192,mps,fp32,stages,normalization_softmax_activation,SiLU,electronic remainder,no,196,128,128,73728,73728,0,18432,1,1,0,0,0,18432,8.0000,8.0000,stages.4.0.conv1_1x1.bn.act,SiLU,torch_hooks,local torch/timm hook trace; not edge evidence
MobileViT-XXS,mobilevit_xxs,1x3x192x192,mps,fp32,stages,depthwise_conv,Depthwise Conv2d 3x3,PDPU-extension candidate,extension,196,128,128,73728,18432,4608,4608,9,128,128,128,41472,0,0.0197,0.0197,stages.4.0.conv2_kxk.conv,Conv2d,torch_hooks,local torch/timm hook trace; not edge evidence
MobileViT-XXS,mobilevit_xxs,1x3x192x192,mps,fp32,stages,control_residual,Identity,electronic remainder,no,196,128,128,18432,18432,0,4608,1,1,0,0,0,0,8.0000,8.0000,stages.4.0.conv2_kxk.bn.drop,Identity,torch_hooks,local torch/timm hook trace; not edge evidence
MobileViT-XXS,mobilevit_xxs,1x3x192x192,mps,fp32,stages,normalization_softmax_activation,SiLU,electronic remainder,no,196,128,128,18432,18432,0,4608,1,1,0,0,0,4608,8.0000,8.0000,stages.4.0.conv2_kxk.bn.act,SiLU,torch_hooks,local torch/timm hook trace; not edge evidence
MobileViT-XXS,mobilevit_xxs,1x3x192x192,mps,fp32,stages,control_residual,Identity,electronic remainder,no,196,128,128,18432,18432,0,4608,1,1,0,0,0,0,8.0000,8.0000,stages.4.0.conv2b_kxk,Identity,torch_hooks,local torch/timm hook trace; not edge evidence
MobileViT-XXS,mobilevit_xxs,1x3x192x192,mps,fp32,stages,control_residual,Identity,electronic remainder,no,196,128,128,18432,18432,0,4608,1,1,0,0,0,0,8.0000,8.0000,stages.4.0.attn,Identity,torch_hooks,local torch/timm hook trace; not edge evidence
MobileViT-XXS,mobilevit_xxs,1x3x192x192,mps,fp32,stages,pointwise_conv,Conv2d 1x1,PDPU-extension candidate,extension,196,128,128,18432,11520,40960,2880,1,1,128,80,368640,0,0.1755,0.1755,stages.4.0.conv3_1x1.conv,Conv2d,torch_hooks,local torch/timm hook trace; not edge evidence
MobileViT-XXS,mobilevit_xxs,1x3x192x192,mps,fp32,stages,control_residual,Identity,electronic remainder,no,196,128,128,11520,11520,0,2880,1,1,0,0,0,0,8.0000,8.0000,stages.4.0.conv3_1x1.bn.drop,Identity,torch_hooks,local torch/timm hook trace; not edge evidence
MobileViT-XXS,mobilevit_xxs,1x3x192x192,mps,fp32,stages,normalization_softmax_activation,Identity,electronic remainder,no,196,128,128,11520,11520,0,2880,1,1,0,0,0,2880,8.0000,8.0000,stages.4.0.conv3_1x1.bn.act,Identity,torch_hooks,local torch/timm hook trace; not edge evidence
MobileViT-XXS,mobilevit_xxs,1x3x192x192,mps,fp32,stages,control_residual,Identity,electronic remainder,no,196,128,128,11520,11520,0,2880,1,1,0,0,0,0,8.0000,8.0000,stages.4.0.attn_last,Identity,torch_hooks,local torch/timm hook trace; not edge evidence
MobileViT-XXS,mobilevit_xxs,1x3x192x192,mps,fp32,stages,control_residual,Identity,electronic remainder,no,196,128,128,11520,11520,0,2880,1,1,0,0,0,0,8.0000,8.0000,stages.4.0.drop_path,Identity,torch_hooks,local torch/timm hook trace; not edge evidence
MobileViT-XXS,mobilevit_xxs,1x3x192x192,mps,fp32,stages,normalization_softmax_activation,Identity,electronic remainder,no,196,128,128,11520,11520,0,2880,1,1,0,0,0,2880,8.0000,8.0000,stages.4.0.act,Identity,torch_hooks,local torch/timm hook trace; not edge evidence
MobileViT-XXS,mobilevit_xxs,1x3x192x192,mps,fp32,stages,spatial_conv,Conv2d 3x3,PDPU-extension candidate,extension,196,128,128,11520,11520,230400,2880,9,1,80,80,2073600,0,0.9872,0.9872,stages.4.1.conv_kxk.conv,Conv2d,torch_hooks,local torch/timm hook trace; not edge evidence
MobileViT-XXS,mobilevit_xxs,1x3x192x192,mps,fp32,stages,control_residual,Identity,electronic remainder,no,196,128,128,11520,11520,0,2880,1,1,0,0,0,0,8.0000,8.0000,stages.4.1.conv_kxk.bn.drop,Identity,torch_hooks,local torch/timm hook trace; not edge evidence
MobileViT-XXS,mobilevit_xxs,1x3x192x192,mps,fp32,stages,normalization_softmax_activation,SiLU,electronic remainder,no,196,128,128,11520,11520,0,2880,1,1,0,0,0,2880,8.0000,8.0000,stages.4.1.conv_kxk.bn.act,SiLU,torch_hooks,local torch/timm hook trace; not edge evidence
MobileViT-XXS,mobilevit_xxs,1x3x192x192,mps,fp32,stages,pointwise_conv,Conv2d 1x1,PDPU-extension candidate,extension,196,128,128,11520,13824,30720,3456,1,1,80,96,276480,0,0.1316,0.1316,stages.4.1.conv_1x1,Conv2d,torch_hooks,local torch/timm hook trace; not edge evidence
MobileViT-XXS,mobilevit_xxs,1x3x192x192,mps,fp32,stages,normalization_softmax_activation,LayerNorm,electronic remainder,no,196,128,128,13824,13824,768,3456,1,1,0,0,0,3456,8.0000,8.0000,stages.4.1.transformer.0.norm1,LayerNorm,torch_hooks,local torch/timm hook trace; not edge evidence
MobileViT-XXS,mobilevit_xxs,1x3x192x192,mps,fp32,stages,qkv_projection,Linear,PDPU-candidate linear/MVM,yes,196,128,128,13824,41472,111744,10368,1,1,96,288,995328,0,0.4739,0.4739,stages.4.1.transformer.0.attn.qkv,Linear,torch_hooks,local torch/timm hook trace; not edge evidence
MobileViT-XXS,mobilevit_xxs,1x3x192x192,mps,fp32,stages,normalization_softmax_activation,Identity,electronic remainder,no,196,128,128,13824,13824,0,3456,1,1,0,0,0,3456,8.0000,8.0000,stages.4.1.transformer.0.attn.q_norm,Identity,torch_hooks,local torch/timm hook trace; not edge evidence
MobileViT-XXS,mobilevit_xxs,1x3x192x192,mps,fp32,stages,normalization_softmax_activation,Identity,electronic remainder,no,196,128,128,13824,13824,0,3456,1,1,0,0,0,3456,8.0000,8.0000,stages.4.1.transformer.0.attn.k_norm,Identity,torch_hooks,local torch/timm hook trace; not edge evidence
MobileViT-XXS,mobilevit_xxs,1x3x192x192,mps,fp32,stages,normalization_softmax_activation,Identity,electronic remainder,no,196,128,128,13824,13824,0,3456,1,1,0,0,0,3456,8.0000,8.0000,stages.4.1.transformer.0.attn.norm,Identity,torch_hooks,local torch/timm hook trace; not edge evidence
MobileViT-XXS,mobilevit_xxs,1x3x192x192,mps,fp32,stages,attention_output_projection,Linear,PDPU-candidate linear/MVM,yes,196,128,128,13824,13824,37248,3456,1,1,96,96,331776,0,0.1580,0.1580,stages.4.1.transformer.0.attn.proj,Linear,torch_hooks,local torch/timm hook trace; not edge evidence
MobileViT-XXS,mobilevit_xxs,1x3x192x192,mps,fp32,stages,control_residual,Dropout,electronic remainder,no,196,128,128,13824,13824,0,3456,1,1,0,0,0,0,8.0000,8.0000,stages.4.1.transformer.0.attn.proj_drop,Dropout,torch_hooks,local torch/timm hook trace; not edge evidence
MobileViT-XXS,mobilevit_xxs,1x3x192x192,mps,fp32,stages,attention_score,QK^T,PDPU-extension candidate,extension,9,96,128,27648,5184,0,1296,1,1,0,0,31104,0,0.0148,0.0148,stages.4.1.transformer.0.attn.attention_score,Attention(function-level inferred),torch_hooks_shape_inferred,"local attention-module shape-derived function-op estimate; extension scenario only, not measured HPAT execution"
MobileViT-XXS,mobilevit_xxs,1x3x192x192,mps,fp32,stages,attention_value,Attention x V,PDPU-extension candidate,extension,9,96,128,19008,13824,0,3456,1,1,0,0,31104,0,0.0148,0.0148,stages.4.1.transformer.0.attn.attention_value,Attention(function-level inferred),torch_hooks_shape_inferred,"local attention-module shape-derived function-op estimate; extension scenario only, not measured HPAT execution"
MobileViT-XXS,mobilevit_xxs,1x3x192x192,mps,fp32,stages,control_residual,Identity,electronic remainder,no,196,128,128,13824,13824,0,3456,1,1,0,0,0,0,8.0000,8.0000,stages.4.1.transformer.0.ls1,Identity,torch_hooks,local torch/timm hook trace; not edge evidence
MobileViT-XXS,mobilevit_xxs,1x3x192x192,mps,fp32,stages,control_residual,Identity,electronic remainder,no,196,128,128,13824,13824,0,3456,1,1,0,0,0,0,8.0000,8.0000,stages.4.1.transformer.0.drop_path1,Identity,torch_hooks,local torch/timm hook trace; not edge evidence
MobileViT-XXS,mobilevit_xxs,1x3x192x192,mps,fp32,stages,normalization_softmax_activation,LayerNorm,electronic remainder,no,196,128,128,13824,13824,768,3456,1,1,0,0,0,3456,8.0000,8.0000,stages.4.1.transformer.0.norm2,LayerNorm,torch_hooks,local torch/timm hook trace; not edge evidence
MobileViT-XXS,mobilevit_xxs,1x3x192x192,mps,fp32,stages,ffn_linear,Linear,PDPU-candidate linear/MVM,yes,196,128,128,13824,27648,74496,6912,1,1,96,192,663552,0,0.3159,0.3159,stages.4.1.transformer.0.mlp.fc1,Linear,torch_hooks,local torch/timm hook trace; not edge evidence
MobileViT-XXS,mobilevit_xxs,1x3x192x192,mps,fp32,stages,normalization_softmax_activation,SiLU,electronic remainder,no,196,128,128,27648,27648,0,6912,1,1,0,0,0,6912,8.0000,8.0000,stages.4.1.transformer.0.mlp.act,SiLU,torch_hooks,local torch/timm hook trace; not edge evidence
MobileViT-XXS,mobilevit_xxs,1x3x192x192,mps,fp32,stages,control_residual,Dropout,electronic remainder,no,196,128,128,27648,27648,0,6912,1,1,0,0,0,0,8.0000,8.0000,stages.4.1.transformer.0.mlp.drop1,Dropout,torch_hooks,local torch/timm hook trace; not edge evidence
MobileViT-XXS,mobilevit_xxs,1x3x192x192,mps,fp32,stages,normalization_softmax_activation,Identity,electronic remainder,no,196,128,128,27648,27648,0,6912,1,1,0,0,0,6912,8.0000,8.0000,stages.4.1.transformer.0.mlp.norm,Identity,torch_hooks,local torch/timm hook trace; not edge evidence
MobileViT-XXS,mobilevit_xxs,1x3x192x192,mps,fp32,stages,ffn_linear,Linear,PDPU-candidate linear/MVM,yes,196,128,128,27648,13824,74112,3456,1,1,192,96,663552,0,0.3159,0.3159,stages.4.1.transformer.0.mlp.fc2,Linear,torch_hooks,local torch/timm hook trace; not edge evidence
MobileViT-XXS,mobilevit_xxs,1x3x192x192,mps,fp32,stages,control_residual,Dropout,electronic remainder,no,196,128,128,13824,13824,0,3456,1,1,0,0,0,0,8.0000,8.0000,stages.4.1.transformer.0.mlp.drop2,Dropout,torch_hooks,local torch/timm hook trace; not edge evidence
MobileViT-XXS,mobilevit_xxs,1x3x192x192,mps,fp32,stages,control_residual,Identity,electronic remainder,no,196,128,128,13824,13824,0,3456,1,1,0,0,0,0,8.0000,8.0000,stages.4.1.transformer.0.ls2,Identity,torch_hooks,local torch/timm hook trace; not edge evidence
MobileViT-XXS,mobilevit_xxs,1x3x192x192,mps,fp32,stages,control_residual,Identity,electronic remainder,no,196,128,128,13824,13824,0,3456,1,1,0,0,0,0,8.0000,8.0000,stages.4.1.transformer.0.drop_path2,Identity,torch_hooks,local torch/timm hook trace; not edge evidence
MobileViT-XXS,mobilevit_xxs,1x3x192x192,mps,fp32,stages,normalization_softmax_activation,LayerNorm,electronic remainder,no,196,128,128,13824,13824,768,3456,1,1,0,0,0,3456,8.0000,8.0000,stages.4.1.transformer.1.norm1,LayerNorm,torch_hooks,local torch/timm hook trace; not edge evidence
MobileViT-XXS,mobilevit_xxs,1x3x192x192,mps,fp32,stages,qkv_projection,Linear,PDPU-candidate linear/MVM,yes,196,128,128,13824,41472,111744,10368,1,1,96,288,995328,0,0.4739,0.4739,stages.4.1.transformer.1.attn.qkv,Linear,torch_hooks,local torch/timm hook trace; not edge evidence
MobileViT-XXS,mobilevit_xxs,1x3x192x192,mps,fp32,stages,normalization_softmax_activation,Identity,electronic remainder,no,196,128,128,13824,13824,0,3456,1,1,0,0,0,3456,8.0000,8.0000,stages.4.1.transformer.1.attn.q_norm,Identity,torch_hooks,local torch/timm hook trace; not edge evidence
MobileViT-XXS,mobilevit_xxs,1x3x192x192,mps,fp32,stages,normalization_softmax_activation,Identity,electronic remainder,no,196,128,128,13824,13824,0,3456,1,1,0,0,0,3456,8.0000,8.0000,stages.4.1.transformer.1.attn.k_norm,Identity,torch_hooks,local torch/timm hook trace; not edge evidence
MobileViT-XXS,mobilevit_xxs,1x3x192x192,mps,fp32,stages,normalization_softmax_activation,Identity,electronic remainder,no,196,128,128,13824,13824,0,3456,1,1,0,0,0,3456,8.0000,8.0000,stages.4.1.transformer.1.attn.norm,Identity,torch_hooks,local torch/timm hook trace; not edge evidence
MobileViT-XXS,mobilevit_xxs,1x3x192x192,mps,fp32,stages,attention_output_projection,Linear,PDPU-candidate linear/MVM,yes,196,128,128,13824,13824,37248,3456,1,1,96,96,331776,0,0.1580,0.1580,stages.4.1.transformer.1.attn.proj,Linear,torch_hooks,local torch/timm hook trace; not edge evidence
MobileViT-XXS,mobilevit_xxs,1x3x192x192,mps,fp32,stages,control_residual,Dropout,electronic remainder,no,196,128,128,13824,13824,0,3456,1,1,0,0,0,0,8.0000,8.0000,stages.4.1.transformer.1.attn.proj_drop,Dropout,torch_hooks,local torch/timm hook trace; not edge evidence
MobileViT-XXS,mobilevit_xxs,1x3x192x192,mps,fp32,stages,attention_score,QK^T,PDPU-extension candidate,extension,9,96,128,27648,5184,0,1296,1,1,0,0,31104,0,0.0148,0.0148,stages.4.1.transformer.1.attn.attention_score,Attention(function-level inferred),torch_hooks_shape_inferred,"local attention-module shape-derived function-op estimate; extension scenario only, not measured HPAT execution"
MobileViT-XXS,mobilevit_xxs,1x3x192x192,mps,fp32,stages,attention_value,Attention x V,PDPU-extension candidate,extension,9,96,128,19008,13824,0,3456,1,1,0,0,31104,0,0.0148,0.0148,stages.4.1.transformer.1.attn.attention_value,Attention(function-level inferred),torch_hooks_shape_inferred,"local attention-module shape-derived function-op estimate; extension scenario only, not measured HPAT execution"
MobileViT-XXS,mobilevit_xxs,1x3x192x192,mps,fp32,stages,control_residual,Identity,electronic remainder,no,196,128,128,13824,13824,0,3456,1,1,0,0,0,0,8.0000,8.0000,stages.4.1.transformer.1.ls1,Identity,torch_hooks,local torch/timm hook trace; not edge evidence
MobileViT-XXS,mobilevit_xxs,1x3x192x192,mps,fp32,stages,control_residual,Identity,electronic remainder,no,196,128,128,13824,13824,0,3456,1,1,0,0,0,0,8.0000,8.0000,stages.4.1.transformer.1.drop_path1,Identity,torch_hooks,local torch/timm hook trace; not edge evidence
MobileViT-XXS,mobilevit_xxs,1x3x192x192,mps,fp32,stages,normalization_softmax_activation,LayerNorm,electronic remainder,no,196,128,128,13824,13824,768,3456,1,1,0,0,0,3456,8.0000,8.0000,stages.4.1.transformer.1.norm2,LayerNorm,torch_hooks,local torch/timm hook trace; not edge evidence
MobileViT-XXS,mobilevit_xxs,1x3x192x192,mps,fp32,stages,ffn_linear,Linear,PDPU-candidate linear/MVM,yes,196,128,128,13824,27648,74496,6912,1,1,96,192,663552,0,0.3159,0.3159,stages.4.1.transformer.1.mlp.fc1,Linear,torch_hooks,local torch/timm hook trace; not edge evidence
MobileViT-XXS,mobilevit_xxs,1x3x192x192,mps,fp32,stages,normalization_softmax_activation,SiLU,electronic remainder,no,196,128,128,27648,27648,0,6912,1,1,0,0,0,6912,8.0000,8.0000,stages.4.1.transformer.1.mlp.act,SiLU,torch_hooks,local torch/timm hook trace; not edge evidence
MobileViT-XXS,mobilevit_xxs,1x3x192x192,mps,fp32,stages,control_residual,Dropout,electronic remainder,no,196,128,128,27648,27648,0,6912,1,1,0,0,0,0,8.0000,8.0000,stages.4.1.transformer.1.mlp.drop1,Dropout,torch_hooks,local torch/timm hook trace; not edge evidence
MobileViT-XXS,mobilevit_xxs,1x3x192x192,mps,fp32,stages,normalization_softmax_activation,Identity,electronic remainder,no,196,128,128,27648,27648,0,6912,1,1,0,0,0,6912,8.0000,8.0000,stages.4.1.transformer.1.mlp.norm,Identity,torch_hooks,local torch/timm hook trace; not edge evidence
MobileViT-XXS,mobilevit_xxs,1x3x192x192,mps,fp32,stages,ffn_linear,Linear,PDPU-candidate linear/MVM,yes,196,128,128,27648,13824,74112,3456,1,1,192,96,663552,0,0.3159,0.3159,stages.4.1.transformer.1.mlp.fc2,Linear,torch_hooks,local torch/timm hook trace; not edge evidence
MobileViT-XXS,mobilevit_xxs,1x3x192x192,mps,fp32,stages,control_residual,Dropout,electronic remainder,no,196,128,128,13824,13824,0,3456,1,1,0,0,0,0,8.0000,8.0000,stages.4.1.transformer.1.mlp.drop2,Dropout,torch_hooks,local torch/timm hook trace; not edge evidence
MobileViT-XXS,mobilevit_xxs,1x3x192x192,mps,fp32,stages,control_residual,Identity,electronic remainder,no,196,128,128,13824,13824,0,3456,1,1,0,0,0,0,8.0000,8.0000,stages.4.1.transformer.1.ls2,Identity,torch_hooks,local torch/timm hook trace; not edge evidence
MobileViT-XXS,mobilevit_xxs,1x3x192x192,mps,fp32,stages,control_residual,Identity,electronic remainder,no,196,128,128,13824,13824,0,3456,1,1,0,0,0,0,8.0000,8.0000,stages.4.1.transformer.1.drop_path2,Identity,torch_hooks,local torch/timm hook trace; not edge evidence
MobileViT-XXS,mobilevit_xxs,1x3x192x192,mps,fp32,stages,normalization_softmax_activation,LayerNorm,electronic remainder,no,196,128,128,13824,13824,768,3456,1,1,0,0,0,3456,8.0000,8.0000,stages.4.1.transformer.2.norm1,LayerNorm,torch_hooks,local torch/timm hook trace; not edge evidence
MobileViT-XXS,mobilevit_xxs,1x3x192x192,mps,fp32,stages,qkv_projection,Linear,PDPU-candidate linear/MVM,yes,196,128,128,13824,41472,111744,10368,1,1,96,288,995328,0,0.4739,0.4739,stages.4.1.transformer.2.attn.qkv,Linear,torch_hooks,local torch/timm hook trace; not edge evidence
MobileViT-XXS,mobilevit_xxs,1x3x192x192,mps,fp32,stages,normalization_softmax_activation,Identity,electronic remainder,no,196,128,128,13824,13824,0,3456,1,1,0,0,0,3456,8.0000,8.0000,stages.4.1.transformer.2.attn.q_norm,Identity,torch_hooks,local torch/timm hook trace; not edge evidence
MobileViT-XXS,mobilevit_xxs,1x3x192x192,mps,fp32,stages,normalization_softmax_activation,Identity,electronic remainder,no,196,128,128,13824,13824,0,3456,1,1,0,0,0,3456,8.0000,8.0000,stages.4.1.transformer.2.attn.k_norm,Identity,torch_hooks,local torch/timm hook trace; not edge evidence
MobileViT-XXS,mobilevit_xxs,1x3x192x192,mps,fp32,stages,normalization_softmax_activation,Identity,electronic remainder,no,196,128,128,13824,13824,0,3456,1,1,0,0,0,3456,8.0000,8.0000,stages.4.1.transformer.2.attn.norm,Identity,torch_hooks,local torch/timm hook trace; not edge evidence
MobileViT-XXS,mobilevit_xxs,1x3x192x192,mps,fp32,stages,attention_output_projection,Linear,PDPU-candidate linear/MVM,yes,196,128,128,13824,13824,37248,3456,1,1,96,96,331776,0,0.1580,0.1580,stages.4.1.transformer.2.attn.proj,Linear,torch_hooks,local torch/timm hook trace; not edge evidence
MobileViT-XXS,mobilevit_xxs,1x3x192x192,mps,fp32,stages,control_residual,Dropout,electronic remainder,no,196,128,128,13824,13824,0,3456,1,1,0,0,0,0,8.0000,8.0000,stages.4.1.transformer.2.attn.proj_drop,Dropout,torch_hooks,local torch/timm hook trace; not edge evidence
MobileViT-XXS,mobilevit_xxs,1x3x192x192,mps,fp32,stages,attention_score,QK^T,PDPU-extension candidate,extension,9,96,128,27648,5184,0,1296,1,1,0,0,31104,0,0.0148,0.0148,stages.4.1.transformer.2.attn.attention_score,Attention(function-level inferred),torch_hooks_shape_inferred,"local attention-module shape-derived function-op estimate; extension scenario only, not measured HPAT execution"
MobileViT-XXS,mobilevit_xxs,1x3x192x192,mps,fp32,stages,attention_value,Attention x V,PDPU-extension candidate,extension,9,96,128,19008,13824,0,3456,1,1,0,0,31104,0,0.0148,0.0148,stages.4.1.transformer.2.attn.attention_value,Attention(function-level inferred),torch_hooks_shape_inferred,"local attention-module shape-derived function-op estimate; extension scenario only, not measured HPAT execution"
MobileViT-XXS,mobilevit_xxs,1x3x192x192,mps,fp32,stages,control_residual,Identity,electronic remainder,no,196,128,128,13824,13824,0,3456,1,1,0,0,0,0,8.0000,8.0000,stages.4.1.transformer.2.ls1,Identity,torch_hooks,local torch/timm hook trace; not edge evidence
MobileViT-XXS,mobilevit_xxs,1x3x192x192,mps,fp32,stages,control_residual,Identity,electronic remainder,no,196,128,128,13824,13824,0,3456,1,1,0,0,0,0,8.0000,8.0000,stages.4.1.transformer.2.drop_path1,Identity,torch_hooks,local torch/timm hook trace; not edge evidence
MobileViT-XXS,mobilevit_xxs,1x3x192x192,mps,fp32,stages,normalization_softmax_activation,LayerNorm,electronic remainder,no,196,128,128,13824,13824,768,3456,1,1,0,0,0,3456,8.0000,8.0000,stages.4.1.transformer.2.norm2,LayerNorm,torch_hooks,local torch/timm hook trace; not edge evidence
MobileViT-XXS,mobilevit_xxs,1x3x192x192,mps,fp32,stages,ffn_linear,Linear,PDPU-candidate linear/MVM,yes,196,128,128,13824,27648,74496,6912,1,1,96,192,663552,0,0.3159,0.3159,stages.4.1.transformer.2.mlp.fc1,Linear,torch_hooks,local torch/timm hook trace; not edge evidence
MobileViT-XXS,mobilevit_xxs,1x3x192x192,mps,fp32,stages,normalization_softmax_activation,SiLU,electronic remainder,no,196,128,128,27648,27648,0,6912,1,1,0,0,0,6912,8.0000,8.0000,stages.4.1.transformer.2.mlp.act,SiLU,torch_hooks,local torch/timm hook trace; not edge evidence
MobileViT-XXS,mobilevit_xxs,1x3x192x192,mps,fp32,stages,control_residual,Dropout,electronic remainder,no,196,128,128,27648,27648,0,6912,1,1,0,0,0,0,8.0000,8.0000,stages.4.1.transformer.2.mlp.drop1,Dropout,torch_hooks,local torch/timm hook trace; not edge evidence
MobileViT-XXS,mobilevit_xxs,1x3x192x192,mps,fp32,stages,normalization_softmax_activation,Identity,electronic remainder,no,196,128,128,27648,27648,0,6912,1,1,0,0,0,6912,8.0000,8.0000,stages.4.1.transformer.2.mlp.norm,Identity,torch_hooks,local torch/timm hook trace; not edge evidence
MobileViT-XXS,mobilevit_xxs,1x3x192x192,mps,fp32,stages,ffn_linear,Linear,PDPU-candidate linear/MVM,yes,196,128,128,27648,13824,74112,3456,1,1,192,96,663552,0,0.3159,0.3159,stages.4.1.transformer.2.mlp.fc2,Linear,torch_hooks,local torch/timm hook trace; not edge evidence
MobileViT-XXS,mobilevit_xxs,1x3x192x192,mps,fp32,stages,control_residual,Dropout,electronic remainder,no,196,128,128,13824,13824,0,3456,1,1,0,0,0,0,8.0000,8.0000,stages.4.1.transformer.2.mlp.drop2,Dropout,torch_hooks,local torch/timm hook trace; not edge evidence
MobileViT-XXS,mobilevit_xxs,1x3x192x192,mps,fp32,stages,control_residual,Identity,electronic remainder,no,196,128,128,13824,13824,0,3456,1,1,0,0,0,0,8.0000,8.0000,stages.4.1.transformer.2.ls2,Identity,torch_hooks,local torch/timm hook trace; not edge evidence
MobileViT-XXS,mobilevit_xxs,1x3x192x192,mps,fp32,stages,control_residual,Identity,electronic remainder,no,196,128,128,13824,13824,0,3456,1,1,0,0,0,0,8.0000,8.0000,stages.4.1.transformer.2.drop_path2,Identity,torch_hooks,local torch/timm hook trace; not edge evidence
MobileViT-XXS,mobilevit_xxs,1x3x192x192,mps,fp32,stages,normalization_softmax_activation,LayerNorm,electronic remainder,no,196,128,128,13824,13824,768,3456,1,1,0,0,0,3456,8.0000,8.0000,stages.4.1.norm,LayerNorm,torch_hooks,local torch/timm hook trace; not edge evidence
MobileViT-XXS,mobilevit_xxs,1x3x192x192,mps,fp32,stages,pointwise_conv,Conv2d 1x1,PDPU-extension candidate,extension,196,128,128,13824,11520,30720,2880,1,1,96,80,276480,0,0.1316,0.1316,stages.4.1.conv_proj.conv,Conv2d,torch_hooks,local torch/timm hook trace; not edge evidence
MobileViT-XXS,mobilevit_xxs,1x3x192x192,mps,fp32,stages,control_residual,Identity,electronic remainder,no,196,128,128,11520,11520,0,2880,1,1,0,0,0,0,8.0000,8.0000,stages.4.1.conv_proj.bn.drop,Identity,torch_hooks,local torch/timm hook trace; not edge evidence
MobileViT-XXS,mobilevit_xxs,1x3x192x192,mps,fp32,stages,normalization_softmax_activation,SiLU,electronic remainder,no,196,128,128,11520,11520,0,2880,1,1,0,0,0,2880,8.0000,8.0000,stages.4.1.conv_proj.bn.act,SiLU,torch_hooks,local torch/timm hook trace; not edge evidence
MobileViT-XXS,mobilevit_xxs,1x3x192x192,mps,fp32,stages,spatial_conv,Conv2d 3x3,PDPU-extension candidate,extension,196,128,128,23040,11520,460800,2880,9,1,160,80,4147200,0,1.9745,1.9745,stages.4.1.conv_fusion.conv,Conv2d,torch_hooks,local torch/timm hook trace; not edge evidence
MobileViT-XXS,mobilevit_xxs,1x3x192x192,mps,fp32,stages,control_residual,Identity,electronic remainder,no,196,128,128,11520,11520,0,2880,1,1,0,0,0,0,8.0000,8.0000,stages.4.1.conv_fusion.bn.drop,Identity,torch_hooks,local torch/timm hook trace; not edge evidence
MobileViT-XXS,mobilevit_xxs,1x3x192x192,mps,fp32,stages,normalization_softmax_activation,SiLU,electronic remainder,no,196,128,128,11520,11520,0,2880,1,1,0,0,0,2880,8.0000,8.0000,stages.4.1.conv_fusion.bn.act,SiLU,torch_hooks,local torch/timm hook trace; not edge evidence
MobileViT-XXS,mobilevit_xxs,1x3x192x192,mps,fp32,final_conv,pointwise_conv,Conv2d 1x1,PDPU-extension candidate,extension,196,128,128,11520,46080,102400,11520,1,1,80,320,921600,0,0.4388,0.4388,final_conv.conv,Conv2d,torch_hooks,local torch/timm hook trace; not edge evidence
MobileViT-XXS,mobilevit_xxs,1x3x192x192,mps,fp32,final_conv,control_residual,Identity,electronic remainder,no,196,128,128,46080,46080,0,11520,1,1,0,0,0,0,8.0000,8.0000,final_conv.bn.drop,Identity,torch_hooks,local torch/timm hook trace; not edge evidence
MobileViT-XXS,mobilevit_xxs,1x3x192x192,mps,fp32,final_conv,normalization_softmax_activation,SiLU,electronic remainder,no,196,128,128,46080,46080,0,11520,1,1,0,0,0,11520,8.0000,8.0000,final_conv.bn.act,SiLU,torch_hooks,local torch/timm hook trace; not edge evidence
MobileViT-XXS,mobilevit_xxs,1x3x192x192,mps,fp32,head,control_residual,AdaptiveAvgPool2d,electronic remainder,no,196,128,128,46080,1280,0,320,1,1,0,0,0,0,8.0000,8.0000,head.global_pool.pool,AdaptiveAvgPool2d,torch_hooks,local torch/timm hook trace; not edge evidence
MobileViT-XXS,mobilevit_xxs,1x3x192x192,mps,fp32,head,control_residual,Flatten,electronic remainder,no,196,128,128,1280,1280,0,320,1,1,0,0,0,0,8.0000,8.0000,head.global_pool.flatten,Flatten,torch_hooks,local torch/timm hook trace; not edge evidence
MobileViT-XXS,mobilevit_xxs,1x3x192x192,mps,fp32,head,control_residual,Dropout,electronic remainder,no,196,128,128,1280,1280,0,320,1,1,0,0,0,0,8.0000,8.0000,head.drop,Dropout,torch_hooks,local torch/timm hook trace; not edge evidence
MobileViT-XXS,mobilevit_xxs,1x3x192x192,mps,fp32,head,classifier_linear,Linear,PDPU-candidate linear/MVM,yes,196,128,128,1280,4000,1284000,1000,1,1,320,1000,320000,0,0.1524,0.1524,head.fc,Linear,torch_hooks,local torch/timm hook trace; not edge evidence
MobileViT-XXS,mobilevit_xxs,1x3x192x192,mps,fp32,head,control_residual,Identity,electronic remainder,no,196,128,128,4000,4000,0,1000,1,1,0,0,0,0,8.0000,8.0000,head.flatten,Identity,torch_hooks,local torch/timm hook trace; not edge evidence
MobileViT-XS,mobilevit_xs,1x3x224x224,mps,fp32,stem,spatial_conv,Conv2d 3x3,PDPU-extension candidate,extension,196,192,192,602112,802816,1728,200704,9,1,3,16,5419008,0,0.7016,0.7016,stem.conv,Conv2d,torch_hooks,local torch/timm hook trace; not edge evidence
MobileViT-XS,mobilevit_xs,1x3x224x224,mps,fp32,stem,control_residual,Identity,electronic remainder,no,196,192,192,802816,802816,0,200704,1,1,0,0,0,0,8.0000,8.0000,stem.bn.drop,Identity,torch_hooks,local torch/timm hook trace; not edge evidence
MobileViT-XS,mobilevit_xs,1x3x224x224,mps,fp32,stem,normalization_softmax_activation,SiLU,electronic remainder,no,196,192,192,802816,802816,0,200704,1,1,0,0,0,200704,8.0000,8.0000,stem.bn.act,SiLU,torch_hooks,local torch/timm hook trace; not edge evidence
MobileViT-XS,mobilevit_xs,1x3x224x224,mps,fp32,stages,pointwise_conv,Conv2d 1x1,PDPU-extension candidate,extension,196,192,192,802816,3211264,4096,802816,1,1,16,64,12845056,0,1.6631,1.6631,stages.0.0.conv1_1x1.conv,Conv2d,torch_hooks,local torch/timm hook trace; not edge evidence
MobileViT-XS,mobilevit_xs,1x3x224x224,mps,fp32,stages,control_residual,Identity,electronic remainder,no,196,192,192,3211264,3211264,0,802816,1,1,0,0,0,0,8.0000,8.0000,stages.0.0.conv1_1x1.bn.drop,Identity,torch_hooks,local torch/timm hook trace; not edge evidence
MobileViT-XS,mobilevit_xs,1x3x224x224,mps,fp32,stages,normalization_softmax_activation,SiLU,electronic remainder,no,196,192,192,3211264,3211264,0,802816,1,1,0,0,0,802816,8.0000,8.0000,stages.0.0.conv1_1x1.bn.act,SiLU,torch_hooks,local torch/timm hook trace; not edge evidence
MobileViT-XS,mobilevit_xs,1x3x224x224,mps,fp32,stages,depthwise_conv,Depthwise Conv2d 3x3,PDPU-extension candidate,extension,196,192,192,3211264,3211264,2304,802816,9,64,64,64,7225344,0,0.9355,0.9355,stages.0.0.conv2_kxk.conv,Conv2d,torch_hooks,local torch/timm hook trace; not edge evidence
MobileViT-XS,mobilevit_xs,1x3x224x224,mps,fp32,stages,control_residual,Identity,electronic remainder,no,196,192,192,3211264,3211264,0,802816,1,1,0,0,0,0,8.0000,8.0000,stages.0.0.conv2_kxk.bn.drop,Identity,torch_hooks,local torch/timm hook trace; not edge evidence
MobileViT-XS,mobilevit_xs,1x3x224x224,mps,fp32,stages,normalization_softmax_activation,SiLU,electronic remainder,no,196,192,192,3211264,3211264,0,802816,1,1,0,0,0,802816,8.0000,8.0000,stages.0.0.conv2_kxk.bn.act,SiLU,torch_hooks,local torch/timm hook trace; not edge evidence
MobileViT-XS,mobilevit_xs,1x3x224x224,mps,fp32,stages,control_residual,Identity,electronic remainder,no,196,192,192,3211264,3211264,0,802816,1,1,0,0,0,0,8.0000,8.0000,stages.0.0.conv2b_kxk,Identity,torch_hooks,local torch/timm hook trace; not edge evidence
MobileViT-XS,mobilevit_xs,1x3x224x224,mps,fp32,stages,control_residual,Identity,electronic remainder,no,196,192,192,3211264,3211264,0,802816,1,1,0,0,0,0,8.0000,8.0000,stages.0.0.attn,Identity,torch_hooks,local torch/timm hook trace; not edge evidence
MobileViT-XS,mobilevit_xs,1x3x224x224,mps,fp32,stages,pointwise_conv,Conv2d 1x1,PDPU-extension candidate,extension,196,192,192,3211264,1605632,8192,401408,1,1,64,32,25690112,0,3.3263,3.3263,stages.0.0.conv3_1x1.conv,Conv2d,torch_hooks,local torch/timm hook trace; not edge evidence
MobileViT-XS,mobilevit_xs,1x3x224x224,mps,fp32,stages,control_residual,Identity,electronic remainder,no,196,192,192,1605632,1605632,0,401408,1,1,0,0,0,0,8.0000,8.0000,stages.0.0.conv3_1x1.bn.drop,Identity,torch_hooks,local torch/timm hook trace; not edge evidence
MobileViT-XS,mobilevit_xs,1x3x224x224,mps,fp32,stages,normalization_softmax_activation,Identity,electronic remainder,no,196,192,192,1605632,1605632,0,401408,1,1,0,0,0,401408,8.0000,8.0000,stages.0.0.conv3_1x1.bn.act,Identity,torch_hooks,local torch/timm hook trace; not edge evidence
MobileViT-XS,mobilevit_xs,1x3x224x224,mps,fp32,stages,control_residual,Identity,electronic remainder,no,196,192,192,1605632,1605632,0,401408,1,1,0,0,0,0,8.0000,8.0000,stages.0.0.attn_last,Identity,torch_hooks,local torch/timm hook trace; not edge evidence
MobileViT-XS,mobilevit_xs,1x3x224x224,mps,fp32,stages,control_residual,Identity,electronic remainder,no,196,192,192,1605632,1605632,0,401408,1,1,0,0,0,0,8.0000,8.0000,stages.0.0.drop_path,Identity,torch_hooks,local torch/timm hook trace; not edge evidence
MobileViT-XS,mobilevit_xs,1x3x224x224,mps,fp32,stages,normalization_softmax_activation,Identity,electronic remainder,no,196,192,192,1605632,1605632,0,401408,1,1,0,0,0,401408,8.0000,8.0000,stages.0.0.act,Identity,torch_hooks,local torch/timm hook trace; not edge evidence
MobileViT-XS,mobilevit_xs,1x3x224x224,mps,fp32,stages,pointwise_conv,Conv2d 1x1,PDPU-extension candidate,extension,196,192,192,1605632,6422528,16384,1605632,1,1,32,128,51380224,0,6.6525,6.6525,stages.1.0.conv1_1x1.conv,Conv2d,torch_hooks,local torch/timm hook trace; not edge evidence
MobileViT-XS,mobilevit_xs,1x3x224x224,mps,fp32,stages,control_residual,Identity,electronic remainder,no,196,192,192,6422528,6422528,0,1605632,1,1,0,0,0,0,8.0000,8.0000,stages.1.0.conv1_1x1.bn.drop,Identity,torch_hooks,local torch/timm hook trace; not edge evidence
MobileViT-XS,mobilevit_xs,1x3x224x224,mps,fp32,stages,normalization_softmax_activation,SiLU,electronic remainder,no,196,192,192,6422528,6422528,0,1605632,1,1,0,0,0,1605632,8.0000,8.0000,stages.1.0.conv1_1x1.bn.act,SiLU,torch_hooks,local torch/timm hook trace; not edge evidence
MobileViT-XS,mobilevit_xs,1x3x224x224,mps,fp32,stages,depthwise_conv,Depthwise Conv2d 3x3,PDPU-extension candidate,extension,196,192,192,6422528,1605632,4608,401408,9,128,128,128,3612672,0,0.4678,0.4678,stages.1.0.conv2_kxk.conv,Conv2d,torch_hooks,local torch/timm hook trace; not edge evidence
MobileViT-XS,mobilevit_xs,1x3x224x224,mps,fp32,stages,control_residual,Identity,electronic remainder,no,196,192,192,1605632,1605632,0,401408,1,1,0,0,0,0,8.0000,8.0000,stages.1.0.conv2_kxk.bn.drop,Identity,torch_hooks,local torch/timm hook trace; not edge evidence
MobileViT-XS,mobilevit_xs,1x3x224x224,mps,fp32,stages,normalization_softmax_activation,SiLU,electronic remainder,no,196,192,192,1605632,1605632,0,401408,1,1,0,0,0,401408,8.0000,8.0000,stages.1.0.conv2_kxk.bn.act,SiLU,torch_hooks,local torch/timm hook trace; not edge evidence
MobileViT-XS,mobilevit_xs,1x3x224x224,mps,fp32,stages,control_residual,Identity,electronic remainder,no,196,192,192,1605632,1605632,0,401408,1,1,0,0,0,0,8.0000,8.0000,stages.1.0.conv2b_kxk,Identity,torch_hooks,local torch/timm hook trace; not edge evidence
MobileViT-XS,mobilevit_xs,1x3x224x224,mps,fp32,stages,control_residual,Identity,electronic remainder,no,196,192,192,1605632,1605632,0,401408,1,1,0,0,0,0,8.0000,8.0000,stages.1.0.attn,Identity,torch_hooks,local torch/timm hook trace; not edge evidence
MobileViT-XS,mobilevit_xs,1x3x224x224,mps,fp32,stages,pointwise_conv,Conv2d 1x1,PDPU-extension candidate,extension,196,192,192,1605632,602112,24576,150528,1,1,128,48,19267584,0,2.4947,2.4947,stages.1.0.conv3_1x1.conv,Conv2d,torch_hooks,local torch/timm hook trace; not edge evidence
MobileViT-XS,mobilevit_xs,1x3x224x224,mps,fp32,stages,control_residual,Identity,electronic remainder,no,196,192,192,602112,602112,0,150528,1,1,0,0,0,0,8.0000,8.0000,stages.1.0.conv3_1x1.bn.drop,Identity,torch_hooks,local torch/timm hook trace; not edge evidence
MobileViT-XS,mobilevit_xs,1x3x224x224,mps,fp32,stages,normalization_softmax_activation,Identity,electronic remainder,no,196,192,192,602112,602112,0,150528,1,1,0,0,0,150528,8.0000,8.0000,stages.1.0.conv3_1x1.bn.act,Identity,torch_hooks,local torch/timm hook trace; not edge evidence
MobileViT-XS,mobilevit_xs,1x3x224x224,mps,fp32,stages,control_residual,Identity,electronic remainder,no,196,192,192,602112,602112,0,150528,1,1,0,0,0,0,8.0000,8.0000,stages.1.0.attn_last,Identity,torch_hooks,local torch/timm hook trace; not edge evidence
MobileViT-XS,mobilevit_xs,1x3x224x224,mps,fp32,stages,control_residual,Identity,electronic remainder,no,196,192,192,602112,602112,0,150528,1,1,0,0,0,0,8.0000,8.0000,stages.1.0.drop_path,Identity,torch_hooks,local torch/timm hook trace; not edge evidence
MobileViT-XS,mobilevit_xs,1x3x224x224,mps,fp32,stages,normalization_softmax_activation,Identity,electronic remainder,no,196,192,192,602112,602112,0,150528,1,1,0,0,0,150528,8.0000,8.0000,stages.1.0.act,Identity,torch_hooks,local torch/timm hook trace; not edge evidence
MobileViT-XS,mobilevit_xs,1x3x224x224,mps,fp32,stages,pointwise_conv,Conv2d 1x1,PDPU-extension candidate,extension,196,192,192,602112,2408448,36864,602112,1,1,48,192,28901376,0,3.7421,3.7421,stages.1.1.conv1_1x1.conv,Conv2d,torch_hooks,local torch/timm hook trace; not edge evidence
MobileViT-XS,mobilevit_xs,1x3x224x224,mps,fp32,stages,control_residual,Identity,electronic remainder,no,196,192,192,2408448,2408448,0,602112,1,1,0,0,0,0,8.0000,8.0000,stages.1.1.conv1_1x1.bn.drop,Identity,torch_hooks,local torch/timm hook trace; not edge evidence
MobileViT-XS,mobilevit_xs,1x3x224x224,mps,fp32,stages,normalization_softmax_activation,SiLU,electronic remainder,no,196,192,192,2408448,2408448,0,602112,1,1,0,0,0,602112,8.0000,8.0000,stages.1.1.conv1_1x1.bn.act,SiLU,torch_hooks,local torch/timm hook trace; not edge evidence
MobileViT-XS,mobilevit_xs,1x3x224x224,mps,fp32,stages,depthwise_conv,Depthwise Conv2d 3x3,PDPU-extension candidate,extension,196,192,192,2408448,2408448,6912,602112,9,192,192,192,5419008,0,0.7016,0.7016,stages.1.1.conv2_kxk.conv,Conv2d,torch_hooks,local torch/timm hook trace; not edge evidence
MobileViT-XS,mobilevit_xs,1x3x224x224,mps,fp32,stages,control_residual,Identity,electronic remainder,no,196,192,192,2408448,2408448,0,602112,1,1,0,0,0,0,8.0000,8.0000,stages.1.1.conv2_kxk.bn.drop,Identity,torch_hooks,local torch/timm hook trace; not edge evidence
MobileViT-XS,mobilevit_xs,1x3x224x224,mps,fp32,stages,normalization_softmax_activation,SiLU,electronic remainder,no,196,192,192,2408448,2408448,0,602112,1,1,0,0,0,602112,8.0000,8.0000,stages.1.1.conv2_kxk.bn.act,SiLU,torch_hooks,local torch/timm hook trace; not edge evidence
MobileViT-XS,mobilevit_xs,1x3x224x224,mps,fp32,stages,control_residual,Identity,electronic remainder,no,196,192,192,2408448,2408448,0,602112,1,1,0,0,0,0,8.0000,8.0000,stages.1.1.conv2b_kxk,Identity,torch_hooks,local torch/timm hook trace; not edge evidence
MobileViT-XS,mobilevit_xs,1x3x224x224,mps,fp32,stages,control_residual,Identity,electronic remainder,no,196,192,192,2408448,2408448,0,602112,1,1,0,0,0,0,8.0000,8.0000,stages.1.1.attn,Identity,torch_hooks,local torch/timm hook trace; not edge evidence
MobileViT-XS,mobilevit_xs,1x3x224x224,mps,fp32,stages,pointwise_conv,Conv2d 1x1,PDPU-extension candidate,extension,196,192,192,2408448,602112,36864,150528,1,1,192,48,28901376,0,3.7421,3.7421,stages.1.1.conv3_1x1.conv,Conv2d,torch_hooks,local torch/timm hook trace; not edge evidence
MobileViT-XS,mobilevit_xs,1x3x224x224,mps,fp32,stages,control_residual,Identity,electronic remainder,no,196,192,192,602112,602112,0,150528,1,1,0,0,0,0,8.0000,8.0000,stages.1.1.conv3_1x1.bn.drop,Identity,torch_hooks,local torch/timm hook trace; not edge evidence
MobileViT-XS,mobilevit_xs,1x3x224x224,mps,fp32,stages,normalization_softmax_activation,Identity,electronic remainder,no,196,192,192,602112,602112,0,150528,1,1,0,0,0,150528,8.0000,8.0000,stages.1.1.conv3_1x1.bn.act,Identity,torch_hooks,local torch/timm hook trace; not edge evidence
MobileViT-XS,mobilevit_xs,1x3x224x224,mps,fp32,stages,control_residual,Identity,electronic remainder,no,196,192,192,602112,602112,0,150528,1,1,0,0,0,0,8.0000,8.0000,stages.1.1.attn_last,Identity,torch_hooks,local torch/timm hook trace; not edge evidence
MobileViT-XS,mobilevit_xs,1x3x224x224,mps,fp32,stages,control_residual,Identity,electronic remainder,no,196,192,192,602112,602112,0,150528,1,1,0,0,0,0,8.0000,8.0000,stages.1.1.drop_path,Identity,torch_hooks,local torch/timm hook trace; not edge evidence
MobileViT-XS,mobilevit_xs,1x3x224x224,mps,fp32,stages,control_residual,Identity,electronic remainder,no,196,192,192,602112,602112,0,150528,1,1,0,0,0,0,8.0000,8.0000,stages.1.1.shortcut,Identity,torch_hooks,local torch/timm hook trace; not edge evidence
MobileViT-XS,mobilevit_xs,1x3x224x224,mps,fp32,stages,normalization_softmax_activation,Identity,electronic remainder,no,196,192,192,602112,602112,0,150528,1,1,0,0,0,150528,8.0000,8.0000,stages.1.1.act,Identity,torch_hooks,local torch/timm hook trace; not edge evidence
MobileViT-XS,mobilevit_xs,1x3x224x224,mps,fp32,stages,pointwise_conv,Conv2d 1x1,PDPU-extension candidate,extension,196,192,192,602112,2408448,36864,602112,1,1,48,192,28901376,0,3.7421,3.7421,stages.1.2.conv1_1x1.conv,Conv2d,torch_hooks,local torch/timm hook trace; not edge evidence
MobileViT-XS,mobilevit_xs,1x3x224x224,mps,fp32,stages,control_residual,Identity,electronic remainder,no,196,192,192,2408448,2408448,0,602112,1,1,0,0,0,0,8.0000,8.0000,stages.1.2.conv1_1x1.bn.drop,Identity,torch_hooks,local torch/timm hook trace; not edge evidence
MobileViT-XS,mobilevit_xs,1x3x224x224,mps,fp32,stages,normalization_softmax_activation,SiLU,electronic remainder,no,196,192,192,2408448,2408448,0,602112,1,1,0,0,0,602112,8.0000,8.0000,stages.1.2.conv1_1x1.bn.act,SiLU,torch_hooks,local torch/timm hook trace; not edge evidence
MobileViT-XS,mobilevit_xs,1x3x224x224,mps,fp32,stages,depthwise_conv,Depthwise Conv2d 3x3,PDPU-extension candidate,extension,196,192,192,2408448,2408448,6912,602112,9,192,192,192,5419008,0,0.7016,0.7016,stages.1.2.conv2_kxk.conv,Conv2d,torch_hooks,local torch/timm hook trace; not edge evidence
MobileViT-XS,mobilevit_xs,1x3x224x224,mps,fp32,stages,control_residual,Identity,electronic remainder,no,196,192,192,2408448,2408448,0,602112,1,1,0,0,0,0,8.0000,8.0000,stages.1.2.conv2_kxk.bn.drop,Identity,torch_hooks,local torch/timm hook trace; not edge evidence
MobileViT-XS,mobilevit_xs,1x3x224x224,mps,fp32,stages,normalization_softmax_activation,SiLU,electronic remainder,no,196,192,192,2408448,2408448,0,602112,1,1,0,0,0,602112,8.0000,8.0000,stages.1.2.conv2_kxk.bn.act,SiLU,torch_hooks,local torch/timm hook trace; not edge evidence
MobileViT-XS,mobilevit_xs,1x3x224x224,mps,fp32,stages,control_residual,Identity,electronic remainder,no,196,192,192,2408448,2408448,0,602112,1,1,0,0,0,0,8.0000,8.0000,stages.1.2.conv2b_kxk,Identity,torch_hooks,local torch/timm hook trace; not edge evidence
MobileViT-XS,mobilevit_xs,1x3x224x224,mps,fp32,stages,control_residual,Identity,electronic remainder,no,196,192,192,2408448,2408448,0,602112,1,1,0,0,0,0,8.0000,8.0000,stages.1.2.attn,Identity,torch_hooks,local torch/timm hook trace; not edge evidence
MobileViT-XS,mobilevit_xs,1x3x224x224,mps,fp32,stages,pointwise_conv,Conv2d 1x1,PDPU-extension candidate,extension,196,192,192,2408448,602112,36864,150528,1,1,192,48,28901376,0,3.7421,3.7421,stages.1.2.conv3_1x1.conv,Conv2d,torch_hooks,local torch/timm hook trace; not edge evidence
MobileViT-XS,mobilevit_xs,1x3x224x224,mps,fp32,stages,control_residual,Identity,electronic remainder,no,196,192,192,602112,602112,0,150528,1,1,0,0,0,0,8.0000,8.0000,stages.1.2.conv3_1x1.bn.drop,Identity,torch_hooks,local torch/timm hook trace; not edge evidence
MobileViT-XS,mobilevit_xs,1x3x224x224,mps,fp32,stages,normalization_softmax_activation,Identity,electronic remainder,no,196,192,192,602112,602112,0,150528,1,1,0,0,0,150528,8.0000,8.0000,stages.1.2.conv3_1x1.bn.act,Identity,torch_hooks,local torch/timm hook trace; not edge evidence
MobileViT-XS,mobilevit_xs,1x3x224x224,mps,fp32,stages,control_residual,Identity,electronic remainder,no,196,192,192,602112,602112,0,150528,1,1,0,0,0,0,8.0000,8.0000,stages.1.2.attn_last,Identity,torch_hooks,local torch/timm hook trace; not edge evidence
MobileViT-XS,mobilevit_xs,1x3x224x224,mps,fp32,stages,control_residual,Identity,electronic remainder,no,196,192,192,602112,602112,0,150528,1,1,0,0,0,0,8.0000,8.0000,stages.1.2.drop_path,Identity,torch_hooks,local torch/timm hook trace; not edge evidence
MobileViT-XS,mobilevit_xs,1x3x224x224,mps,fp32,stages,control_residual,Identity,electronic remainder,no,196,192,192,602112,602112,0,150528,1,1,0,0,0,0,8.0000,8.0000,stages.1.2.shortcut,Identity,torch_hooks,local torch/timm hook trace; not edge evidence
MobileViT-XS,mobilevit_xs,1x3x224x224,mps,fp32,stages,normalization_softmax_activation,Identity,electronic remainder,no,196,192,192,602112,602112,0,150528,1,1,0,0,0,150528,8.0000,8.0000,stages.1.2.act,Identity,torch_hooks,local torch/timm hook trace; not edge evidence
MobileViT-XS,mobilevit_xs,1x3x224x224,mps,fp32,stages,pointwise_conv,Conv2d 1x1,PDPU-extension candidate,extension,196,192,192,602112,2408448,36864,602112,1,1,48,192,28901376,0,3.7421,3.7421,stages.2.0.conv1_1x1.conv,Conv2d,torch_hooks,local torch/timm hook trace; not edge evidence
MobileViT-XS,mobilevit_xs,1x3x224x224,mps,fp32,stages,control_residual,Identity,electronic remainder,no,196,192,192,2408448,2408448,0,602112,1,1,0,0,0,0,8.0000,8.0000,stages.2.0.conv1_1x1.bn.drop,Identity,torch_hooks,local torch/timm hook trace; not edge evidence
MobileViT-XS,mobilevit_xs,1x3x224x224,mps,fp32,stages,normalization_softmax_activation,SiLU,electronic remainder,no,196,192,192,2408448,2408448,0,602112,1,1,0,0,0,602112,8.0000,8.0000,stages.2.0.conv1_1x1.bn.act,SiLU,torch_hooks,local torch/timm hook trace; not edge evidence
MobileViT-XS,mobilevit_xs,1x3x224x224,mps,fp32,stages,depthwise_conv,Depthwise Conv2d 3x3,PDPU-extension candidate,extension,196,192,192,2408448,602112,6912,150528,9,192,192,192,1354752,0,0.1754,0.1754,stages.2.0.conv2_kxk.conv,Conv2d,torch_hooks,local torch/timm hook trace; not edge evidence
MobileViT-XS,mobilevit_xs,1x3x224x224,mps,fp32,stages,control_residual,Identity,electronic remainder,no,196,192,192,602112,602112,0,150528,1,1,0,0,0,0,8.0000,8.0000,stages.2.0.conv2_kxk.bn.drop,Identity,torch_hooks,local torch/timm hook trace; not edge evidence
MobileViT-XS,mobilevit_xs,1x3x224x224,mps,fp32,stages,normalization_softmax_activation,SiLU,electronic remainder,no,196,192,192,602112,602112,0,150528,1,1,0,0,0,150528,8.0000,8.0000,stages.2.0.conv2_kxk.bn.act,SiLU,torch_hooks,local torch/timm hook trace; not edge evidence
MobileViT-XS,mobilevit_xs,1x3x224x224,mps,fp32,stages,control_residual,Identity,electronic remainder,no,196,192,192,602112,602112,0,150528,1,1,0,0,0,0,8.0000,8.0000,stages.2.0.conv2b_kxk,Identity,torch_hooks,local torch/timm hook trace; not edge evidence
MobileViT-XS,mobilevit_xs,1x3x224x224,mps,fp32,stages,control_residual,Identity,electronic remainder,no,196,192,192,602112,602112,0,150528,1,1,0,0,0,0,8.0000,8.0000,stages.2.0.attn,Identity,torch_hooks,local torch/timm hook trace; not edge evidence
MobileViT-XS,mobilevit_xs,1x3x224x224,mps,fp32,stages,pointwise_conv,Conv2d 1x1,PDPU-extension candidate,extension,196,192,192,602112,200704,49152,50176,1,1,192,64,9633792,0,1.2474,1.2474,stages.2.0.conv3_1x1.conv,Conv2d,torch_hooks,local torch/timm hook trace; not edge evidence
MobileViT-XS,mobilevit_xs,1x3x224x224,mps,fp32,stages,control_residual,Identity,electronic remainder,no,196,192,192,200704,200704,0,50176,1,1,0,0,0,0,8.0000,8.0000,stages.2.0.conv3_1x1.bn.drop,Identity,torch_hooks,local torch/timm hook trace; not edge evidence
MobileViT-XS,mobilevit_xs,1x3x224x224,mps,fp32,stages,normalization_softmax_activation,Identity,electronic remainder,no,196,192,192,200704,200704,0,50176,1,1,0,0,0,50176,8.0000,8.0000,stages.2.0.conv3_1x1.bn.act,Identity,torch_hooks,local torch/timm hook trace; not edge evidence
MobileViT-XS,mobilevit_xs,1x3x224x224,mps,fp32,stages,control_residual,Identity,electronic remainder,no,196,192,192,200704,200704,0,50176,1,1,0,0,0,0,8.0000,8.0000,stages.2.0.attn_last,Identity,torch_hooks,local torch/timm hook trace; not edge evidence
MobileViT-XS,mobilevit_xs,1x3x224x224,mps,fp32,stages,control_residual,Identity,electronic remainder,no,196,192,192,200704,200704,0,50176,1,1,0,0,0,0,8.0000,8.0000,stages.2.0.drop_path,Identity,torch_hooks,local torch/timm hook trace; not edge evidence
MobileViT-XS,mobilevit_xs,1x3x224x224,mps,fp32,stages,normalization_softmax_activation,Identity,electronic remainder,no,196,192,192,200704,200704,0,50176,1,1,0,0,0,50176,8.0000,8.0000,stages.2.0.act,Identity,torch_hooks,local torch/timm hook trace; not edge evidence
MobileViT-XS,mobilevit_xs,1x3x224x224,mps,fp32,stages,spatial_conv,Conv2d 3x3,PDPU-extension candidate,extension,196,192,192,200704,200704,147456,50176,9,1,64,64,28901376,0,3.7421,3.7421,stages.2.1.conv_kxk.conv,Conv2d,torch_hooks,local torch/timm hook trace; not edge evidence
MobileViT-XS,mobilevit_xs,1x3x224x224,mps,fp32,stages,control_residual,Identity,electronic remainder,no,196,192,192,200704,200704,0,50176,1,1,0,0,0,0,8.0000,8.0000,stages.2.1.conv_kxk.bn.drop,Identity,torch_hooks,local torch/timm hook trace; not edge evidence
MobileViT-XS,mobilevit_xs,1x3x224x224,mps,fp32,stages,normalization_softmax_activation,SiLU,electronic remainder,no,196,192,192,200704,200704,0,50176,1,1,0,0,0,50176,8.0000,8.0000,stages.2.1.conv_kxk.bn.act,SiLU,torch_hooks,local torch/timm hook trace; not edge evidence
MobileViT-XS,mobilevit_xs,1x3x224x224,mps,fp32,stages,pointwise_conv,Conv2d 1x1,PDPU-extension candidate,extension,196,192,192,200704,301056,24576,75264,1,1,64,96,4816896,0,0.6237,0.6237,stages.2.1.conv_1x1,Conv2d,torch_hooks,local torch/timm hook trace; not edge evidence
MobileViT-XS,mobilevit_xs,1x3x224x224,mps,fp32,stages,normalization_softmax_activation,LayerNorm,electronic remainder,no,196,192,192,301056,301056,768,75264,1,1,0,0,0,75264,8.0000,8.0000,stages.2.1.transformer.0.norm1,LayerNorm,torch_hooks,local torch/timm hook trace; not edge evidence
MobileViT-XS,mobilevit_xs,1x3x224x224,mps,fp32,stages,qkv_projection,Linear,PDPU-candidate linear/MVM,yes,196,192,192,301056,903168,111744,225792,1,1,96,288,21676032,0,2.8065,2.8065,stages.2.1.transformer.0.attn.qkv,Linear,torch_hooks,local torch/timm hook trace; not edge evidence
MobileViT-XS,mobilevit_xs,1x3x224x224,mps,fp32,stages,normalization_softmax_activation,Identity,electronic remainder,no,196,192,192,301056,301056,0,75264,1,1,0,0,0,75264,8.0000,8.0000,stages.2.1.transformer.0.attn.q_norm,Identity,torch_hooks,local torch/timm hook trace; not edge evidence
MobileViT-XS,mobilevit_xs,1x3x224x224,mps,fp32,stages,normalization_softmax_activation,Identity,electronic remainder,no,196,192,192,301056,301056,0,75264,1,1,0,0,0,75264,8.0000,8.0000,stages.2.1.transformer.0.attn.k_norm,Identity,torch_hooks,local torch/timm hook trace; not edge evidence
MobileViT-XS,mobilevit_xs,1x3x224x224,mps,fp32,stages,normalization_softmax_activation,Identity,electronic remainder,no,196,192,192,301056,301056,0,75264,1,1,0,0,0,75264,8.0000,8.0000,stages.2.1.transformer.0.attn.norm,Identity,torch_hooks,local torch/timm hook trace; not edge evidence
MobileViT-XS,mobilevit_xs,1x3x224x224,mps,fp32,stages,attention_output_projection,Linear,PDPU-candidate linear/MVM,yes,196,192,192,301056,301056,37248,75264,1,1,96,96,7225344,0,0.9355,0.9355,stages.2.1.transformer.0.attn.proj,Linear,torch_hooks,local torch/timm hook trace; not edge evidence
MobileViT-XS,mobilevit_xs,1x3x224x224,mps,fp32,stages,control_residual,Dropout,electronic remainder,no,196,192,192,301056,301056,0,75264,1,1,0,0,0,0,8.0000,8.0000,stages.2.1.transformer.0.attn.proj_drop,Dropout,torch_hooks,local torch/timm hook trace; not edge evidence
MobileViT-XS,mobilevit_xs,1x3x224x224,mps,fp32,stages,attention_score,QK^T,PDPU-extension candidate,extension,196,96,192,602112,2458624,0,614656,1,1,0,0,14751744,0,1.9100,1.9100,stages.2.1.transformer.0.attn.attention_score,Attention(function-level inferred),torch_hooks_shape_inferred,"local attention-module shape-derived function-op estimate; extension scenario only, not measured HPAT execution"
MobileViT-XS,mobilevit_xs,1x3x224x224,mps,fp32,stages,attention_value,Attention x V,PDPU-extension candidate,extension,196,96,192,2759680,301056,0,75264,1,1,0,0,14751744,0,1.9100,1.9100,stages.2.1.transformer.0.attn.attention_value,Attention(function-level inferred),torch_hooks_shape_inferred,"local attention-module shape-derived function-op estimate; extension scenario only, not measured HPAT execution"
MobileViT-XS,mobilevit_xs,1x3x224x224,mps,fp32,stages,control_residual,Identity,electronic remainder,no,196,192,192,301056,301056,0,75264,1,1,0,0,0,0,8.0000,8.0000,stages.2.1.transformer.0.ls1,Identity,torch_hooks,local torch/timm hook trace; not edge evidence
MobileViT-XS,mobilevit_xs,1x3x224x224,mps,fp32,stages,control_residual,Identity,electronic remainder,no,196,192,192,301056,301056,0,75264,1,1,0,0,0,0,8.0000,8.0000,stages.2.1.transformer.0.drop_path1,Identity,torch_hooks,local torch/timm hook trace; not edge evidence
MobileViT-XS,mobilevit_xs,1x3x224x224,mps,fp32,stages,normalization_softmax_activation,LayerNorm,electronic remainder,no,196,192,192,301056,301056,768,75264,1,1,0,0,0,75264,8.0000,8.0000,stages.2.1.transformer.0.norm2,LayerNorm,torch_hooks,local torch/timm hook trace; not edge evidence
MobileViT-XS,mobilevit_xs,1x3x224x224,mps,fp32,stages,ffn_linear,Linear,PDPU-candidate linear/MVM,yes,196,192,192,301056,602112,74496,150528,1,1,96,192,14450688,0,1.8710,1.8710,stages.2.1.transformer.0.mlp.fc1,Linear,torch_hooks,local torch/timm hook trace; not edge evidence
MobileViT-XS,mobilevit_xs,1x3x224x224,mps,fp32,stages,normalization_softmax_activation,SiLU,electronic remainder,no,196,192,192,602112,602112,0,150528,1,1,0,0,0,150528,8.0000,8.0000,stages.2.1.transformer.0.mlp.act,SiLU,torch_hooks,local torch/timm hook trace; not edge evidence
MobileViT-XS,mobilevit_xs,1x3x224x224,mps,fp32,stages,control_residual,Dropout,electronic remainder,no,196,192,192,602112,602112,0,150528,1,1,0,0,0,0,8.0000,8.0000,stages.2.1.transformer.0.mlp.drop1,Dropout,torch_hooks,local torch/timm hook trace; not edge evidence
MobileViT-XS,mobilevit_xs,1x3x224x224,mps,fp32,stages,normalization_softmax_activation,Identity,electronic remainder,no,196,192,192,602112,602112,0,150528,1,1,0,0,0,150528,8.0000,8.0000,stages.2.1.transformer.0.mlp.norm,Identity,torch_hooks,local torch/timm hook trace; not edge evidence
MobileViT-XS,mobilevit_xs,1x3x224x224,mps,fp32,stages,ffn_linear,Linear,PDPU-candidate linear/MVM,yes,196,192,192,602112,301056,74112,75264,1,1,192,96,14450688,0,1.8710,1.8710,stages.2.1.transformer.0.mlp.fc2,Linear,torch_hooks,local torch/timm hook trace; not edge evidence
MobileViT-XS,mobilevit_xs,1x3x224x224,mps,fp32,stages,control_residual,Dropout,electronic remainder,no,196,192,192,301056,301056,0,75264,1,1,0,0,0,0,8.0000,8.0000,stages.2.1.transformer.0.mlp.drop2,Dropout,torch_hooks,local torch/timm hook trace; not edge evidence
MobileViT-XS,mobilevit_xs,1x3x224x224,mps,fp32,stages,control_residual,Identity,electronic remainder,no,196,192,192,301056,301056,0,75264,1,1,0,0,0,0,8.0000,8.0000,stages.2.1.transformer.0.ls2,Identity,torch_hooks,local torch/timm hook trace; not edge evidence
MobileViT-XS,mobilevit_xs,1x3x224x224,mps,fp32,stages,control_residual,Identity,electronic remainder,no,196,192,192,301056,301056,0,75264,1,1,0,0,0,0,8.0000,8.0000,stages.2.1.transformer.0.drop_path2,Identity,torch_hooks,local torch/timm hook trace; not edge evidence
MobileViT-XS,mobilevit_xs,1x3x224x224,mps,fp32,stages,normalization_softmax_activation,LayerNorm,electronic remainder,no,196,192,192,301056,301056,768,75264,1,1,0,0,0,75264,8.0000,8.0000,stages.2.1.transformer.1.norm1,LayerNorm,torch_hooks,local torch/timm hook trace; not edge evidence
MobileViT-XS,mobilevit_xs,1x3x224x224,mps,fp32,stages,qkv_projection,Linear,PDPU-candidate linear/MVM,yes,196,192,192,301056,903168,111744,225792,1,1,96,288,21676032,0,2.8065,2.8065,stages.2.1.transformer.1.attn.qkv,Linear,torch_hooks,local torch/timm hook trace; not edge evidence
MobileViT-XS,mobilevit_xs,1x3x224x224,mps,fp32,stages,normalization_softmax_activation,Identity,electronic remainder,no,196,192,192,301056,301056,0,75264,1,1,0,0,0,75264,8.0000,8.0000,stages.2.1.transformer.1.attn.q_norm,Identity,torch_hooks,local torch/timm hook trace; not edge evidence
MobileViT-XS,mobilevit_xs,1x3x224x224,mps,fp32,stages,normalization_softmax_activation,Identity,electronic remainder,no,196,192,192,301056,301056,0,75264,1,1,0,0,0,75264,8.0000,8.0000,stages.2.1.transformer.1.attn.k_norm,Identity,torch_hooks,local torch/timm hook trace; not edge evidence
MobileViT-XS,mobilevit_xs,1x3x224x224,mps,fp32,stages,normalization_softmax_activation,Identity,electronic remainder,no,196,192,192,301056,301056,0,75264,1,1,0,0,0,75264,8.0000,8.0000,stages.2.1.transformer.1.attn.norm,Identity,torch_hooks,local torch/timm hook trace; not edge evidence
MobileViT-XS,mobilevit_xs,1x3x224x224,mps,fp32,stages,attention_output_projection,Linear,PDPU-candidate linear/MVM,yes,196,192,192,301056,301056,37248,75264,1,1,96,96,7225344,0,0.9355,0.9355,stages.2.1.transformer.1.attn.proj,Linear,torch_hooks,local torch/timm hook trace; not edge evidence
MobileViT-XS,mobilevit_xs,1x3x224x224,mps,fp32,stages,control_residual,Dropout,electronic remainder,no,196,192,192,301056,301056,0,75264,1,1,0,0,0,0,8.0000,8.0000,stages.2.1.transformer.1.attn.proj_drop,Dropout,torch_hooks,local torch/timm hook trace; not edge evidence
MobileViT-XS,mobilevit_xs,1x3x224x224,mps,fp32,stages,attention_score,QK^T,PDPU-extension candidate,extension,196,96,192,602112,2458624,0,614656,1,1,0,0,14751744,0,1.9100,1.9100,stages.2.1.transformer.1.attn.attention_score,Attention(function-level inferred),torch_hooks_shape_inferred,"local attention-module shape-derived function-op estimate; extension scenario only, not measured HPAT execution"
MobileViT-XS,mobilevit_xs,1x3x224x224,mps,fp32,stages,attention_value,Attention x V,PDPU-extension candidate,extension,196,96,192,2759680,301056,0,75264,1,1,0,0,14751744,0,1.9100,1.9100,stages.2.1.transformer.1.attn.attention_value,Attention(function-level inferred),torch_hooks_shape_inferred,"local attention-module shape-derived function-op estimate; extension scenario only, not measured HPAT execution"
MobileViT-XS,mobilevit_xs,1x3x224x224,mps,fp32,stages,control_residual,Identity,electronic remainder,no,196,192,192,301056,301056,0,75264,1,1,0,0,0,0,8.0000,8.0000,stages.2.1.transformer.1.ls1,Identity,torch_hooks,local torch/timm hook trace; not edge evidence
MobileViT-XS,mobilevit_xs,1x3x224x224,mps,fp32,stages,control_residual,Identity,electronic remainder,no,196,192,192,301056,301056,0,75264,1,1,0,0,0,0,8.0000,8.0000,stages.2.1.transformer.1.drop_path1,Identity,torch_hooks,local torch/timm hook trace; not edge evidence
MobileViT-XS,mobilevit_xs,1x3x224x224,mps,fp32,stages,normalization_softmax_activation,LayerNorm,electronic remainder,no,196,192,192,301056,301056,768,75264,1,1,0,0,0,75264,8.0000,8.0000,stages.2.1.transformer.1.norm2,LayerNorm,torch_hooks,local torch/timm hook trace; not edge evidence
MobileViT-XS,mobilevit_xs,1x3x224x224,mps,fp32,stages,ffn_linear,Linear,PDPU-candidate linear/MVM,yes,196,192,192,301056,602112,74496,150528,1,1,96,192,14450688,0,1.8710,1.8710,stages.2.1.transformer.1.mlp.fc1,Linear,torch_hooks,local torch/timm hook trace; not edge evidence
MobileViT-XS,mobilevit_xs,1x3x224x224,mps,fp32,stages,normalization_softmax_activation,SiLU,electronic remainder,no,196,192,192,602112,602112,0,150528,1,1,0,0,0,150528,8.0000,8.0000,stages.2.1.transformer.1.mlp.act,SiLU,torch_hooks,local torch/timm hook trace; not edge evidence
MobileViT-XS,mobilevit_xs,1x3x224x224,mps,fp32,stages,control_residual,Dropout,electronic remainder,no,196,192,192,602112,602112,0,150528,1,1,0,0,0,0,8.0000,8.0000,stages.2.1.transformer.1.mlp.drop1,Dropout,torch_hooks,local torch/timm hook trace; not edge evidence
MobileViT-XS,mobilevit_xs,1x3x224x224,mps,fp32,stages,normalization_softmax_activation,Identity,electronic remainder,no,196,192,192,602112,602112,0,150528,1,1,0,0,0,150528,8.0000,8.0000,stages.2.1.transformer.1.mlp.norm,Identity,torch_hooks,local torch/timm hook trace; not edge evidence
MobileViT-XS,mobilevit_xs,1x3x224x224,mps,fp32,stages,ffn_linear,Linear,PDPU-candidate linear/MVM,yes,196,192,192,602112,301056,74112,75264,1,1,192,96,14450688,0,1.8710,1.8710,stages.2.1.transformer.1.mlp.fc2,Linear,torch_hooks,local torch/timm hook trace; not edge evidence
MobileViT-XS,mobilevit_xs,1x3x224x224,mps,fp32,stages,control_residual,Dropout,electronic remainder,no,196,192,192,301056,301056,0,75264,1,1,0,0,0,0,8.0000,8.0000,stages.2.1.transformer.1.mlp.drop2,Dropout,torch_hooks,local torch/timm hook trace; not edge evidence
MobileViT-XS,mobilevit_xs,1x3x224x224,mps,fp32,stages,control_residual,Identity,electronic remainder,no,196,192,192,301056,301056,0,75264,1,1,0,0,0,0,8.0000,8.0000,stages.2.1.transformer.1.ls2,Identity,torch_hooks,local torch/timm hook trace; not edge evidence
MobileViT-XS,mobilevit_xs,1x3x224x224,mps,fp32,stages,control_residual,Identity,electronic remainder,no,196,192,192,301056,301056,0,75264,1,1,0,0,0,0,8.0000,8.0000,stages.2.1.transformer.1.drop_path2,Identity,torch_hooks,local torch/timm hook trace; not edge evidence
MobileViT-XS,mobilevit_xs,1x3x224x224,mps,fp32,stages,normalization_softmax_activation,LayerNorm,electronic remainder,no,196,192,192,301056,301056,768,75264,1,1,0,0,0,75264,8.0000,8.0000,stages.2.1.norm,LayerNorm,torch_hooks,local torch/timm hook trace; not edge evidence
MobileViT-XS,mobilevit_xs,1x3x224x224,mps,fp32,stages,pointwise_conv,Conv2d 1x1,PDPU-extension candidate,extension,196,192,192,301056,200704,24576,50176,1,1,96,64,4816896,0,0.6237,0.6237,stages.2.1.conv_proj.conv,Conv2d,torch_hooks,local torch/timm hook trace; not edge evidence
MobileViT-XS,mobilevit_xs,1x3x224x224,mps,fp32,stages,control_residual,Identity,electronic remainder,no,196,192,192,200704,200704,0,50176,1,1,0,0,0,0,8.0000,8.0000,stages.2.1.conv_proj.bn.drop,Identity,torch_hooks,local torch/timm hook trace; not edge evidence
MobileViT-XS,mobilevit_xs,1x3x224x224,mps,fp32,stages,normalization_softmax_activation,SiLU,electronic remainder,no,196,192,192,200704,200704,0,50176,1,1,0,0,0,50176,8.0000,8.0000,stages.2.1.conv_proj.bn.act,SiLU,torch_hooks,local torch/timm hook trace; not edge evidence
MobileViT-XS,mobilevit_xs,1x3x224x224,mps,fp32,stages,spatial_conv,Conv2d 3x3,PDPU-extension candidate,extension,196,192,192,401408,200704,294912,50176,9,1,128,64,57802752,0,7.4841,7.4841,stages.2.1.conv_fusion.conv,Conv2d,torch_hooks,local torch/timm hook trace; not edge evidence
MobileViT-XS,mobilevit_xs,1x3x224x224,mps,fp32,stages,control_residual,Identity,electronic remainder,no,196,192,192,200704,200704,0,50176,1,1,0,0,0,0,8.0000,8.0000,stages.2.1.conv_fusion.bn.drop,Identity,torch_hooks,local torch/timm hook trace; not edge evidence
MobileViT-XS,mobilevit_xs,1x3x224x224,mps,fp32,stages,normalization_softmax_activation,SiLU,electronic remainder,no,196,192,192,200704,200704,0,50176,1,1,0,0,0,50176,8.0000,8.0000,stages.2.1.conv_fusion.bn.act,SiLU,torch_hooks,local torch/timm hook trace; not edge evidence
MobileViT-XS,mobilevit_xs,1x3x224x224,mps,fp32,stages,pointwise_conv,Conv2d 1x1,PDPU-extension candidate,extension,196,192,192,200704,802816,65536,200704,1,1,64,256,12845056,0,1.6631,1.6631,stages.3.0.conv1_1x1.conv,Conv2d,torch_hooks,local torch/timm hook trace; not edge evidence
MobileViT-XS,mobilevit_xs,1x3x224x224,mps,fp32,stages,control_residual,Identity,electronic remainder,no,196,192,192,802816,802816,0,200704,1,1,0,0,0,0,8.0000,8.0000,stages.3.0.conv1_1x1.bn.drop,Identity,torch_hooks,local torch/timm hook trace; not edge evidence
MobileViT-XS,mobilevit_xs,1x3x224x224,mps,fp32,stages,normalization_softmax_activation,SiLU,electronic remainder,no,196,192,192,802816,802816,0,200704,1,1,0,0,0,200704,8.0000,8.0000,stages.3.0.conv1_1x1.bn.act,SiLU,torch_hooks,local torch/timm hook trace; not edge evidence
MobileViT-XS,mobilevit_xs,1x3x224x224,mps,fp32,stages,depthwise_conv,Depthwise Conv2d 3x3,PDPU-extension candidate,extension,196,192,192,802816,200704,9216,50176,9,256,256,256,451584,0,0.0585,0.0585,stages.3.0.conv2_kxk.conv,Conv2d,torch_hooks,local torch/timm hook trace; not edge evidence
MobileViT-XS,mobilevit_xs,1x3x224x224,mps,fp32,stages,control_residual,Identity,electronic remainder,no,196,192,192,200704,200704,0,50176,1,1,0,0,0,0,8.0000,8.0000,stages.3.0.conv2_kxk.bn.drop,Identity,torch_hooks,local torch/timm hook trace; not edge evidence
MobileViT-XS,mobilevit_xs,1x3x224x224,mps,fp32,stages,normalization_softmax_activation,SiLU,electronic remainder,no,196,192,192,200704,200704,0,50176,1,1,0,0,0,50176,8.0000,8.0000,stages.3.0.conv2_kxk.bn.act,SiLU,torch_hooks,local torch/timm hook trace; not edge evidence
MobileViT-XS,mobilevit_xs,1x3x224x224,mps,fp32,stages,control_residual,Identity,electronic remainder,no,196,192,192,200704,200704,0,50176,1,1,0,0,0,0,8.0000,8.0000,stages.3.0.conv2b_kxk,Identity,torch_hooks,local torch/timm hook trace; not edge evidence
MobileViT-XS,mobilevit_xs,1x3x224x224,mps,fp32,stages,control_residual,Identity,electronic remainder,no,196,192,192,200704,200704,0,50176,1,1,0,0,0,0,8.0000,8.0000,stages.3.0.attn,Identity,torch_hooks,local torch/timm hook trace; not edge evidence
MobileViT-XS,mobilevit_xs,1x3x224x224,mps,fp32,stages,pointwise_conv,Conv2d 1x1,PDPU-extension candidate,extension,196,192,192,200704,62720,81920,15680,1,1,256,80,4014080,0,0.5197,0.5197,stages.3.0.conv3_1x1.conv,Conv2d,torch_hooks,local torch/timm hook trace; not edge evidence
MobileViT-XS,mobilevit_xs,1x3x224x224,mps,fp32,stages,control_residual,Identity,electronic remainder,no,196,192,192,62720,62720,0,15680,1,1,0,0,0,0,8.0000,8.0000,stages.3.0.conv3_1x1.bn.drop,Identity,torch_hooks,local torch/timm hook trace; not edge evidence
MobileViT-XS,mobilevit_xs,1x3x224x224,mps,fp32,stages,normalization_softmax_activation,Identity,electronic remainder,no,196,192,192,62720,62720,0,15680,1,1,0,0,0,15680,8.0000,8.0000,stages.3.0.conv3_1x1.bn.act,Identity,torch_hooks,local torch/timm hook trace; not edge evidence
MobileViT-XS,mobilevit_xs,1x3x224x224,mps,fp32,stages,control_residual,Identity,electronic remainder,no,196,192,192,62720,62720,0,15680,1,1,0,0,0,0,8.0000,8.0000,stages.3.0.attn_last,Identity,torch_hooks,local torch/timm hook trace; not edge evidence
MobileViT-XS,mobilevit_xs,1x3x224x224,mps,fp32,stages,control_residual,Identity,electronic remainder,no,196,192,192,62720,62720,0,15680,1,1,0,0,0,0,8.0000,8.0000,stages.3.0.drop_path,Identity,torch_hooks,local torch/timm hook trace; not edge evidence
MobileViT-XS,mobilevit_xs,1x3x224x224,mps,fp32,stages,normalization_softmax_activation,Identity,electronic remainder,no,196,192,192,62720,62720,0,15680,1,1,0,0,0,15680,8.0000,8.0000,stages.3.0.act,Identity,torch_hooks,local torch/timm hook trace; not edge evidence
MobileViT-XS,mobilevit_xs,1x3x224x224,mps,fp32,stages,spatial_conv,Conv2d 3x3,PDPU-extension candidate,extension,196,192,192,62720,62720,230400,15680,9,1,80,80,11289600,0,1.4617,1.4617,stages.3.1.conv_kxk.conv,Conv2d,torch_hooks,local torch/timm hook trace; not edge evidence
MobileViT-XS,mobilevit_xs,1x3x224x224,mps,fp32,stages,control_residual,Identity,electronic remainder,no,196,192,192,62720,62720,0,15680,1,1,0,0,0,0,8.0000,8.0000,stages.3.1.conv_kxk.bn.drop,Identity,torch_hooks,local torch/timm hook trace; not edge evidence
MobileViT-XS,mobilevit_xs,1x3x224x224,mps,fp32,stages,normalization_softmax_activation,SiLU,electronic remainder,no,196,192,192,62720,62720,0,15680,1,1,0,0,0,15680,8.0000,8.0000,stages.3.1.conv_kxk.bn.act,SiLU,torch_hooks,local torch/timm hook trace; not edge evidence
MobileViT-XS,mobilevit_xs,1x3x224x224,mps,fp32,stages,pointwise_conv,Conv2d 1x1,PDPU-extension candidate,extension,196,192,192,62720,94080,38400,23520,1,1,80,120,1881600,0,0.2436,0.2436,stages.3.1.conv_1x1,Conv2d,torch_hooks,local torch/timm hook trace; not edge evidence
MobileViT-XS,mobilevit_xs,1x3x224x224,mps,fp32,stages,normalization_softmax_activation,LayerNorm,electronic remainder,no,196,192,192,94080,94080,960,23520,1,1,0,0,0,23520,8.0000,8.0000,stages.3.1.transformer.0.norm1,LayerNorm,torch_hooks,local torch/timm hook trace; not edge evidence
MobileViT-XS,mobilevit_xs,1x3x224x224,mps,fp32,stages,qkv_projection,Linear,PDPU-candidate linear/MVM,yes,196,192,192,94080,282240,174240,70560,1,1,120,360,8467200,0,1.0963,1.0963,stages.3.1.transformer.0.attn.qkv,Linear,torch_hooks,local torch/timm hook trace; not edge evidence
MobileViT-XS,mobilevit_xs,1x3x224x224,mps,fp32,stages,normalization_softmax_activation,Identity,electronic remainder,no,196,192,192,94080,94080,0,23520,1,1,0,0,0,23520,8.0000,8.0000,stages.3.1.transformer.0.attn.q_norm,Identity,torch_hooks,local torch/timm hook trace; not edge evidence
MobileViT-XS,mobilevit_xs,1x3x224x224,mps,fp32,stages,normalization_softmax_activation,Identity,electronic remainder,no,196,192,192,94080,94080,0,23520,1,1,0,0,0,23520,8.0000,8.0000,stages.3.1.transformer.0.attn.k_norm,Identity,torch_hooks,local torch/timm hook trace; not edge evidence
MobileViT-XS,mobilevit_xs,1x3x224x224,mps,fp32,stages,normalization_softmax_activation,Identity,electronic remainder,no,196,192,192,94080,94080,0,23520,1,1,0,0,0,23520,8.0000,8.0000,stages.3.1.transformer.0.attn.norm,Identity,torch_hooks,local torch/timm hook trace; not edge evidence
MobileViT-XS,mobilevit_xs,1x3x224x224,mps,fp32,stages,attention_output_projection,Linear,PDPU-candidate linear/MVM,yes,196,192,192,94080,94080,58080,23520,1,1,120,120,2822400,0,0.3654,0.3654,stages.3.1.transformer.0.attn.proj,Linear,torch_hooks,local torch/timm hook trace; not edge evidence
MobileViT-XS,mobilevit_xs,1x3x224x224,mps,fp32,stages,control_residual,Dropout,electronic remainder,no,196,192,192,94080,94080,0,23520,1,1,0,0,0,0,8.0000,8.0000,stages.3.1.transformer.0.attn.proj_drop,Dropout,torch_hooks,local torch/timm hook trace; not edge evidence
MobileViT-XS,mobilevit_xs,1x3x224x224,mps,fp32,stages,attention_score,QK^T,PDPU-extension candidate,extension,49,120,192,188160,153664,0,38416,1,1,0,0,1152480,0,0.1492,0.1492,stages.3.1.transformer.0.attn.attention_score,Attention(function-level inferred),torch_hooks_shape_inferred,"local attention-module shape-derived function-op estimate; extension scenario only, not measured HPAT execution"
MobileViT-XS,mobilevit_xs,1x3x224x224,mps,fp32,stages,attention_value,Attention x V,PDPU-extension candidate,extension,49,120,192,247744,94080,0,23520,1,1,0,0,1152480,0,0.1492,0.1492,stages.3.1.transformer.0.attn.attention_value,Attention(function-level inferred),torch_hooks_shape_inferred,"local attention-module shape-derived function-op estimate; extension scenario only, not measured HPAT execution"
MobileViT-XS,mobilevit_xs,1x3x224x224,mps,fp32,stages,control_residual,Identity,electronic remainder,no,196,192,192,94080,94080,0,23520,1,1,0,0,0,0,8.0000,8.0000,stages.3.1.transformer.0.ls1,Identity,torch_hooks,local torch/timm hook trace; not edge evidence
MobileViT-XS,mobilevit_xs,1x3x224x224,mps,fp32,stages,control_residual,Identity,electronic remainder,no,196,192,192,94080,94080,0,23520,1,1,0,0,0,0,8.0000,8.0000,stages.3.1.transformer.0.drop_path1,Identity,torch_hooks,local torch/timm hook trace; not edge evidence
MobileViT-XS,mobilevit_xs,1x3x224x224,mps,fp32,stages,normalization_softmax_activation,LayerNorm,electronic remainder,no,196,192,192,94080,94080,960,23520,1,1,0,0,0,23520,8.0000,8.0000,stages.3.1.transformer.0.norm2,LayerNorm,torch_hooks,local torch/timm hook trace; not edge evidence
MobileViT-XS,mobilevit_xs,1x3x224x224,mps,fp32,stages,ffn_linear,Linear,PDPU-candidate linear/MVM,yes,196,192,192,94080,188160,116160,47040,1,1,120,240,5644800,0,0.7309,0.7309,stages.3.1.transformer.0.mlp.fc1,Linear,torch_hooks,local torch/timm hook trace; not edge evidence
MobileViT-XS,mobilevit_xs,1x3x224x224,mps,fp32,stages,normalization_softmax_activation,SiLU,electronic remainder,no,196,192,192,188160,188160,0,47040,1,1,0,0,0,47040,8.0000,8.0000,stages.3.1.transformer.0.mlp.act,SiLU,torch_hooks,local torch/timm hook trace; not edge evidence
MobileViT-XS,mobilevit_xs,1x3x224x224,mps,fp32,stages,control_residual,Dropout,electronic remainder,no,196,192,192,188160,188160,0,47040,1,1,0,0,0,0,8.0000,8.0000,stages.3.1.transformer.0.mlp.drop1,Dropout,torch_hooks,local torch/timm hook trace; not edge evidence
MobileViT-XS,mobilevit_xs,1x3x224x224,mps,fp32,stages,normalization_softmax_activation,Identity,electronic remainder,no,196,192,192,188160,188160,0,47040,1,1,0,0,0,47040,8.0000,8.0000,stages.3.1.transformer.0.mlp.norm,Identity,torch_hooks,local torch/timm hook trace; not edge evidence
MobileViT-XS,mobilevit_xs,1x3x224x224,mps,fp32,stages,ffn_linear,Linear,PDPU-candidate linear/MVM,yes,196,192,192,188160,94080,115680,23520,1,1,240,120,5644800,0,0.7309,0.7309,stages.3.1.transformer.0.mlp.fc2,Linear,torch_hooks,local torch/timm hook trace; not edge evidence
MobileViT-XS,mobilevit_xs,1x3x224x224,mps,fp32,stages,control_residual,Dropout,electronic remainder,no,196,192,192,94080,94080,0,23520,1,1,0,0,0,0,8.0000,8.0000,stages.3.1.transformer.0.mlp.drop2,Dropout,torch_hooks,local torch/timm hook trace; not edge evidence
MobileViT-XS,mobilevit_xs,1x3x224x224,mps,fp32,stages,control_residual,Identity,electronic remainder,no,196,192,192,94080,94080,0,23520,1,1,0,0,0,0,8.0000,8.0000,stages.3.1.transformer.0.ls2,Identity,torch_hooks,local torch/timm hook trace; not edge evidence
MobileViT-XS,mobilevit_xs,1x3x224x224,mps,fp32,stages,control_residual,Identity,electronic remainder,no,196,192,192,94080,94080,0,23520,1,1,0,0,0,0,8.0000,8.0000,stages.3.1.transformer.0.drop_path2,Identity,torch_hooks,local torch/timm hook trace; not edge evidence
MobileViT-XS,mobilevit_xs,1x3x224x224,mps,fp32,stages,normalization_softmax_activation,LayerNorm,electronic remainder,no,196,192,192,94080,94080,960,23520,1,1,0,0,0,23520,8.0000,8.0000,stages.3.1.transformer.1.norm1,LayerNorm,torch_hooks,local torch/timm hook trace; not edge evidence
MobileViT-XS,mobilevit_xs,1x3x224x224,mps,fp32,stages,qkv_projection,Linear,PDPU-candidate linear/MVM,yes,196,192,192,94080,282240,174240,70560,1,1,120,360,8467200,0,1.0963,1.0963,stages.3.1.transformer.1.attn.qkv,Linear,torch_hooks,local torch/timm hook trace; not edge evidence
MobileViT-XS,mobilevit_xs,1x3x224x224,mps,fp32,stages,normalization_softmax_activation,Identity,electronic remainder,no,196,192,192,94080,94080,0,23520,1,1,0,0,0,23520,8.0000,8.0000,stages.3.1.transformer.1.attn.q_norm,Identity,torch_hooks,local torch/timm hook trace; not edge evidence
MobileViT-XS,mobilevit_xs,1x3x224x224,mps,fp32,stages,normalization_softmax_activation,Identity,electronic remainder,no,196,192,192,94080,94080,0,23520,1,1,0,0,0,23520,8.0000,8.0000,stages.3.1.transformer.1.attn.k_norm,Identity,torch_hooks,local torch/timm hook trace; not edge evidence
MobileViT-XS,mobilevit_xs,1x3x224x224,mps,fp32,stages,normalization_softmax_activation,Identity,electronic remainder,no,196,192,192,94080,94080,0,23520,1,1,0,0,0,23520,8.0000,8.0000,stages.3.1.transformer.1.attn.norm,Identity,torch_hooks,local torch/timm hook trace; not edge evidence
MobileViT-XS,mobilevit_xs,1x3x224x224,mps,fp32,stages,attention_output_projection,Linear,PDPU-candidate linear/MVM,yes,196,192,192,94080,94080,58080,23520,1,1,120,120,2822400,0,0.3654,0.3654,stages.3.1.transformer.1.attn.proj,Linear,torch_hooks,local torch/timm hook trace; not edge evidence
MobileViT-XS,mobilevit_xs,1x3x224x224,mps,fp32,stages,control_residual,Dropout,electronic remainder,no,196,192,192,94080,94080,0,23520,1,1,0,0,0,0,8.0000,8.0000,stages.3.1.transformer.1.attn.proj_drop,Dropout,torch_hooks,local torch/timm hook trace; not edge evidence
MobileViT-XS,mobilevit_xs,1x3x224x224,mps,fp32,stages,attention_score,QK^T,PDPU-extension candidate,extension,49,120,192,188160,153664,0,38416,1,1,0,0,1152480,0,0.1492,0.1492,stages.3.1.transformer.1.attn.attention_score,Attention(function-level inferred),torch_hooks_shape_inferred,"local attention-module shape-derived function-op estimate; extension scenario only, not measured HPAT execution"
MobileViT-XS,mobilevit_xs,1x3x224x224,mps,fp32,stages,attention_value,Attention x V,PDPU-extension candidate,extension,49,120,192,247744,94080,0,23520,1,1,0,0,1152480,0,0.1492,0.1492,stages.3.1.transformer.1.attn.attention_value,Attention(function-level inferred),torch_hooks_shape_inferred,"local attention-module shape-derived function-op estimate; extension scenario only, not measured HPAT execution"
MobileViT-XS,mobilevit_xs,1x3x224x224,mps,fp32,stages,control_residual,Identity,electronic remainder,no,196,192,192,94080,94080,0,23520,1,1,0,0,0,0,8.0000,8.0000,stages.3.1.transformer.1.ls1,Identity,torch_hooks,local torch/timm hook trace; not edge evidence
MobileViT-XS,mobilevit_xs,1x3x224x224,mps,fp32,stages,control_residual,Identity,electronic remainder,no,196,192,192,94080,94080,0,23520,1,1,0,0,0,0,8.0000,8.0000,stages.3.1.transformer.1.drop_path1,Identity,torch_hooks,local torch/timm hook trace; not edge evidence
MobileViT-XS,mobilevit_xs,1x3x224x224,mps,fp32,stages,normalization_softmax_activation,LayerNorm,electronic remainder,no,196,192,192,94080,94080,960,23520,1,1,0,0,0,23520,8.0000,8.0000,stages.3.1.transformer.1.norm2,LayerNorm,torch_hooks,local torch/timm hook trace; not edge evidence
MobileViT-XS,mobilevit_xs,1x3x224x224,mps,fp32,stages,ffn_linear,Linear,PDPU-candidate linear/MVM,yes,196,192,192,94080,188160,116160,47040,1,1,120,240,5644800,0,0.7309,0.7309,stages.3.1.transformer.1.mlp.fc1,Linear,torch_hooks,local torch/timm hook trace; not edge evidence
MobileViT-XS,mobilevit_xs,1x3x224x224,mps,fp32,stages,normalization_softmax_activation,SiLU,electronic remainder,no,196,192,192,188160,188160,0,47040,1,1,0,0,0,47040,8.0000,8.0000,stages.3.1.transformer.1.mlp.act,SiLU,torch_hooks,local torch/timm hook trace; not edge evidence
MobileViT-XS,mobilevit_xs,1x3x224x224,mps,fp32,stages,control_residual,Dropout,electronic remainder,no,196,192,192,188160,188160,0,47040,1,1,0,0,0,0,8.0000,8.0000,stages.3.1.transformer.1.mlp.drop1,Dropout,torch_hooks,local torch/timm hook trace; not edge evidence
MobileViT-XS,mobilevit_xs,1x3x224x224,mps,fp32,stages,normalization_softmax_activation,Identity,electronic remainder,no,196,192,192,188160,188160,0,47040,1,1,0,0,0,47040,8.0000,8.0000,stages.3.1.transformer.1.mlp.norm,Identity,torch_hooks,local torch/timm hook trace; not edge evidence
MobileViT-XS,mobilevit_xs,1x3x224x224,mps,fp32,stages,ffn_linear,Linear,PDPU-candidate linear/MVM,yes,196,192,192,188160,94080,115680,23520,1,1,240,120,5644800,0,0.7309,0.7309,stages.3.1.transformer.1.mlp.fc2,Linear,torch_hooks,local torch/timm hook trace; not edge evidence
MobileViT-XS,mobilevit_xs,1x3x224x224,mps,fp32,stages,control_residual,Dropout,electronic remainder,no,196,192,192,94080,94080,0,23520,1,1,0,0,0,0,8.0000,8.0000,stages.3.1.transformer.1.mlp.drop2,Dropout,torch_hooks,local torch/timm hook trace; not edge evidence
MobileViT-XS,mobilevit_xs,1x3x224x224,mps,fp32,stages,control_residual,Identity,electronic remainder,no,196,192,192,94080,94080,0,23520,1,1,0,0,0,0,8.0000,8.0000,stages.3.1.transformer.1.ls2,Identity,torch_hooks,local torch/timm hook trace; not edge evidence
MobileViT-XS,mobilevit_xs,1x3x224x224,mps,fp32,stages,control_residual,Identity,electronic remainder,no,196,192,192,94080,94080,0,23520,1,1,0,0,0,0,8.0000,8.0000,stages.3.1.transformer.1.drop_path2,Identity,torch_hooks,local torch/timm hook trace; not edge evidence
MobileViT-XS,mobilevit_xs,1x3x224x224,mps,fp32,stages,normalization_softmax_activation,LayerNorm,electronic remainder,no,196,192,192,94080,94080,960,23520,1,1,0,0,0,23520,8.0000,8.0000,stages.3.1.transformer.2.norm1,LayerNorm,torch_hooks,local torch/timm hook trace; not edge evidence
MobileViT-XS,mobilevit_xs,1x3x224x224,mps,fp32,stages,qkv_projection,Linear,PDPU-candidate linear/MVM,yes,196,192,192,94080,282240,174240,70560,1,1,120,360,8467200,0,1.0963,1.0963,stages.3.1.transformer.2.attn.qkv,Linear,torch_hooks,local torch/timm hook trace; not edge evidence
MobileViT-XS,mobilevit_xs,1x3x224x224,mps,fp32,stages,normalization_softmax_activation,Identity,electronic remainder,no,196,192,192,94080,94080,0,23520,1,1,0,0,0,23520,8.0000,8.0000,stages.3.1.transformer.2.attn.q_norm,Identity,torch_hooks,local torch/timm hook trace; not edge evidence
MobileViT-XS,mobilevit_xs,1x3x224x224,mps,fp32,stages,normalization_softmax_activation,Identity,electronic remainder,no,196,192,192,94080,94080,0,23520,1,1,0,0,0,23520,8.0000,8.0000,stages.3.1.transformer.2.attn.k_norm,Identity,torch_hooks,local torch/timm hook trace; not edge evidence
MobileViT-XS,mobilevit_xs,1x3x224x224,mps,fp32,stages,normalization_softmax_activation,Identity,electronic remainder,no,196,192,192,94080,94080,0,23520,1,1,0,0,0,23520,8.0000,8.0000,stages.3.1.transformer.2.attn.norm,Identity,torch_hooks,local torch/timm hook trace; not edge evidence
MobileViT-XS,mobilevit_xs,1x3x224x224,mps,fp32,stages,attention_output_projection,Linear,PDPU-candidate linear/MVM,yes,196,192,192,94080,94080,58080,23520,1,1,120,120,2822400,0,0.3654,0.3654,stages.3.1.transformer.2.attn.proj,Linear,torch_hooks,local torch/timm hook trace; not edge evidence
MobileViT-XS,mobilevit_xs,1x3x224x224,mps,fp32,stages,control_residual,Dropout,electronic remainder,no,196,192,192,94080,94080,0,23520,1,1,0,0,0,0,8.0000,8.0000,stages.3.1.transformer.2.attn.proj_drop,Dropout,torch_hooks,local torch/timm hook trace; not edge evidence
MobileViT-XS,mobilevit_xs,1x3x224x224,mps,fp32,stages,attention_score,QK^T,PDPU-extension candidate,extension,49,120,192,188160,153664,0,38416,1,1,0,0,1152480,0,0.1492,0.1492,stages.3.1.transformer.2.attn.attention_score,Attention(function-level inferred),torch_hooks_shape_inferred,"local attention-module shape-derived function-op estimate; extension scenario only, not measured HPAT execution"
MobileViT-XS,mobilevit_xs,1x3x224x224,mps,fp32,stages,attention_value,Attention x V,PDPU-extension candidate,extension,49,120,192,247744,94080,0,23520,1,1,0,0,1152480,0,0.1492,0.1492,stages.3.1.transformer.2.attn.attention_value,Attention(function-level inferred),torch_hooks_shape_inferred,"local attention-module shape-derived function-op estimate; extension scenario only, not measured HPAT execution"
MobileViT-XS,mobilevit_xs,1x3x224x224,mps,fp32,stages,control_residual,Identity,electronic remainder,no,196,192,192,94080,94080,0,23520,1,1,0,0,0,0,8.0000,8.0000,stages.3.1.transformer.2.ls1,Identity,torch_hooks,local torch/timm hook trace; not edge evidence
MobileViT-XS,mobilevit_xs,1x3x224x224,mps,fp32,stages,control_residual,Identity,electronic remainder,no,196,192,192,94080,94080,0,23520,1,1,0,0,0,0,8.0000,8.0000,stages.3.1.transformer.2.drop_path1,Identity,torch_hooks,local torch/timm hook trace; not edge evidence
MobileViT-XS,mobilevit_xs,1x3x224x224,mps,fp32,stages,normalization_softmax_activation,LayerNorm,electronic remainder,no,196,192,192,94080,94080,960,23520,1,1,0,0,0,23520,8.0000,8.0000,stages.3.1.transformer.2.norm2,LayerNorm,torch_hooks,local torch/timm hook trace; not edge evidence
MobileViT-XS,mobilevit_xs,1x3x224x224,mps,fp32,stages,ffn_linear,Linear,PDPU-candidate linear/MVM,yes,196,192,192,94080,188160,116160,47040,1,1,120,240,5644800,0,0.7309,0.7309,stages.3.1.transformer.2.mlp.fc1,Linear,torch_hooks,local torch/timm hook trace; not edge evidence
MobileViT-XS,mobilevit_xs,1x3x224x224,mps,fp32,stages,normalization_softmax_activation,SiLU,electronic remainder,no,196,192,192,188160,188160,0,47040,1,1,0,0,0,47040,8.0000,8.0000,stages.3.1.transformer.2.mlp.act,SiLU,torch_hooks,local torch/timm hook trace; not edge evidence
MobileViT-XS,mobilevit_xs,1x3x224x224,mps,fp32,stages,control_residual,Dropout,electronic remainder,no,196,192,192,188160,188160,0,47040,1,1,0,0,0,0,8.0000,8.0000,stages.3.1.transformer.2.mlp.drop1,Dropout,torch_hooks,local torch/timm hook trace; not edge evidence
MobileViT-XS,mobilevit_xs,1x3x224x224,mps,fp32,stages,normalization_softmax_activation,Identity,electronic remainder,no,196,192,192,188160,188160,0,47040,1,1,0,0,0,47040,8.0000,8.0000,stages.3.1.transformer.2.mlp.norm,Identity,torch_hooks,local torch/timm hook trace; not edge evidence
MobileViT-XS,mobilevit_xs,1x3x224x224,mps,fp32,stages,ffn_linear,Linear,PDPU-candidate linear/MVM,yes,196,192,192,188160,94080,115680,23520,1,1,240,120,5644800,0,0.7309,0.7309,stages.3.1.transformer.2.mlp.fc2,Linear,torch_hooks,local torch/timm hook trace; not edge evidence
MobileViT-XS,mobilevit_xs,1x3x224x224,mps,fp32,stages,control_residual,Dropout,electronic remainder,no,196,192,192,94080,94080,0,23520,1,1,0,0,0,0,8.0000,8.0000,stages.3.1.transformer.2.mlp.drop2,Dropout,torch_hooks,local torch/timm hook trace; not edge evidence
MobileViT-XS,mobilevit_xs,1x3x224x224,mps,fp32,stages,control_residual,Identity,electronic remainder,no,196,192,192,94080,94080,0,23520,1,1,0,0,0,0,8.0000,8.0000,stages.3.1.transformer.2.ls2,Identity,torch_hooks,local torch/timm hook trace; not edge evidence
MobileViT-XS,mobilevit_xs,1x3x224x224,mps,fp32,stages,control_residual,Identity,electronic remainder,no,196,192,192,94080,94080,0,23520,1,1,0,0,0,0,8.0000,8.0000,stages.3.1.transformer.2.drop_path2,Identity,torch_hooks,local torch/timm hook trace; not edge evidence
MobileViT-XS,mobilevit_xs,1x3x224x224,mps,fp32,stages,normalization_softmax_activation,LayerNorm,electronic remainder,no,196,192,192,94080,94080,960,23520,1,1,0,0,0,23520,8.0000,8.0000,stages.3.1.transformer.3.norm1,LayerNorm,torch_hooks,local torch/timm hook trace; not edge evidence
MobileViT-XS,mobilevit_xs,1x3x224x224,mps,fp32,stages,qkv_projection,Linear,PDPU-candidate linear/MVM,yes,196,192,192,94080,282240,174240,70560,1,1,120,360,8467200,0,1.0963,1.0963,stages.3.1.transformer.3.attn.qkv,Linear,torch_hooks,local torch/timm hook trace; not edge evidence
MobileViT-XS,mobilevit_xs,1x3x224x224,mps,fp32,stages,normalization_softmax_activation,Identity,electronic remainder,no,196,192,192,94080,94080,0,23520,1,1,0,0,0,23520,8.0000,8.0000,stages.3.1.transformer.3.attn.q_norm,Identity,torch_hooks,local torch/timm hook trace; not edge evidence
MobileViT-XS,mobilevit_xs,1x3x224x224,mps,fp32,stages,normalization_softmax_activation,Identity,electronic remainder,no,196,192,192,94080,94080,0,23520,1,1,0,0,0,23520,8.0000,8.0000,stages.3.1.transformer.3.attn.k_norm,Identity,torch_hooks,local torch/timm hook trace; not edge evidence
MobileViT-XS,mobilevit_xs,1x3x224x224,mps,fp32,stages,normalization_softmax_activation,Identity,electronic remainder,no,196,192,192,94080,94080,0,23520,1,1,0,0,0,23520,8.0000,8.0000,stages.3.1.transformer.3.attn.norm,Identity,torch_hooks,local torch/timm hook trace; not edge evidence
MobileViT-XS,mobilevit_xs,1x3x224x224,mps,fp32,stages,attention_output_projection,Linear,PDPU-candidate linear/MVM,yes,196,192,192,94080,94080,58080,23520,1,1,120,120,2822400,0,0.3654,0.3654,stages.3.1.transformer.3.attn.proj,Linear,torch_hooks,local torch/timm hook trace; not edge evidence
MobileViT-XS,mobilevit_xs,1x3x224x224,mps,fp32,stages,control_residual,Dropout,electronic remainder,no,196,192,192,94080,94080,0,23520,1,1,0,0,0,0,8.0000,8.0000,stages.3.1.transformer.3.attn.proj_drop,Dropout,torch_hooks,local torch/timm hook trace; not edge evidence
MobileViT-XS,mobilevit_xs,1x3x224x224,mps,fp32,stages,attention_score,QK^T,PDPU-extension candidate,extension,49,120,192,188160,153664,0,38416,1,1,0,0,1152480,0,0.1492,0.1492,stages.3.1.transformer.3.attn.attention_score,Attention(function-level inferred),torch_hooks_shape_inferred,"local attention-module shape-derived function-op estimate; extension scenario only, not measured HPAT execution"
MobileViT-XS,mobilevit_xs,1x3x224x224,mps,fp32,stages,attention_value,Attention x V,PDPU-extension candidate,extension,49,120,192,247744,94080,0,23520,1,1,0,0,1152480,0,0.1492,0.1492,stages.3.1.transformer.3.attn.attention_value,Attention(function-level inferred),torch_hooks_shape_inferred,"local attention-module shape-derived function-op estimate; extension scenario only, not measured HPAT execution"
MobileViT-XS,mobilevit_xs,1x3x224x224,mps,fp32,stages,control_residual,Identity,electronic remainder,no,196,192,192,94080,94080,0,23520,1,1,0,0,0,0,8.0000,8.0000,stages.3.1.transformer.3.ls1,Identity,torch_hooks,local torch/timm hook trace; not edge evidence
MobileViT-XS,mobilevit_xs,1x3x224x224,mps,fp32,stages,control_residual,Identity,electronic remainder,no,196,192,192,94080,94080,0,23520,1,1,0,0,0,0,8.0000,8.0000,stages.3.1.transformer.3.drop_path1,Identity,torch_hooks,local torch/timm hook trace; not edge evidence
MobileViT-XS,mobilevit_xs,1x3x224x224,mps,fp32,stages,normalization_softmax_activation,LayerNorm,electronic remainder,no,196,192,192,94080,94080,960,23520,1,1,0,0,0,23520,8.0000,8.0000,stages.3.1.transformer.3.norm2,LayerNorm,torch_hooks,local torch/timm hook trace; not edge evidence
MobileViT-XS,mobilevit_xs,1x3x224x224,mps,fp32,stages,ffn_linear,Linear,PDPU-candidate linear/MVM,yes,196,192,192,94080,188160,116160,47040,1,1,120,240,5644800,0,0.7309,0.7309,stages.3.1.transformer.3.mlp.fc1,Linear,torch_hooks,local torch/timm hook trace; not edge evidence
MobileViT-XS,mobilevit_xs,1x3x224x224,mps,fp32,stages,normalization_softmax_activation,SiLU,electronic remainder,no,196,192,192,188160,188160,0,47040,1,1,0,0,0,47040,8.0000,8.0000,stages.3.1.transformer.3.mlp.act,SiLU,torch_hooks,local torch/timm hook trace; not edge evidence
MobileViT-XS,mobilevit_xs,1x3x224x224,mps,fp32,stages,control_residual,Dropout,electronic remainder,no,196,192,192,188160,188160,0,47040,1,1,0,0,0,0,8.0000,8.0000,stages.3.1.transformer.3.mlp.drop1,Dropout,torch_hooks,local torch/timm hook trace; not edge evidence
MobileViT-XS,mobilevit_xs,1x3x224x224,mps,fp32,stages,normalization_softmax_activation,Identity,electronic remainder,no,196,192,192,188160,188160,0,47040,1,1,0,0,0,47040,8.0000,8.0000,stages.3.1.transformer.3.mlp.norm,Identity,torch_hooks,local torch/timm hook trace; not edge evidence
MobileViT-XS,mobilevit_xs,1x3x224x224,mps,fp32,stages,ffn_linear,Linear,PDPU-candidate linear/MVM,yes,196,192,192,188160,94080,115680,23520,1,1,240,120,5644800,0,0.7309,0.7309,stages.3.1.transformer.3.mlp.fc2,Linear,torch_hooks,local torch/timm hook trace; not edge evidence
MobileViT-XS,mobilevit_xs,1x3x224x224,mps,fp32,stages,control_residual,Dropout,electronic remainder,no,196,192,192,94080,94080,0,23520,1,1,0,0,0,0,8.0000,8.0000,stages.3.1.transformer.3.mlp.drop2,Dropout,torch_hooks,local torch/timm hook trace; not edge evidence
MobileViT-XS,mobilevit_xs,1x3x224x224,mps,fp32,stages,control_residual,Identity,electronic remainder,no,196,192,192,94080,94080,0,23520,1,1,0,0,0,0,8.0000,8.0000,stages.3.1.transformer.3.ls2,Identity,torch_hooks,local torch/timm hook trace; not edge evidence
MobileViT-XS,mobilevit_xs,1x3x224x224,mps,fp32,stages,control_residual,Identity,electronic remainder,no,196,192,192,94080,94080,0,23520,1,1,0,0,0,0,8.0000,8.0000,stages.3.1.transformer.3.drop_path2,Identity,torch_hooks,local torch/timm hook trace; not edge evidence
MobileViT-XS,mobilevit_xs,1x3x224x224,mps,fp32,stages,normalization_softmax_activation,LayerNorm,electronic remainder,no,196,192,192,94080,94080,960,23520,1,1,0,0,0,23520,8.0000,8.0000,stages.3.1.norm,LayerNorm,torch_hooks,local torch/timm hook trace; not edge evidence
MobileViT-XS,mobilevit_xs,1x3x224x224,mps,fp32,stages,pointwise_conv,Conv2d 1x1,PDPU-extension candidate,extension,196,192,192,94080,62720,38400,15680,1,1,120,80,1881600,0,0.2436,0.2436,stages.3.1.conv_proj.conv,Conv2d,torch_hooks,local torch/timm hook trace; not edge evidence
MobileViT-XS,mobilevit_xs,1x3x224x224,mps,fp32,stages,control_residual,Identity,electronic remainder,no,196,192,192,62720,62720,0,15680,1,1,0,0,0,0,8.0000,8.0000,stages.3.1.conv_proj.bn.drop,Identity,torch_hooks,local torch/timm hook trace; not edge evidence
MobileViT-XS,mobilevit_xs,1x3x224x224,mps,fp32,stages,normalization_softmax_activation,SiLU,electronic remainder,no,196,192,192,62720,62720,0,15680,1,1,0,0,0,15680,8.0000,8.0000,stages.3.1.conv_proj.bn.act,SiLU,torch_hooks,local torch/timm hook trace; not edge evidence
MobileViT-XS,mobilevit_xs,1x3x224x224,mps,fp32,stages,spatial_conv,Conv2d 3x3,PDPU-extension candidate,extension,196,192,192,125440,62720,460800,15680,9,1,160,80,22579200,0,2.9235,2.9235,stages.3.1.conv_fusion.conv,Conv2d,torch_hooks,local torch/timm hook trace; not edge evidence
MobileViT-XS,mobilevit_xs,1x3x224x224,mps,fp32,stages,control_residual,Identity,electronic remainder,no,196,192,192,62720,62720,0,15680,1,1,0,0,0,0,8.0000,8.0000,stages.3.1.conv_fusion.bn.drop,Identity,torch_hooks,local torch/timm hook trace; not edge evidence
MobileViT-XS,mobilevit_xs,1x3x224x224,mps,fp32,stages,normalization_softmax_activation,SiLU,electronic remainder,no,196,192,192,62720,62720,0,15680,1,1,0,0,0,15680,8.0000,8.0000,stages.3.1.conv_fusion.bn.act,SiLU,torch_hooks,local torch/timm hook trace; not edge evidence
MobileViT-XS,mobilevit_xs,1x3x224x224,mps,fp32,stages,pointwise_conv,Conv2d 1x1,PDPU-extension candidate,extension,196,192,192,62720,250880,102400,62720,1,1,80,320,5017600,0,0.6497,0.6497,stages.4.0.conv1_1x1.conv,Conv2d,torch_hooks,local torch/timm hook trace; not edge evidence
MobileViT-XS,mobilevit_xs,1x3x224x224,mps,fp32,stages,control_residual,Identity,electronic remainder,no,196,192,192,250880,250880,0,62720,1,1,0,0,0,0,8.0000,8.0000,stages.4.0.conv1_1x1.bn.drop,Identity,torch_hooks,local torch/timm hook trace; not edge evidence
MobileViT-XS,mobilevit_xs,1x3x224x224,mps,fp32,stages,normalization_softmax_activation,SiLU,electronic remainder,no,196,192,192,250880,250880,0,62720,1,1,0,0,0,62720,8.0000,8.0000,stages.4.0.conv1_1x1.bn.act,SiLU,torch_hooks,local torch/timm hook trace; not edge evidence
MobileViT-XS,mobilevit_xs,1x3x224x224,mps,fp32,stages,depthwise_conv,Depthwise Conv2d 3x3,PDPU-extension candidate,extension,196,192,192,250880,62720,11520,15680,9,320,320,320,141120,0,0.0183,0.0183,stages.4.0.conv2_kxk.conv,Conv2d,torch_hooks,local torch/timm hook trace; not edge evidence
MobileViT-XS,mobilevit_xs,1x3x224x224,mps,fp32,stages,control_residual,Identity,electronic remainder,no,196,192,192,62720,62720,0,15680,1,1,0,0,0,0,8.0000,8.0000,stages.4.0.conv2_kxk.bn.drop,Identity,torch_hooks,local torch/timm hook trace; not edge evidence
MobileViT-XS,mobilevit_xs,1x3x224x224,mps,fp32,stages,normalization_softmax_activation,SiLU,electronic remainder,no,196,192,192,62720,62720,0,15680,1,1,0,0,0,15680,8.0000,8.0000,stages.4.0.conv2_kxk.bn.act,SiLU,torch_hooks,local torch/timm hook trace; not edge evidence
MobileViT-XS,mobilevit_xs,1x3x224x224,mps,fp32,stages,control_residual,Identity,electronic remainder,no,196,192,192,62720,62720,0,15680,1,1,0,0,0,0,8.0000,8.0000,stages.4.0.conv2b_kxk,Identity,torch_hooks,local torch/timm hook trace; not edge evidence
MobileViT-XS,mobilevit_xs,1x3x224x224,mps,fp32,stages,control_residual,Identity,electronic remainder,no,196,192,192,62720,62720,0,15680,1,1,0,0,0,0,8.0000,8.0000,stages.4.0.attn,Identity,torch_hooks,local torch/timm hook trace; not edge evidence
MobileViT-XS,mobilevit_xs,1x3x224x224,mps,fp32,stages,pointwise_conv,Conv2d 1x1,PDPU-extension candidate,extension,196,192,192,62720,18816,122880,4704,1,1,320,96,1505280,0,0.1949,0.1949,stages.4.0.conv3_1x1.conv,Conv2d,torch_hooks,local torch/timm hook trace; not edge evidence
MobileViT-XS,mobilevit_xs,1x3x224x224,mps,fp32,stages,control_residual,Identity,electronic remainder,no,196,192,192,18816,18816,0,4704,1,1,0,0,0,0,8.0000,8.0000,stages.4.0.conv3_1x1.bn.drop,Identity,torch_hooks,local torch/timm hook trace; not edge evidence
MobileViT-XS,mobilevit_xs,1x3x224x224,mps,fp32,stages,normalization_softmax_activation,Identity,electronic remainder,no,196,192,192,18816,18816,0,4704,1,1,0,0,0,4704,8.0000,8.0000,stages.4.0.conv3_1x1.bn.act,Identity,torch_hooks,local torch/timm hook trace; not edge evidence
MobileViT-XS,mobilevit_xs,1x3x224x224,mps,fp32,stages,control_residual,Identity,electronic remainder,no,196,192,192,18816,18816,0,4704,1,1,0,0,0,0,8.0000,8.0000,stages.4.0.attn_last,Identity,torch_hooks,local torch/timm hook trace; not edge evidence
MobileViT-XS,mobilevit_xs,1x3x224x224,mps,fp32,stages,control_residual,Identity,electronic remainder,no,196,192,192,18816,18816,0,4704,1,1,0,0,0,0,8.0000,8.0000,stages.4.0.drop_path,Identity,torch_hooks,local torch/timm hook trace; not edge evidence
MobileViT-XS,mobilevit_xs,1x3x224x224,mps,fp32,stages,normalization_softmax_activation,Identity,electronic remainder,no,196,192,192,18816,18816,0,4704,1,1,0,0,0,4704,8.0000,8.0000,stages.4.0.act,Identity,torch_hooks,local torch/timm hook trace; not edge evidence
MobileViT-XS,mobilevit_xs,1x3x224x224,mps,fp32,stages,spatial_conv,Conv2d 3x3,PDPU-extension candidate,extension,196,192,192,18816,18816,331776,4704,9,1,96,96,4064256,0,0.5262,0.5262,stages.4.1.conv_kxk.conv,Conv2d,torch_hooks,local torch/timm hook trace; not edge evidence
MobileViT-XS,mobilevit_xs,1x3x224x224,mps,fp32,stages,control_residual,Identity,electronic remainder,no,196,192,192,18816,18816,0,4704,1,1,0,0,0,0,8.0000,8.0000,stages.4.1.conv_kxk.bn.drop,Identity,torch_hooks,local torch/timm hook trace; not edge evidence
MobileViT-XS,mobilevit_xs,1x3x224x224,mps,fp32,stages,normalization_softmax_activation,SiLU,electronic remainder,no,196,192,192,18816,18816,0,4704,1,1,0,0,0,4704,8.0000,8.0000,stages.4.1.conv_kxk.bn.act,SiLU,torch_hooks,local torch/timm hook trace; not edge evidence
MobileViT-XS,mobilevit_xs,1x3x224x224,mps,fp32,stages,pointwise_conv,Conv2d 1x1,PDPU-extension candidate,extension,196,192,192,18816,28224,55296,7056,1,1,96,144,677376,0,0.0877,0.0877,stages.4.1.conv_1x1,Conv2d,torch_hooks,local torch/timm hook trace; not edge evidence
MobileViT-XS,mobilevit_xs,1x3x224x224,mps,fp32,stages,normalization_softmax_activation,LayerNorm,electronic remainder,no,196,192,192,36864,36864,1152,9216,1,1,0,0,0,9216,8.0000,8.0000,stages.4.1.transformer.0.norm1,LayerNorm,torch_hooks,local torch/timm hook trace; not edge evidence
MobileViT-XS,mobilevit_xs,1x3x224x224,mps,fp32,stages,qkv_projection,Linear,PDPU-candidate linear/MVM,yes,196,192,192,36864,110592,250560,27648,1,1,144,432,3981312,0,0.5155,0.5155,stages.4.1.transformer.0.attn.qkv,Linear,torch_hooks,local torch/timm hook trace; not edge evidence
MobileViT-XS,mobilevit_xs,1x3x224x224,mps,fp32,stages,normalization_softmax_activation,Identity,electronic remainder,no,196,192,192,36864,36864,0,9216,1,1,0,0,0,9216,8.0000,8.0000,stages.4.1.transformer.0.attn.q_norm,Identity,torch_hooks,local torch/timm hook trace; not edge evidence
MobileViT-XS,mobilevit_xs,1x3x224x224,mps,fp32,stages,normalization_softmax_activation,Identity,electronic remainder,no,196,192,192,36864,36864,0,9216,1,1,0,0,0,9216,8.0000,8.0000,stages.4.1.transformer.0.attn.k_norm,Identity,torch_hooks,local torch/timm hook trace; not edge evidence
MobileViT-XS,mobilevit_xs,1x3x224x224,mps,fp32,stages,normalization_softmax_activation,Identity,electronic remainder,no,196,192,192,36864,36864,0,9216,1,1,0,0,0,9216,8.0000,8.0000,stages.4.1.transformer.0.attn.norm,Identity,torch_hooks,local torch/timm hook trace; not edge evidence
MobileViT-XS,mobilevit_xs,1x3x224x224,mps,fp32,stages,attention_output_projection,Linear,PDPU-candidate linear/MVM,yes,196,192,192,36864,36864,83520,9216,1,1,144,144,1327104,0,0.1718,0.1718,stages.4.1.transformer.0.attn.proj,Linear,torch_hooks,local torch/timm hook trace; not edge evidence
MobileViT-XS,mobilevit_xs,1x3x224x224,mps,fp32,stages,control_residual,Dropout,electronic remainder,no,196,192,192,36864,36864,0,9216,1,1,0,0,0,0,8.0000,8.0000,stages.4.1.transformer.0.attn.proj_drop,Dropout,torch_hooks,local torch/timm hook trace; not edge evidence
MobileViT-XS,mobilevit_xs,1x3x224x224,mps,fp32,stages,attention_score,QK^T,PDPU-extension candidate,extension,16,144,192,73728,16384,0,4096,1,1,0,0,147456,0,0.0191,0.0191,stages.4.1.transformer.0.attn.attention_score,Attention(function-level inferred),torch_hooks_shape_inferred,"local attention-module shape-derived function-op estimate; extension scenario only, not measured HPAT execution"
MobileViT-XS,mobilevit_xs,1x3x224x224,mps,fp32,stages,attention_value,Attention x V,PDPU-extension candidate,extension,16,144,192,53248,36864,0,9216,1,1,0,0,147456,0,0.0191,0.0191,stages.4.1.transformer.0.attn.attention_value,Attention(function-level inferred),torch_hooks_shape_inferred,"local attention-module shape-derived function-op estimate; extension scenario only, not measured HPAT execution"
MobileViT-XS,mobilevit_xs,1x3x224x224,mps,fp32,stages,control_residual,Identity,electronic remainder,no,196,192,192,36864,36864,0,9216,1,1,0,0,0,0,8.0000,8.0000,stages.4.1.transformer.0.ls1,Identity,torch_hooks,local torch/timm hook trace; not edge evidence
MobileViT-XS,mobilevit_xs,1x3x224x224,mps,fp32,stages,control_residual,Identity,electronic remainder,no,196,192,192,36864,36864,0,9216,1,1,0,0,0,0,8.0000,8.0000,stages.4.1.transformer.0.drop_path1,Identity,torch_hooks,local torch/timm hook trace; not edge evidence
MobileViT-XS,mobilevit_xs,1x3x224x224,mps,fp32,stages,normalization_softmax_activation,LayerNorm,electronic remainder,no,196,192,192,36864,36864,1152,9216,1,1,0,0,0,9216,8.0000,8.0000,stages.4.1.transformer.0.norm2,LayerNorm,torch_hooks,local torch/timm hook trace; not edge evidence
MobileViT-XS,mobilevit_xs,1x3x224x224,mps,fp32,stages,ffn_linear,Linear,PDPU-candidate linear/MVM,yes,196,192,192,36864,73728,167040,18432,1,1,144,288,2654208,0,0.3437,0.3437,stages.4.1.transformer.0.mlp.fc1,Linear,torch_hooks,local torch/timm hook trace; not edge evidence
MobileViT-XS,mobilevit_xs,1x3x224x224,mps,fp32,stages,normalization_softmax_activation,SiLU,electronic remainder,no,196,192,192,73728,73728,0,18432,1,1,0,0,0,18432,8.0000,8.0000,stages.4.1.transformer.0.mlp.act,SiLU,torch_hooks,local torch/timm hook trace; not edge evidence
MobileViT-XS,mobilevit_xs,1x3x224x224,mps,fp32,stages,control_residual,Dropout,electronic remainder,no,196,192,192,73728,73728,0,18432,1,1,0,0,0,0,8.0000,8.0000,stages.4.1.transformer.0.mlp.drop1,Dropout,torch_hooks,local torch/timm hook trace; not edge evidence
MobileViT-XS,mobilevit_xs,1x3x224x224,mps,fp32,stages,normalization_softmax_activation,Identity,electronic remainder,no,196,192,192,73728,73728,0,18432,1,1,0,0,0,18432,8.0000,8.0000,stages.4.1.transformer.0.mlp.norm,Identity,torch_hooks,local torch/timm hook trace; not edge evidence
MobileViT-XS,mobilevit_xs,1x3x224x224,mps,fp32,stages,ffn_linear,Linear,PDPU-candidate linear/MVM,yes,196,192,192,73728,36864,166464,9216,1,1,288,144,2654208,0,0.3437,0.3437,stages.4.1.transformer.0.mlp.fc2,Linear,torch_hooks,local torch/timm hook trace; not edge evidence
MobileViT-XS,mobilevit_xs,1x3x224x224,mps,fp32,stages,control_residual,Dropout,electronic remainder,no,196,192,192,36864,36864,0,9216,1,1,0,0,0,0,8.0000,8.0000,stages.4.1.transformer.0.mlp.drop2,Dropout,torch_hooks,local torch/timm hook trace; not edge evidence
MobileViT-XS,mobilevit_xs,1x3x224x224,mps,fp32,stages,control_residual,Identity,electronic remainder,no,196,192,192,36864,36864,0,9216,1,1,0,0,0,0,8.0000,8.0000,stages.4.1.transformer.0.ls2,Identity,torch_hooks,local torch/timm hook trace; not edge evidence
MobileViT-XS,mobilevit_xs,1x3x224x224,mps,fp32,stages,control_residual,Identity,electronic remainder,no,196,192,192,36864,36864,0,9216,1,1,0,0,0,0,8.0000,8.0000,stages.4.1.transformer.0.drop_path2,Identity,torch_hooks,local torch/timm hook trace; not edge evidence
MobileViT-XS,mobilevit_xs,1x3x224x224,mps,fp32,stages,normalization_softmax_activation,LayerNorm,electronic remainder,no,196,192,192,36864,36864,1152,9216,1,1,0,0,0,9216,8.0000,8.0000,stages.4.1.transformer.1.norm1,LayerNorm,torch_hooks,local torch/timm hook trace; not edge evidence
MobileViT-XS,mobilevit_xs,1x3x224x224,mps,fp32,stages,qkv_projection,Linear,PDPU-candidate linear/MVM,yes,196,192,192,36864,110592,250560,27648,1,1,144,432,3981312,0,0.5155,0.5155,stages.4.1.transformer.1.attn.qkv,Linear,torch_hooks,local torch/timm hook trace; not edge evidence
MobileViT-XS,mobilevit_xs,1x3x224x224,mps,fp32,stages,normalization_softmax_activation,Identity,electronic remainder,no,196,192,192,36864,36864,0,9216,1,1,0,0,0,9216,8.0000,8.0000,stages.4.1.transformer.1.attn.q_norm,Identity,torch_hooks,local torch/timm hook trace; not edge evidence
MobileViT-XS,mobilevit_xs,1x3x224x224,mps,fp32,stages,normalization_softmax_activation,Identity,electronic remainder,no,196,192,192,36864,36864,0,9216,1,1,0,0,0,9216,8.0000,8.0000,stages.4.1.transformer.1.attn.k_norm,Identity,torch_hooks,local torch/timm hook trace; not edge evidence
MobileViT-XS,mobilevit_xs,1x3x224x224,mps,fp32,stages,normalization_softmax_activation,Identity,electronic remainder,no,196,192,192,36864,36864,0,9216,1,1,0,0,0,9216,8.0000,8.0000,stages.4.1.transformer.1.attn.norm,Identity,torch_hooks,local torch/timm hook trace; not edge evidence
MobileViT-XS,mobilevit_xs,1x3x224x224,mps,fp32,stages,attention_output_projection,Linear,PDPU-candidate linear/MVM,yes,196,192,192,36864,36864,83520,9216,1,1,144,144,1327104,0,0.1718,0.1718,stages.4.1.transformer.1.attn.proj,Linear,torch_hooks,local torch/timm hook trace; not edge evidence
MobileViT-XS,mobilevit_xs,1x3x224x224,mps,fp32,stages,control_residual,Dropout,electronic remainder,no,196,192,192,36864,36864,0,9216,1,1,0,0,0,0,8.0000,8.0000,stages.4.1.transformer.1.attn.proj_drop,Dropout,torch_hooks,local torch/timm hook trace; not edge evidence
MobileViT-XS,mobilevit_xs,1x3x224x224,mps,fp32,stages,attention_score,QK^T,PDPU-extension candidate,extension,16,144,192,73728,16384,0,4096,1,1,0,0,147456,0,0.0191,0.0191,stages.4.1.transformer.1.attn.attention_score,Attention(function-level inferred),torch_hooks_shape_inferred,"local attention-module shape-derived function-op estimate; extension scenario only, not measured HPAT execution"
MobileViT-XS,mobilevit_xs,1x3x224x224,mps,fp32,stages,attention_value,Attention x V,PDPU-extension candidate,extension,16,144,192,53248,36864,0,9216,1,1,0,0,147456,0,0.0191,0.0191,stages.4.1.transformer.1.attn.attention_value,Attention(function-level inferred),torch_hooks_shape_inferred,"local attention-module shape-derived function-op estimate; extension scenario only, not measured HPAT execution"
MobileViT-XS,mobilevit_xs,1x3x224x224,mps,fp32,stages,control_residual,Identity,electronic remainder,no,196,192,192,36864,36864,0,9216,1,1,0,0,0,0,8.0000,8.0000,stages.4.1.transformer.1.ls1,Identity,torch_hooks,local torch/timm hook trace; not edge evidence
MobileViT-XS,mobilevit_xs,1x3x224x224,mps,fp32,stages,control_residual,Identity,electronic remainder,no,196,192,192,36864,36864,0,9216,1,1,0,0,0,0,8.0000,8.0000,stages.4.1.transformer.1.drop_path1,Identity,torch_hooks,local torch/timm hook trace; not edge evidence
MobileViT-XS,mobilevit_xs,1x3x224x224,mps,fp32,stages,normalization_softmax_activation,LayerNorm,electronic remainder,no,196,192,192,36864,36864,1152,9216,1,1,0,0,0,9216,8.0000,8.0000,stages.4.1.transformer.1.norm2,LayerNorm,torch_hooks,local torch/timm hook trace; not edge evidence
MobileViT-XS,mobilevit_xs,1x3x224x224,mps,fp32,stages,ffn_linear,Linear,PDPU-candidate linear/MVM,yes,196,192,192,36864,73728,167040,18432,1,1,144,288,2654208,0,0.3437,0.3437,stages.4.1.transformer.1.mlp.fc1,Linear,torch_hooks,local torch/timm hook trace; not edge evidence
MobileViT-XS,mobilevit_xs,1x3x224x224,mps,fp32,stages,normalization_softmax_activation,SiLU,electronic remainder,no,196,192,192,73728,73728,0,18432,1,1,0,0,0,18432,8.0000,8.0000,stages.4.1.transformer.1.mlp.act,SiLU,torch_hooks,local torch/timm hook trace; not edge evidence
MobileViT-XS,mobilevit_xs,1x3x224x224,mps,fp32,stages,control_residual,Dropout,electronic remainder,no,196,192,192,73728,73728,0,18432,1,1,0,0,0,0,8.0000,8.0000,stages.4.1.transformer.1.mlp.drop1,Dropout,torch_hooks,local torch/timm hook trace; not edge evidence
MobileViT-XS,mobilevit_xs,1x3x224x224,mps,fp32,stages,normalization_softmax_activation,Identity,electronic remainder,no,196,192,192,73728,73728,0,18432,1,1,0,0,0,18432,8.0000,8.0000,stages.4.1.transformer.1.mlp.norm,Identity,torch_hooks,local torch/timm hook trace; not edge evidence
MobileViT-XS,mobilevit_xs,1x3x224x224,mps,fp32,stages,ffn_linear,Linear,PDPU-candidate linear/MVM,yes,196,192,192,73728,36864,166464,9216,1,1,288,144,2654208,0,0.3437,0.3437,stages.4.1.transformer.1.mlp.fc2,Linear,torch_hooks,local torch/timm hook trace; not edge evidence
MobileViT-XS,mobilevit_xs,1x3x224x224,mps,fp32,stages,control_residual,Dropout,electronic remainder,no,196,192,192,36864,36864,0,9216,1,1,0,0,0,0,8.0000,8.0000,stages.4.1.transformer.1.mlp.drop2,Dropout,torch_hooks,local torch/timm hook trace; not edge evidence
MobileViT-XS,mobilevit_xs,1x3x224x224,mps,fp32,stages,control_residual,Identity,electronic remainder,no,196,192,192,36864,36864,0,9216,1,1,0,0,0,0,8.0000,8.0000,stages.4.1.transformer.1.ls2,Identity,torch_hooks,local torch/timm hook trace; not edge evidence
MobileViT-XS,mobilevit_xs,1x3x224x224,mps,fp32,stages,control_residual,Identity,electronic remainder,no,196,192,192,36864,36864,0,9216,1,1,0,0,0,0,8.0000,8.0000,stages.4.1.transformer.1.drop_path2,Identity,torch_hooks,local torch/timm hook trace; not edge evidence
MobileViT-XS,mobilevit_xs,1x3x224x224,mps,fp32,stages,normalization_softmax_activation,LayerNorm,electronic remainder,no,196,192,192,36864,36864,1152,9216,1,1,0,0,0,9216,8.0000,8.0000,stages.4.1.transformer.2.norm1,LayerNorm,torch_hooks,local torch/timm hook trace; not edge evidence
MobileViT-XS,mobilevit_xs,1x3x224x224,mps,fp32,stages,qkv_projection,Linear,PDPU-candidate linear/MVM,yes,196,192,192,36864,110592,250560,27648,1,1,144,432,3981312,0,0.5155,0.5155,stages.4.1.transformer.2.attn.qkv,Linear,torch_hooks,local torch/timm hook trace; not edge evidence
MobileViT-XS,mobilevit_xs,1x3x224x224,mps,fp32,stages,normalization_softmax_activation,Identity,electronic remainder,no,196,192,192,36864,36864,0,9216,1,1,0,0,0,9216,8.0000,8.0000,stages.4.1.transformer.2.attn.q_norm,Identity,torch_hooks,local torch/timm hook trace; not edge evidence
MobileViT-XS,mobilevit_xs,1x3x224x224,mps,fp32,stages,normalization_softmax_activation,Identity,electronic remainder,no,196,192,192,36864,36864,0,9216,1,1,0,0,0,9216,8.0000,8.0000,stages.4.1.transformer.2.attn.k_norm,Identity,torch_hooks,local torch/timm hook trace; not edge evidence
MobileViT-XS,mobilevit_xs,1x3x224x224,mps,fp32,stages,normalization_softmax_activation,Identity,electronic remainder,no,196,192,192,36864,36864,0,9216,1,1,0,0,0,9216,8.0000,8.0000,stages.4.1.transformer.2.attn.norm,Identity,torch_hooks,local torch/timm hook trace; not edge evidence
MobileViT-XS,mobilevit_xs,1x3x224x224,mps,fp32,stages,attention_output_projection,Linear,PDPU-candidate linear/MVM,yes,196,192,192,36864,36864,83520,9216,1,1,144,144,1327104,0,0.1718,0.1718,stages.4.1.transformer.2.attn.proj,Linear,torch_hooks,local torch/timm hook trace; not edge evidence
MobileViT-XS,mobilevit_xs,1x3x224x224,mps,fp32,stages,control_residual,Dropout,electronic remainder,no,196,192,192,36864,36864,0,9216,1,1,0,0,0,0,8.0000,8.0000,stages.4.1.transformer.2.attn.proj_drop,Dropout,torch_hooks,local torch/timm hook trace; not edge evidence
MobileViT-XS,mobilevit_xs,1x3x224x224,mps,fp32,stages,attention_score,QK^T,PDPU-extension candidate,extension,16,144,192,73728,16384,0,4096,1,1,0,0,147456,0,0.0191,0.0191,stages.4.1.transformer.2.attn.attention_score,Attention(function-level inferred),torch_hooks_shape_inferred,"local attention-module shape-derived function-op estimate; extension scenario only, not measured HPAT execution"
MobileViT-XS,mobilevit_xs,1x3x224x224,mps,fp32,stages,attention_value,Attention x V,PDPU-extension candidate,extension,16,144,192,53248,36864,0,9216,1,1,0,0,147456,0,0.0191,0.0191,stages.4.1.transformer.2.attn.attention_value,Attention(function-level inferred),torch_hooks_shape_inferred,"local attention-module shape-derived function-op estimate; extension scenario only, not measured HPAT execution"
MobileViT-XS,mobilevit_xs,1x3x224x224,mps,fp32,stages,control_residual,Identity,electronic remainder,no,196,192,192,36864,36864,0,9216,1,1,0,0,0,0,8.0000,8.0000,stages.4.1.transformer.2.ls1,Identity,torch_hooks,local torch/timm hook trace; not edge evidence
MobileViT-XS,mobilevit_xs,1x3x224x224,mps,fp32,stages,control_residual,Identity,electronic remainder,no,196,192,192,36864,36864,0,9216,1,1,0,0,0,0,8.0000,8.0000,stages.4.1.transformer.2.drop_path1,Identity,torch_hooks,local torch/timm hook trace; not edge evidence
MobileViT-XS,mobilevit_xs,1x3x224x224,mps,fp32,stages,normalization_softmax_activation,LayerNorm,electronic remainder,no,196,192,192,36864,36864,1152,9216,1,1,0,0,0,9216,8.0000,8.0000,stages.4.1.transformer.2.norm2,LayerNorm,torch_hooks,local torch/timm hook trace; not edge evidence
MobileViT-XS,mobilevit_xs,1x3x224x224,mps,fp32,stages,ffn_linear,Linear,PDPU-candidate linear/MVM,yes,196,192,192,36864,73728,167040,18432,1,1,144,288,2654208,0,0.3437,0.3437,stages.4.1.transformer.2.mlp.fc1,Linear,torch_hooks,local torch/timm hook trace; not edge evidence
MobileViT-XS,mobilevit_xs,1x3x224x224,mps,fp32,stages,normalization_softmax_activation,SiLU,electronic remainder,no,196,192,192,73728,73728,0,18432,1,1,0,0,0,18432,8.0000,8.0000,stages.4.1.transformer.2.mlp.act,SiLU,torch_hooks,local torch/timm hook trace; not edge evidence
MobileViT-XS,mobilevit_xs,1x3x224x224,mps,fp32,stages,control_residual,Dropout,electronic remainder,no,196,192,192,73728,73728,0,18432,1,1,0,0,0,0,8.0000,8.0000,stages.4.1.transformer.2.mlp.drop1,Dropout,torch_hooks,local torch/timm hook trace; not edge evidence
MobileViT-XS,mobilevit_xs,1x3x224x224,mps,fp32,stages,normalization_softmax_activation,Identity,electronic remainder,no,196,192,192,73728,73728,0,18432,1,1,0,0,0,18432,8.0000,8.0000,stages.4.1.transformer.2.mlp.norm,Identity,torch_hooks,local torch/timm hook trace; not edge evidence
MobileViT-XS,mobilevit_xs,1x3x224x224,mps,fp32,stages,ffn_linear,Linear,PDPU-candidate linear/MVM,yes,196,192,192,73728,36864,166464,9216,1,1,288,144,2654208,0,0.3437,0.3437,stages.4.1.transformer.2.mlp.fc2,Linear,torch_hooks,local torch/timm hook trace; not edge evidence
MobileViT-XS,mobilevit_xs,1x3x224x224,mps,fp32,stages,control_residual,Dropout,electronic remainder,no,196,192,192,36864,36864,0,9216,1,1,0,0,0,0,8.0000,8.0000,stages.4.1.transformer.2.mlp.drop2,Dropout,torch_hooks,local torch/timm hook trace; not edge evidence
MobileViT-XS,mobilevit_xs,1x3x224x224,mps,fp32,stages,control_residual,Identity,electronic remainder,no,196,192,192,36864,36864,0,9216,1,1,0,0,0,0,8.0000,8.0000,stages.4.1.transformer.2.ls2,Identity,torch_hooks,local torch/timm hook trace; not edge evidence
MobileViT-XS,mobilevit_xs,1x3x224x224,mps,fp32,stages,control_residual,Identity,electronic remainder,no,196,192,192,36864,36864,0,9216,1,1,0,0,0,0,8.0000,8.0000,stages.4.1.transformer.2.drop_path2,Identity,torch_hooks,local torch/timm hook trace; not edge evidence
MobileViT-XS,mobilevit_xs,1x3x224x224,mps,fp32,stages,normalization_softmax_activation,LayerNorm,electronic remainder,no,196,192,192,36864,36864,1152,9216,1,1,0,0,0,9216,8.0000,8.0000,stages.4.1.norm,LayerNorm,torch_hooks,local torch/timm hook trace; not edge evidence
MobileViT-XS,mobilevit_xs,1x3x224x224,mps,fp32,stages,pointwise_conv,Conv2d 1x1,PDPU-extension candidate,extension,196,192,192,28224,18816,55296,4704,1,1,144,96,677376,0,0.0877,0.0877,stages.4.1.conv_proj.conv,Conv2d,torch_hooks,local torch/timm hook trace; not edge evidence
MobileViT-XS,mobilevit_xs,1x3x224x224,mps,fp32,stages,control_residual,Identity,electronic remainder,no,196,192,192,18816,18816,0,4704,1,1,0,0,0,0,8.0000,8.0000,stages.4.1.conv_proj.bn.drop,Identity,torch_hooks,local torch/timm hook trace; not edge evidence
MobileViT-XS,mobilevit_xs,1x3x224x224,mps,fp32,stages,normalization_softmax_activation,SiLU,electronic remainder,no,196,192,192,18816,18816,0,4704,1,1,0,0,0,4704,8.0000,8.0000,stages.4.1.conv_proj.bn.act,SiLU,torch_hooks,local torch/timm hook trace; not edge evidence
MobileViT-XS,mobilevit_xs,1x3x224x224,mps,fp32,stages,spatial_conv,Conv2d 3x3,PDPU-extension candidate,extension,196,192,192,37632,18816,663552,4704,9,1,192,96,8128512,0,1.0525,1.0525,stages.4.1.conv_fusion.conv,Conv2d,torch_hooks,local torch/timm hook trace; not edge evidence
MobileViT-XS,mobilevit_xs,1x3x224x224,mps,fp32,stages,control_residual,Identity,electronic remainder,no,196,192,192,18816,18816,0,4704,1,1,0,0,0,0,8.0000,8.0000,stages.4.1.conv_fusion.bn.drop,Identity,torch_hooks,local torch/timm hook trace; not edge evidence
MobileViT-XS,mobilevit_xs,1x3x224x224,mps,fp32,stages,normalization_softmax_activation,SiLU,electronic remainder,no,196,192,192,18816,18816,0,4704,1,1,0,0,0,4704,8.0000,8.0000,stages.4.1.conv_fusion.bn.act,SiLU,torch_hooks,local torch/timm hook trace; not edge evidence
MobileViT-XS,mobilevit_xs,1x3x224x224,mps,fp32,final_conv,pointwise_conv,Conv2d 1x1,PDPU-extension candidate,extension,196,192,192,18816,75264,147456,18816,1,1,96,384,1806336,0,0.2339,0.2339,final_conv.conv,Conv2d,torch_hooks,local torch/timm hook trace; not edge evidence
MobileViT-XS,mobilevit_xs,1x3x224x224,mps,fp32,final_conv,control_residual,Identity,electronic remainder,no,196,192,192,75264,75264,0,18816,1,1,0,0,0,0,8.0000,8.0000,final_conv.bn.drop,Identity,torch_hooks,local torch/timm hook trace; not edge evidence
MobileViT-XS,mobilevit_xs,1x3x224x224,mps,fp32,final_conv,normalization_softmax_activation,SiLU,electronic remainder,no,196,192,192,75264,75264,0,18816,1,1,0,0,0,18816,8.0000,8.0000,final_conv.bn.act,SiLU,torch_hooks,local torch/timm hook trace; not edge evidence
MobileViT-XS,mobilevit_xs,1x3x224x224,mps,fp32,head,control_residual,AdaptiveAvgPool2d,electronic remainder,no,196,192,192,75264,1536,0,384,1,1,0,0,0,0,8.0000,8.0000,head.global_pool.pool,AdaptiveAvgPool2d,torch_hooks,local torch/timm hook trace; not edge evidence
MobileViT-XS,mobilevit_xs,1x3x224x224,mps,fp32,head,control_residual,Flatten,electronic remainder,no,196,192,192,1536,1536,0,384,1,1,0,0,0,0,8.0000,8.0000,head.global_pool.flatten,Flatten,torch_hooks,local torch/timm hook trace; not edge evidence
MobileViT-XS,mobilevit_xs,1x3x224x224,mps,fp32,head,control_residual,Dropout,electronic remainder,no,196,192,192,1536,1536,0,384,1,1,0,0,0,0,8.0000,8.0000,head.drop,Dropout,torch_hooks,local torch/timm hook trace; not edge evidence
MobileViT-XS,mobilevit_xs,1x3x224x224,mps,fp32,head,classifier_linear,Linear,PDPU-candidate linear/MVM,yes,196,192,192,1536,4000,1540000,1000,1,1,384,1000,384000,0,0.0497,0.0497,head.fc,Linear,torch_hooks,local torch/timm hook trace; not edge evidence
MobileViT-XS,mobilevit_xs,1x3x224x224,mps,fp32,head,control_residual,Identity,electronic remainder,no,196,192,192,4000,4000,0,1000,1,1,0,0,0,0,8.0000,8.0000,head.flatten,Identity,torch_hooks,local torch/timm hook trace; not edge evidence
MobileViT-S,mobilevit_s,1x3x256x256,mps,fp32,stem,spatial_conv,Conv2d 3x3,PDPU-extension candidate,extension,196,256,256,786432,1048576,1728,262144,9,1,3,16,7077888,0,0.3537,0.3537,stem.conv,Conv2d,torch_hooks,local torch/timm hook trace; not edge evidence
MobileViT-S,mobilevit_s,1x3x256x256,mps,fp32,stem,control_residual,Identity,electronic remainder,no,196,256,256,1048576,1048576,0,262144,1,1,0,0,0,0,8.0000,8.0000,stem.bn.drop,Identity,torch_hooks,local torch/timm hook trace; not edge evidence
MobileViT-S,mobilevit_s,1x3x256x256,mps,fp32,stem,normalization_softmax_activation,SiLU,electronic remainder,no,196,256,256,1048576,1048576,0,262144,1,1,0,0,0,262144,8.0000,8.0000,stem.bn.act,SiLU,torch_hooks,local torch/timm hook trace; not edge evidence
MobileViT-S,mobilevit_s,1x3x256x256,mps,fp32,stages,pointwise_conv,Conv2d 1x1,PDPU-extension candidate,extension,196,256,256,1048576,4194304,4096,1048576,1,1,16,64,16777216,0,0.8385,0.8385,stages.0.0.conv1_1x1.conv,Conv2d,torch_hooks,local torch/timm hook trace; not edge evidence
MobileViT-S,mobilevit_s,1x3x256x256,mps,fp32,stages,control_residual,Identity,electronic remainder,no,196,256,256,4194304,4194304,0,1048576,1,1,0,0,0,0,8.0000,8.0000,stages.0.0.conv1_1x1.bn.drop,Identity,torch_hooks,local torch/timm hook trace; not edge evidence
MobileViT-S,mobilevit_s,1x3x256x256,mps,fp32,stages,normalization_softmax_activation,SiLU,electronic remainder,no,196,256,256,4194304,4194304,0,1048576,1,1,0,0,0,1048576,8.0000,8.0000,stages.0.0.conv1_1x1.bn.act,SiLU,torch_hooks,local torch/timm hook trace; not edge evidence
MobileViT-S,mobilevit_s,1x3x256x256,mps,fp32,stages,depthwise_conv,Depthwise Conv2d 3x3,PDPU-extension candidate,extension,196,256,256,4194304,4194304,2304,1048576,9,64,64,64,9437184,0,0.4717,0.4717,stages.0.0.conv2_kxk.conv,Conv2d,torch_hooks,local torch/timm hook trace; not edge evidence
MobileViT-S,mobilevit_s,1x3x256x256,mps,fp32,stages,control_residual,Identity,electronic remainder,no,196,256,256,4194304,4194304,0,1048576,1,1,0,0,0,0,8.0000,8.0000,stages.0.0.conv2_kxk.bn.drop,Identity,torch_hooks,local torch/timm hook trace; not edge evidence
MobileViT-S,mobilevit_s,1x3x256x256,mps,fp32,stages,normalization_softmax_activation,SiLU,electronic remainder,no,196,256,256,4194304,4194304,0,1048576,1,1,0,0,0,1048576,8.0000,8.0000,stages.0.0.conv2_kxk.bn.act,SiLU,torch_hooks,local torch/timm hook trace; not edge evidence
MobileViT-S,mobilevit_s,1x3x256x256,mps,fp32,stages,control_residual,Identity,electronic remainder,no,196,256,256,4194304,4194304,0,1048576,1,1,0,0,0,0,8.0000,8.0000,stages.0.0.conv2b_kxk,Identity,torch_hooks,local torch/timm hook trace; not edge evidence
MobileViT-S,mobilevit_s,1x3x256x256,mps,fp32,stages,control_residual,Identity,electronic remainder,no,196,256,256,4194304,4194304,0,1048576,1,1,0,0,0,0,8.0000,8.0000,stages.0.0.attn,Identity,torch_hooks,local torch/timm hook trace; not edge evidence
MobileViT-S,mobilevit_s,1x3x256x256,mps,fp32,stages,pointwise_conv,Conv2d 1x1,PDPU-extension candidate,extension,196,256,256,4194304,2097152,8192,524288,1,1,64,32,33554432,0,1.6770,1.6770,stages.0.0.conv3_1x1.conv,Conv2d,torch_hooks,local torch/timm hook trace; not edge evidence
MobileViT-S,mobilevit_s,1x3x256x256,mps,fp32,stages,control_residual,Identity,electronic remainder,no,196,256,256,2097152,2097152,0,524288,1,1,0,0,0,0,8.0000,8.0000,stages.0.0.conv3_1x1.bn.drop,Identity,torch_hooks,local torch/timm hook trace; not edge evidence
MobileViT-S,mobilevit_s,1x3x256x256,mps,fp32,stages,normalization_softmax_activation,Identity,electronic remainder,no,196,256,256,2097152,2097152,0,524288,1,1,0,0,0,524288,8.0000,8.0000,stages.0.0.conv3_1x1.bn.act,Identity,torch_hooks,local torch/timm hook trace; not edge evidence
MobileViT-S,mobilevit_s,1x3x256x256,mps,fp32,stages,control_residual,Identity,electronic remainder,no,196,256,256,2097152,2097152,0,524288,1,1,0,0,0,0,8.0000,8.0000,stages.0.0.attn_last,Identity,torch_hooks,local torch/timm hook trace; not edge evidence
MobileViT-S,mobilevit_s,1x3x256x256,mps,fp32,stages,control_residual,Identity,electronic remainder,no,196,256,256,2097152,2097152,0,524288,1,1,0,0,0,0,8.0000,8.0000,stages.0.0.drop_path,Identity,torch_hooks,local torch/timm hook trace; not edge evidence
MobileViT-S,mobilevit_s,1x3x256x256,mps,fp32,stages,normalization_softmax_activation,Identity,electronic remainder,no,196,256,256,2097152,2097152,0,524288,1,1,0,0,0,524288,8.0000,8.0000,stages.0.0.act,Identity,torch_hooks,local torch/timm hook trace; not edge evidence
MobileViT-S,mobilevit_s,1x3x256x256,mps,fp32,stages,pointwise_conv,Conv2d 1x1,PDPU-extension candidate,extension,196,256,256,2097152,8388608,16384,2097152,1,1,32,128,67108864,0,3.3540,3.3540,stages.1.0.conv1_1x1.conv,Conv2d,torch_hooks,local torch/timm hook trace; not edge evidence
MobileViT-S,mobilevit_s,1x3x256x256,mps,fp32,stages,control_residual,Identity,electronic remainder,no,196,256,256,8388608,8388608,0,2097152,1,1,0,0,0,0,8.0000,8.0000,stages.1.0.conv1_1x1.bn.drop,Identity,torch_hooks,local torch/timm hook trace; not edge evidence
MobileViT-S,mobilevit_s,1x3x256x256,mps,fp32,stages,normalization_softmax_activation,SiLU,electronic remainder,no,196,256,256,8388608,8388608,0,2097152,1,1,0,0,0,2097152,8.0000,8.0000,stages.1.0.conv1_1x1.bn.act,SiLU,torch_hooks,local torch/timm hook trace; not edge evidence
MobileViT-S,mobilevit_s,1x3x256x256,mps,fp32,stages,depthwise_conv,Depthwise Conv2d 3x3,PDPU-extension candidate,extension,196,256,256,8388608,2097152,4608,524288,9,128,128,128,4718592,0,0.2358,0.2358,stages.1.0.conv2_kxk.conv,Conv2d,torch_hooks,local torch/timm hook trace; not edge evidence
MobileViT-S,mobilevit_s,1x3x256x256,mps,fp32,stages,control_residual,Identity,electronic remainder,no,196,256,256,2097152,2097152,0,524288,1,1,0,0,0,0,8.0000,8.0000,stages.1.0.conv2_kxk.bn.drop,Identity,torch_hooks,local torch/timm hook trace; not edge evidence
MobileViT-S,mobilevit_s,1x3x256x256,mps,fp32,stages,normalization_softmax_activation,SiLU,electronic remainder,no,196,256,256,2097152,2097152,0,524288,1,1,0,0,0,524288,8.0000,8.0000,stages.1.0.conv2_kxk.bn.act,SiLU,torch_hooks,local torch/timm hook trace; not edge evidence
MobileViT-S,mobilevit_s,1x3x256x256,mps,fp32,stages,control_residual,Identity,electronic remainder,no,196,256,256,2097152,2097152,0,524288,1,1,0,0,0,0,8.0000,8.0000,stages.1.0.conv2b_kxk,Identity,torch_hooks,local torch/timm hook trace; not edge evidence
MobileViT-S,mobilevit_s,1x3x256x256,mps,fp32,stages,control_residual,Identity,electronic remainder,no,196,256,256,2097152,2097152,0,524288,1,1,0,0,0,0,8.0000,8.0000,stages.1.0.attn,Identity,torch_hooks,local torch/timm hook trace; not edge evidence
MobileViT-S,mobilevit_s,1x3x256x256,mps,fp32,stages,pointwise_conv,Conv2d 1x1,PDPU-extension candidate,extension,196,256,256,2097152,1048576,32768,262144,1,1,128,64,33554432,0,1.6770,1.6770,stages.1.0.conv3_1x1.conv,Conv2d,torch_hooks,local torch/timm hook trace; not edge evidence
MobileViT-S,mobilevit_s,1x3x256x256,mps,fp32,stages,control_residual,Identity,electronic remainder,no,196,256,256,1048576,1048576,0,262144,1,1,0,0,0,0,8.0000,8.0000,stages.1.0.conv3_1x1.bn.drop,Identity,torch_hooks,local torch/timm hook trace; not edge evidence
MobileViT-S,mobilevit_s,1x3x256x256,mps,fp32,stages,normalization_softmax_activation,Identity,electronic remainder,no,196,256,256,1048576,1048576,0,262144,1,1,0,0,0,262144,8.0000,8.0000,stages.1.0.conv3_1x1.bn.act,Identity,torch_hooks,local torch/timm hook trace; not edge evidence
MobileViT-S,mobilevit_s,1x3x256x256,mps,fp32,stages,control_residual,Identity,electronic remainder,no,196,256,256,1048576,1048576,0,262144,1,1,0,0,0,0,8.0000,8.0000,stages.1.0.attn_last,Identity,torch_hooks,local torch/timm hook trace; not edge evidence
MobileViT-S,mobilevit_s,1x3x256x256,mps,fp32,stages,control_residual,Identity,electronic remainder,no,196,256,256,1048576,1048576,0,262144,1,1,0,0,0,0,8.0000,8.0000,stages.1.0.drop_path,Identity,torch_hooks,local torch/timm hook trace; not edge evidence
MobileViT-S,mobilevit_s,1x3x256x256,mps,fp32,stages,normalization_softmax_activation,Identity,electronic remainder,no,196,256,256,1048576,1048576,0,262144,1,1,0,0,0,262144,8.0000,8.0000,stages.1.0.act,Identity,torch_hooks,local torch/timm hook trace; not edge evidence
MobileViT-S,mobilevit_s,1x3x256x256,mps,fp32,stages,pointwise_conv,Conv2d 1x1,PDPU-extension candidate,extension,196,256,256,1048576,4194304,65536,1048576,1,1,64,256,67108864,0,3.3540,3.3540,stages.1.1.conv1_1x1.conv,Conv2d,torch_hooks,local torch/timm hook trace; not edge evidence
MobileViT-S,mobilevit_s,1x3x256x256,mps,fp32,stages,control_residual,Identity,electronic remainder,no,196,256,256,4194304,4194304,0,1048576,1,1,0,0,0,0,8.0000,8.0000,stages.1.1.conv1_1x1.bn.drop,Identity,torch_hooks,local torch/timm hook trace; not edge evidence
MobileViT-S,mobilevit_s,1x3x256x256,mps,fp32,stages,normalization_softmax_activation,SiLU,electronic remainder,no,196,256,256,4194304,4194304,0,1048576,1,1,0,0,0,1048576,8.0000,8.0000,stages.1.1.conv1_1x1.bn.act,SiLU,torch_hooks,local torch/timm hook trace; not edge evidence
MobileViT-S,mobilevit_s,1x3x256x256,mps,fp32,stages,depthwise_conv,Depthwise Conv2d 3x3,PDPU-extension candidate,extension,196,256,256,4194304,4194304,9216,1048576,9,256,256,256,9437184,0,0.4717,0.4717,stages.1.1.conv2_kxk.conv,Conv2d,torch_hooks,local torch/timm hook trace; not edge evidence
MobileViT-S,mobilevit_s,1x3x256x256,mps,fp32,stages,control_residual,Identity,electronic remainder,no,196,256,256,4194304,4194304,0,1048576,1,1,0,0,0,0,8.0000,8.0000,stages.1.1.conv2_kxk.bn.drop,Identity,torch_hooks,local torch/timm hook trace; not edge evidence
MobileViT-S,mobilevit_s,1x3x256x256,mps,fp32,stages,normalization_softmax_activation,SiLU,electronic remainder,no,196,256,256,4194304,4194304,0,1048576,1,1,0,0,0,1048576,8.0000,8.0000,stages.1.1.conv2_kxk.bn.act,SiLU,torch_hooks,local torch/timm hook trace; not edge evidence
MobileViT-S,mobilevit_s,1x3x256x256,mps,fp32,stages,control_residual,Identity,electronic remainder,no,196,256,256,4194304,4194304,0,1048576,1,1,0,0,0,0,8.0000,8.0000,stages.1.1.conv2b_kxk,Identity,torch_hooks,local torch/timm hook trace; not edge evidence
MobileViT-S,mobilevit_s,1x3x256x256,mps,fp32,stages,control_residual,Identity,electronic remainder,no,196,256,256,4194304,4194304,0,1048576,1,1,0,0,0,0,8.0000,8.0000,stages.1.1.attn,Identity,torch_hooks,local torch/timm hook trace; not edge evidence
MobileViT-S,mobilevit_s,1x3x256x256,mps,fp32,stages,pointwise_conv,Conv2d 1x1,PDPU-extension candidate,extension,196,256,256,4194304,1048576,65536,262144,1,1,256,64,67108864,0,3.3540,3.3540,stages.1.1.conv3_1x1.conv,Conv2d,torch_hooks,local torch/timm hook trace; not edge evidence
MobileViT-S,mobilevit_s,1x3x256x256,mps,fp32,stages,control_residual,Identity,electronic remainder,no,196,256,256,1048576,1048576,0,262144,1,1,0,0,0,0,8.0000,8.0000,stages.1.1.conv3_1x1.bn.drop,Identity,torch_hooks,local torch/timm hook trace; not edge evidence
MobileViT-S,mobilevit_s,1x3x256x256,mps,fp32,stages,normalization_softmax_activation,Identity,electronic remainder,no,196,256,256,1048576,1048576,0,262144,1,1,0,0,0,262144,8.0000,8.0000,stages.1.1.conv3_1x1.bn.act,Identity,torch_hooks,local torch/timm hook trace; not edge evidence
MobileViT-S,mobilevit_s,1x3x256x256,mps,fp32,stages,control_residual,Identity,electronic remainder,no,196,256,256,1048576,1048576,0,262144,1,1,0,0,0,0,8.0000,8.0000,stages.1.1.attn_last,Identity,torch_hooks,local torch/timm hook trace; not edge evidence
MobileViT-S,mobilevit_s,1x3x256x256,mps,fp32,stages,control_residual,Identity,electronic remainder,no,196,256,256,1048576,1048576,0,262144,1,1,0,0,0,0,8.0000,8.0000,stages.1.1.drop_path,Identity,torch_hooks,local torch/timm hook trace; not edge evidence
MobileViT-S,mobilevit_s,1x3x256x256,mps,fp32,stages,control_residual,Identity,electronic remainder,no,196,256,256,1048576,1048576,0,262144,1,1,0,0,0,0,8.0000,8.0000,stages.1.1.shortcut,Identity,torch_hooks,local torch/timm hook trace; not edge evidence
MobileViT-S,mobilevit_s,1x3x256x256,mps,fp32,stages,normalization_softmax_activation,Identity,electronic remainder,no,196,256,256,1048576,1048576,0,262144,1,1,0,0,0,262144,8.0000,8.0000,stages.1.1.act,Identity,torch_hooks,local torch/timm hook trace; not edge evidence
MobileViT-S,mobilevit_s,1x3x256x256,mps,fp32,stages,pointwise_conv,Conv2d 1x1,PDPU-extension candidate,extension,196,256,256,1048576,4194304,65536,1048576,1,1,64,256,67108864,0,3.3540,3.3540,stages.1.2.conv1_1x1.conv,Conv2d,torch_hooks,local torch/timm hook trace; not edge evidence
MobileViT-S,mobilevit_s,1x3x256x256,mps,fp32,stages,control_residual,Identity,electronic remainder,no,196,256,256,4194304,4194304,0,1048576,1,1,0,0,0,0,8.0000,8.0000,stages.1.2.conv1_1x1.bn.drop,Identity,torch_hooks,local torch/timm hook trace; not edge evidence
MobileViT-S,mobilevit_s,1x3x256x256,mps,fp32,stages,normalization_softmax_activation,SiLU,electronic remainder,no,196,256,256,4194304,4194304,0,1048576,1,1,0,0,0,1048576,8.0000,8.0000,stages.1.2.conv1_1x1.bn.act,SiLU,torch_hooks,local torch/timm hook trace; not edge evidence
MobileViT-S,mobilevit_s,1x3x256x256,mps,fp32,stages,depthwise_conv,Depthwise Conv2d 3x3,PDPU-extension candidate,extension,196,256,256,4194304,4194304,9216,1048576,9,256,256,256,9437184,0,0.4717,0.4717,stages.1.2.conv2_kxk.conv,Conv2d,torch_hooks,local torch/timm hook trace; not edge evidence
MobileViT-S,mobilevit_s,1x3x256x256,mps,fp32,stages,control_residual,Identity,electronic remainder,no,196,256,256,4194304,4194304,0,1048576,1,1,0,0,0,0,8.0000,8.0000,stages.1.2.conv2_kxk.bn.drop,Identity,torch_hooks,local torch/timm hook trace; not edge evidence
MobileViT-S,mobilevit_s,1x3x256x256,mps,fp32,stages,normalization_softmax_activation,SiLU,electronic remainder,no,196,256,256,4194304,4194304,0,1048576,1,1,0,0,0,1048576,8.0000,8.0000,stages.1.2.conv2_kxk.bn.act,SiLU,torch_hooks,local torch/timm hook trace; not edge evidence
MobileViT-S,mobilevit_s,1x3x256x256,mps,fp32,stages,control_residual,Identity,electronic remainder,no,196,256,256,4194304,4194304,0,1048576,1,1,0,0,0,0,8.0000,8.0000,stages.1.2.conv2b_kxk,Identity,torch_hooks,local torch/timm hook trace; not edge evidence
MobileViT-S,mobilevit_s,1x3x256x256,mps,fp32,stages,control_residual,Identity,electronic remainder,no,196,256,256,4194304,4194304,0,1048576,1,1,0,0,0,0,8.0000,8.0000,stages.1.2.attn,Identity,torch_hooks,local torch/timm hook trace; not edge evidence
MobileViT-S,mobilevit_s,1x3x256x256,mps,fp32,stages,pointwise_conv,Conv2d 1x1,PDPU-extension candidate,extension,196,256,256,4194304,1048576,65536,262144,1,1,256,64,67108864,0,3.3540,3.3540,stages.1.2.conv3_1x1.conv,Conv2d,torch_hooks,local torch/timm hook trace; not edge evidence
MobileViT-S,mobilevit_s,1x3x256x256,mps,fp32,stages,control_residual,Identity,electronic remainder,no,196,256,256,1048576,1048576,0,262144,1,1,0,0,0,0,8.0000,8.0000,stages.1.2.conv3_1x1.bn.drop,Identity,torch_hooks,local torch/timm hook trace; not edge evidence
MobileViT-S,mobilevit_s,1x3x256x256,mps,fp32,stages,normalization_softmax_activation,Identity,electronic remainder,no,196,256,256,1048576,1048576,0,262144,1,1,0,0,0,262144,8.0000,8.0000,stages.1.2.conv3_1x1.bn.act,Identity,torch_hooks,local torch/timm hook trace; not edge evidence
MobileViT-S,mobilevit_s,1x3x256x256,mps,fp32,stages,control_residual,Identity,electronic remainder,no,196,256,256,1048576,1048576,0,262144,1,1,0,0,0,0,8.0000,8.0000,stages.1.2.attn_last,Identity,torch_hooks,local torch/timm hook trace; not edge evidence
MobileViT-S,mobilevit_s,1x3x256x256,mps,fp32,stages,control_residual,Identity,electronic remainder,no,196,256,256,1048576,1048576,0,262144,1,1,0,0,0,0,8.0000,8.0000,stages.1.2.drop_path,Identity,torch_hooks,local torch/timm hook trace; not edge evidence
MobileViT-S,mobilevit_s,1x3x256x256,mps,fp32,stages,control_residual,Identity,electronic remainder,no,196,256,256,1048576,1048576,0,262144,1,1,0,0,0,0,8.0000,8.0000,stages.1.2.shortcut,Identity,torch_hooks,local torch/timm hook trace; not edge evidence
MobileViT-S,mobilevit_s,1x3x256x256,mps,fp32,stages,normalization_softmax_activation,Identity,electronic remainder,no,196,256,256,1048576,1048576,0,262144,1,1,0,0,0,262144,8.0000,8.0000,stages.1.2.act,Identity,torch_hooks,local torch/timm hook trace; not edge evidence
MobileViT-S,mobilevit_s,1x3x256x256,mps,fp32,stages,pointwise_conv,Conv2d 1x1,PDPU-extension candidate,extension,196,256,256,1048576,4194304,65536,1048576,1,1,64,256,67108864,0,3.3540,3.3540,stages.2.0.conv1_1x1.conv,Conv2d,torch_hooks,local torch/timm hook trace; not edge evidence
MobileViT-S,mobilevit_s,1x3x256x256,mps,fp32,stages,control_residual,Identity,electronic remainder,no,196,256,256,4194304,4194304,0,1048576,1,1,0,0,0,0,8.0000,8.0000,stages.2.0.conv1_1x1.bn.drop,Identity,torch_hooks,local torch/timm hook trace; not edge evidence
MobileViT-S,mobilevit_s,1x3x256x256,mps,fp32,stages,normalization_softmax_activation,SiLU,electronic remainder,no,196,256,256,4194304,4194304,0,1048576,1,1,0,0,0,1048576,8.0000,8.0000,stages.2.0.conv1_1x1.bn.act,SiLU,torch_hooks,local torch/timm hook trace; not edge evidence
MobileViT-S,mobilevit_s,1x3x256x256,mps,fp32,stages,depthwise_conv,Depthwise Conv2d 3x3,PDPU-extension candidate,extension,196,256,256,4194304,1048576,9216,262144,9,256,256,256,2359296,0,0.1179,0.1179,stages.2.0.conv2_kxk.conv,Conv2d,torch_hooks,local torch/timm hook trace; not edge evidence
MobileViT-S,mobilevit_s,1x3x256x256,mps,fp32,stages,control_residual,Identity,electronic remainder,no,196,256,256,1048576,1048576,0,262144,1,1,0,0,0,0,8.0000,8.0000,stages.2.0.conv2_kxk.bn.drop,Identity,torch_hooks,local torch/timm hook trace; not edge evidence
MobileViT-S,mobilevit_s,1x3x256x256,mps,fp32,stages,normalization_softmax_activation,SiLU,electronic remainder,no,196,256,256,1048576,1048576,0,262144,1,1,0,0,0,262144,8.0000,8.0000,stages.2.0.conv2_kxk.bn.act,SiLU,torch_hooks,local torch/timm hook trace; not edge evidence
MobileViT-S,mobilevit_s,1x3x256x256,mps,fp32,stages,control_residual,Identity,electronic remainder,no,196,256,256,1048576,1048576,0,262144,1,1,0,0,0,0,8.0000,8.0000,stages.2.0.conv2b_kxk,Identity,torch_hooks,local torch/timm hook trace; not edge evidence
MobileViT-S,mobilevit_s,1x3x256x256,mps,fp32,stages,control_residual,Identity,electronic remainder,no,196,256,256,1048576,1048576,0,262144,1,1,0,0,0,0,8.0000,8.0000,stages.2.0.attn,Identity,torch_hooks,local torch/timm hook trace; not edge evidence
MobileViT-S,mobilevit_s,1x3x256x256,mps,fp32,stages,pointwise_conv,Conv2d 1x1,PDPU-extension candidate,extension,196,256,256,1048576,393216,98304,98304,1,1,256,96,25165824,0,1.2578,1.2578,stages.2.0.conv3_1x1.conv,Conv2d,torch_hooks,local torch/timm hook trace; not edge evidence
MobileViT-S,mobilevit_s,1x3x256x256,mps,fp32,stages,control_residual,Identity,electronic remainder,no,196,256,256,393216,393216,0,98304,1,1,0,0,0,0,8.0000,8.0000,stages.2.0.conv3_1x1.bn.drop,Identity,torch_hooks,local torch/timm hook trace; not edge evidence
MobileViT-S,mobilevit_s,1x3x256x256,mps,fp32,stages,normalization_softmax_activation,Identity,electronic remainder,no,196,256,256,393216,393216,0,98304,1,1,0,0,0,98304,8.0000,8.0000,stages.2.0.conv3_1x1.bn.act,Identity,torch_hooks,local torch/timm hook trace; not edge evidence
MobileViT-S,mobilevit_s,1x3x256x256,mps,fp32,stages,control_residual,Identity,electronic remainder,no,196,256,256,393216,393216,0,98304,1,1,0,0,0,0,8.0000,8.0000,stages.2.0.attn_last,Identity,torch_hooks,local torch/timm hook trace; not edge evidence
MobileViT-S,mobilevit_s,1x3x256x256,mps,fp32,stages,control_residual,Identity,electronic remainder,no,196,256,256,393216,393216,0,98304,1,1,0,0,0,0,8.0000,8.0000,stages.2.0.drop_path,Identity,torch_hooks,local torch/timm hook trace; not edge evidence
MobileViT-S,mobilevit_s,1x3x256x256,mps,fp32,stages,normalization_softmax_activation,Identity,electronic remainder,no,196,256,256,393216,393216,0,98304,1,1,0,0,0,98304,8.0000,8.0000,stages.2.0.act,Identity,torch_hooks,local torch/timm hook trace; not edge evidence
MobileViT-S,mobilevit_s,1x3x256x256,mps,fp32,stages,spatial_conv,Conv2d 3x3,PDPU-extension candidate,extension,196,256,256,393216,393216,331776,98304,9,1,96,96,84934656,0,4.2450,4.2450,stages.2.1.conv_kxk.conv,Conv2d,torch_hooks,local torch/timm hook trace; not edge evidence
MobileViT-S,mobilevit_s,1x3x256x256,mps,fp32,stages,control_residual,Identity,electronic remainder,no,196,256,256,393216,393216,0,98304,1,1,0,0,0,0,8.0000,8.0000,stages.2.1.conv_kxk.bn.drop,Identity,torch_hooks,local torch/timm hook trace; not edge evidence
MobileViT-S,mobilevit_s,1x3x256x256,mps,fp32,stages,normalization_softmax_activation,SiLU,electronic remainder,no,196,256,256,393216,393216,0,98304,1,1,0,0,0,98304,8.0000,8.0000,stages.2.1.conv_kxk.bn.act,SiLU,torch_hooks,local torch/timm hook trace; not edge evidence
MobileViT-S,mobilevit_s,1x3x256x256,mps,fp32,stages,pointwise_conv,Conv2d 1x1,PDPU-extension candidate,extension,196,256,256,393216,589824,55296,147456,1,1,96,144,14155776,0,0.7075,0.7075,stages.2.1.conv_1x1,Conv2d,torch_hooks,local torch/timm hook trace; not edge evidence
MobileViT-S,mobilevit_s,1x3x256x256,mps,fp32,stages,normalization_softmax_activation,LayerNorm,electronic remainder,no,196,256,256,589824,589824,1152,147456,1,1,0,0,0,147456,8.0000,8.0000,stages.2.1.transformer.0.norm1,LayerNorm,torch_hooks,local torch/timm hook trace; not edge evidence
MobileViT-S,mobilevit_s,1x3x256x256,mps,fp32,stages,qkv_projection,Linear,PDPU-candidate linear/MVM,yes,196,256,256,589824,1769472,250560,442368,1,1,144,432,63700992,0,3.1837,3.1837,stages.2.1.transformer.0.attn.qkv,Linear,torch_hooks,local torch/timm hook trace; not edge evidence
MobileViT-S,mobilevit_s,1x3x256x256,mps,fp32,stages,normalization_softmax_activation,Identity,electronic remainder,no,196,256,256,589824,589824,0,147456,1,1,0,0,0,147456,8.0000,8.0000,stages.2.1.transformer.0.attn.q_norm,Identity,torch_hooks,local torch/timm hook trace; not edge evidence
MobileViT-S,mobilevit_s,1x3x256x256,mps,fp32,stages,normalization_softmax_activation,Identity,electronic remainder,no,196,256,256,589824,589824,0,147456,1,1,0,0,0,147456,8.0000,8.0000,stages.2.1.transformer.0.attn.k_norm,Identity,torch_hooks,local torch/timm hook trace; not edge evidence
MobileViT-S,mobilevit_s,1x3x256x256,mps,fp32,stages,normalization_softmax_activation,Identity,electronic remainder,no,196,256,256,589824,589824,0,147456,1,1,0,0,0,147456,8.0000,8.0000,stages.2.1.transformer.0.attn.norm,Identity,torch_hooks,local torch/timm hook trace; not edge evidence
MobileViT-S,mobilevit_s,1x3x256x256,mps,fp32,stages,attention_output_projection,Linear,PDPU-candidate linear/MVM,yes,196,256,256,589824,589824,83520,147456,1,1,144,144,21233664,0,1.0612,1.0612,stages.2.1.transformer.0.attn.proj,Linear,torch_hooks,local torch/timm hook trace; not edge evidence
MobileViT-S,mobilevit_s,1x3x256x256,mps,fp32,stages,control_residual,Dropout,electronic remainder,no,196,256,256,589824,589824,0,147456,1,1,0,0,0,0,8.0000,8.0000,stages.2.1.transformer.0.attn.proj_drop,Dropout,torch_hooks,local torch/timm hook trace; not edge evidence
MobileViT-S,mobilevit_s,1x3x256x256,mps,fp32,stages,attention_score,QK^T,PDPU-extension candidate,extension,256,144,256,1179648,4194304,0,1048576,1,1,0,0,37748736,0,1.8867,1.8867,stages.2.1.transformer.0.attn.attention_score,Attention(function-level inferred),torch_hooks_shape_inferred,"local attention-module shape-derived function-op estimate; extension scenario only, not measured HPAT execution"
MobileViT-S,mobilevit_s,1x3x256x256,mps,fp32,stages,attention_value,Attention x V,PDPU-extension candidate,extension,256,144,256,4784128,589824,0,147456,1,1,0,0,37748736,0,1.8867,1.8867,stages.2.1.transformer.0.attn.attention_value,Attention(function-level inferred),torch_hooks_shape_inferred,"local attention-module shape-derived function-op estimate; extension scenario only, not measured HPAT execution"
MobileViT-S,mobilevit_s,1x3x256x256,mps,fp32,stages,control_residual,Identity,electronic remainder,no,196,256,256,589824,589824,0,147456,1,1,0,0,0,0,8.0000,8.0000,stages.2.1.transformer.0.ls1,Identity,torch_hooks,local torch/timm hook trace; not edge evidence
MobileViT-S,mobilevit_s,1x3x256x256,mps,fp32,stages,control_residual,Identity,electronic remainder,no,196,256,256,589824,589824,0,147456,1,1,0,0,0,0,8.0000,8.0000,stages.2.1.transformer.0.drop_path1,Identity,torch_hooks,local torch/timm hook trace; not edge evidence
MobileViT-S,mobilevit_s,1x3x256x256,mps,fp32,stages,normalization_softmax_activation,LayerNorm,electronic remainder,no,196,256,256,589824,589824,1152,147456,1,1,0,0,0,147456,8.0000,8.0000,stages.2.1.transformer.0.norm2,LayerNorm,torch_hooks,local torch/timm hook trace; not edge evidence
MobileViT-S,mobilevit_s,1x3x256x256,mps,fp32,stages,ffn_linear,Linear,PDPU-candidate linear/MVM,yes,196,256,256,589824,1179648,167040,294912,1,1,144,288,42467328,0,2.1225,2.1225,stages.2.1.transformer.0.mlp.fc1,Linear,torch_hooks,local torch/timm hook trace; not edge evidence
MobileViT-S,mobilevit_s,1x3x256x256,mps,fp32,stages,normalization_softmax_activation,SiLU,electronic remainder,no,196,256,256,1179648,1179648,0,294912,1,1,0,0,0,294912,8.0000,8.0000,stages.2.1.transformer.0.mlp.act,SiLU,torch_hooks,local torch/timm hook trace; not edge evidence
MobileViT-S,mobilevit_s,1x3x256x256,mps,fp32,stages,control_residual,Dropout,electronic remainder,no,196,256,256,1179648,1179648,0,294912,1,1,0,0,0,0,8.0000,8.0000,stages.2.1.transformer.0.mlp.drop1,Dropout,torch_hooks,local torch/timm hook trace; not edge evidence
MobileViT-S,mobilevit_s,1x3x256x256,mps,fp32,stages,normalization_softmax_activation,Identity,electronic remainder,no,196,256,256,1179648,1179648,0,294912,1,1,0,0,0,294912,8.0000,8.0000,stages.2.1.transformer.0.mlp.norm,Identity,torch_hooks,local torch/timm hook trace; not edge evidence
MobileViT-S,mobilevit_s,1x3x256x256,mps,fp32,stages,ffn_linear,Linear,PDPU-candidate linear/MVM,yes,196,256,256,1179648,589824,166464,147456,1,1,288,144,42467328,0,2.1225,2.1225,stages.2.1.transformer.0.mlp.fc2,Linear,torch_hooks,local torch/timm hook trace; not edge evidence
MobileViT-S,mobilevit_s,1x3x256x256,mps,fp32,stages,control_residual,Dropout,electronic remainder,no,196,256,256,589824,589824,0,147456,1,1,0,0,0,0,8.0000,8.0000,stages.2.1.transformer.0.mlp.drop2,Dropout,torch_hooks,local torch/timm hook trace; not edge evidence
MobileViT-S,mobilevit_s,1x3x256x256,mps,fp32,stages,control_residual,Identity,electronic remainder,no,196,256,256,589824,589824,0,147456,1,1,0,0,0,0,8.0000,8.0000,stages.2.1.transformer.0.ls2,Identity,torch_hooks,local torch/timm hook trace; not edge evidence
MobileViT-S,mobilevit_s,1x3x256x256,mps,fp32,stages,control_residual,Identity,electronic remainder,no,196,256,256,589824,589824,0,147456,1,1,0,0,0,0,8.0000,8.0000,stages.2.1.transformer.0.drop_path2,Identity,torch_hooks,local torch/timm hook trace; not edge evidence
MobileViT-S,mobilevit_s,1x3x256x256,mps,fp32,stages,normalization_softmax_activation,LayerNorm,electronic remainder,no,196,256,256,589824,589824,1152,147456,1,1,0,0,0,147456,8.0000,8.0000,stages.2.1.transformer.1.norm1,LayerNorm,torch_hooks,local torch/timm hook trace; not edge evidence
MobileViT-S,mobilevit_s,1x3x256x256,mps,fp32,stages,qkv_projection,Linear,PDPU-candidate linear/MVM,yes,196,256,256,589824,1769472,250560,442368,1,1,144,432,63700992,0,3.1837,3.1837,stages.2.1.transformer.1.attn.qkv,Linear,torch_hooks,local torch/timm hook trace; not edge evidence
MobileViT-S,mobilevit_s,1x3x256x256,mps,fp32,stages,normalization_softmax_activation,Identity,electronic remainder,no,196,256,256,589824,589824,0,147456,1,1,0,0,0,147456,8.0000,8.0000,stages.2.1.transformer.1.attn.q_norm,Identity,torch_hooks,local torch/timm hook trace; not edge evidence
MobileViT-S,mobilevit_s,1x3x256x256,mps,fp32,stages,normalization_softmax_activation,Identity,electronic remainder,no,196,256,256,589824,589824,0,147456,1,1,0,0,0,147456,8.0000,8.0000,stages.2.1.transformer.1.attn.k_norm,Identity,torch_hooks,local torch/timm hook trace; not edge evidence
MobileViT-S,mobilevit_s,1x3x256x256,mps,fp32,stages,normalization_softmax_activation,Identity,electronic remainder,no,196,256,256,589824,589824,0,147456,1,1,0,0,0,147456,8.0000,8.0000,stages.2.1.transformer.1.attn.norm,Identity,torch_hooks,local torch/timm hook trace; not edge evidence
MobileViT-S,mobilevit_s,1x3x256x256,mps,fp32,stages,attention_output_projection,Linear,PDPU-candidate linear/MVM,yes,196,256,256,589824,589824,83520,147456,1,1,144,144,21233664,0,1.0612,1.0612,stages.2.1.transformer.1.attn.proj,Linear,torch_hooks,local torch/timm hook trace; not edge evidence
MobileViT-S,mobilevit_s,1x3x256x256,mps,fp32,stages,control_residual,Dropout,electronic remainder,no,196,256,256,589824,589824,0,147456,1,1,0,0,0,0,8.0000,8.0000,stages.2.1.transformer.1.attn.proj_drop,Dropout,torch_hooks,local torch/timm hook trace; not edge evidence
MobileViT-S,mobilevit_s,1x3x256x256,mps,fp32,stages,attention_score,QK^T,PDPU-extension candidate,extension,256,144,256,1179648,4194304,0,1048576,1,1,0,0,37748736,0,1.8867,1.8867,stages.2.1.transformer.1.attn.attention_score,Attention(function-level inferred),torch_hooks_shape_inferred,"local attention-module shape-derived function-op estimate; extension scenario only, not measured HPAT execution"
MobileViT-S,mobilevit_s,1x3x256x256,mps,fp32,stages,attention_value,Attention x V,PDPU-extension candidate,extension,256,144,256,4784128,589824,0,147456,1,1,0,0,37748736,0,1.8867,1.8867,stages.2.1.transformer.1.attn.attention_value,Attention(function-level inferred),torch_hooks_shape_inferred,"local attention-module shape-derived function-op estimate; extension scenario only, not measured HPAT execution"
MobileViT-S,mobilevit_s,1x3x256x256,mps,fp32,stages,control_residual,Identity,electronic remainder,no,196,256,256,589824,589824,0,147456,1,1,0,0,0,0,8.0000,8.0000,stages.2.1.transformer.1.ls1,Identity,torch_hooks,local torch/timm hook trace; not edge evidence
MobileViT-S,mobilevit_s,1x3x256x256,mps,fp32,stages,control_residual,Identity,electronic remainder,no,196,256,256,589824,589824,0,147456,1,1,0,0,0,0,8.0000,8.0000,stages.2.1.transformer.1.drop_path1,Identity,torch_hooks,local torch/timm hook trace; not edge evidence
MobileViT-S,mobilevit_s,1x3x256x256,mps,fp32,stages,normalization_softmax_activation,LayerNorm,electronic remainder,no,196,256,256,589824,589824,1152,147456,1,1,0,0,0,147456,8.0000,8.0000,stages.2.1.transformer.1.norm2,LayerNorm,torch_hooks,local torch/timm hook trace; not edge evidence
MobileViT-S,mobilevit_s,1x3x256x256,mps,fp32,stages,ffn_linear,Linear,PDPU-candidate linear/MVM,yes,196,256,256,589824,1179648,167040,294912,1,1,144,288,42467328,0,2.1225,2.1225,stages.2.1.transformer.1.mlp.fc1,Linear,torch_hooks,local torch/timm hook trace; not edge evidence
MobileViT-S,mobilevit_s,1x3x256x256,mps,fp32,stages,normalization_softmax_activation,SiLU,electronic remainder,no,196,256,256,1179648,1179648,0,294912,1,1,0,0,0,294912,8.0000,8.0000,stages.2.1.transformer.1.mlp.act,SiLU,torch_hooks,local torch/timm hook trace; not edge evidence
MobileViT-S,mobilevit_s,1x3x256x256,mps,fp32,stages,control_residual,Dropout,electronic remainder,no,196,256,256,1179648,1179648,0,294912,1,1,0,0,0,0,8.0000,8.0000,stages.2.1.transformer.1.mlp.drop1,Dropout,torch_hooks,local torch/timm hook trace; not edge evidence
MobileViT-S,mobilevit_s,1x3x256x256,mps,fp32,stages,normalization_softmax_activation,Identity,electronic remainder,no,196,256,256,1179648,1179648,0,294912,1,1,0,0,0,294912,8.0000,8.0000,stages.2.1.transformer.1.mlp.norm,Identity,torch_hooks,local torch/timm hook trace; not edge evidence
MobileViT-S,mobilevit_s,1x3x256x256,mps,fp32,stages,ffn_linear,Linear,PDPU-candidate linear/MVM,yes,196,256,256,1179648,589824,166464,147456,1,1,288,144,42467328,0,2.1225,2.1225,stages.2.1.transformer.1.mlp.fc2,Linear,torch_hooks,local torch/timm hook trace; not edge evidence
MobileViT-S,mobilevit_s,1x3x256x256,mps,fp32,stages,control_residual,Dropout,electronic remainder,no,196,256,256,589824,589824,0,147456,1,1,0,0,0,0,8.0000,8.0000,stages.2.1.transformer.1.mlp.drop2,Dropout,torch_hooks,local torch/timm hook trace; not edge evidence
MobileViT-S,mobilevit_s,1x3x256x256,mps,fp32,stages,control_residual,Identity,electronic remainder,no,196,256,256,589824,589824,0,147456,1,1,0,0,0,0,8.0000,8.0000,stages.2.1.transformer.1.ls2,Identity,torch_hooks,local torch/timm hook trace; not edge evidence
MobileViT-S,mobilevit_s,1x3x256x256,mps,fp32,stages,control_residual,Identity,electronic remainder,no,196,256,256,589824,589824,0,147456,1,1,0,0,0,0,8.0000,8.0000,stages.2.1.transformer.1.drop_path2,Identity,torch_hooks,local torch/timm hook trace; not edge evidence
MobileViT-S,mobilevit_s,1x3x256x256,mps,fp32,stages,normalization_softmax_activation,LayerNorm,electronic remainder,no,196,256,256,589824,589824,1152,147456,1,1,0,0,0,147456,8.0000,8.0000,stages.2.1.norm,LayerNorm,torch_hooks,local torch/timm hook trace; not edge evidence
MobileViT-S,mobilevit_s,1x3x256x256,mps,fp32,stages,pointwise_conv,Conv2d 1x1,PDPU-extension candidate,extension,196,256,256,589824,393216,55296,98304,1,1,144,96,14155776,0,0.7075,0.7075,stages.2.1.conv_proj.conv,Conv2d,torch_hooks,local torch/timm hook trace; not edge evidence
MobileViT-S,mobilevit_s,1x3x256x256,mps,fp32,stages,control_residual,Identity,electronic remainder,no,196,256,256,393216,393216,0,98304,1,1,0,0,0,0,8.0000,8.0000,stages.2.1.conv_proj.bn.drop,Identity,torch_hooks,local torch/timm hook trace; not edge evidence
MobileViT-S,mobilevit_s,1x3x256x256,mps,fp32,stages,normalization_softmax_activation,SiLU,electronic remainder,no,196,256,256,393216,393216,0,98304,1,1,0,0,0,98304,8.0000,8.0000,stages.2.1.conv_proj.bn.act,SiLU,torch_hooks,local torch/timm hook trace; not edge evidence
MobileViT-S,mobilevit_s,1x3x256x256,mps,fp32,stages,spatial_conv,Conv2d 3x3,PDPU-extension candidate,extension,196,256,256,786432,393216,663552,98304,9,1,192,96,169869312,0,8.4899,8.4899,stages.2.1.conv_fusion.conv,Conv2d,torch_hooks,local torch/timm hook trace; not edge evidence
MobileViT-S,mobilevit_s,1x3x256x256,mps,fp32,stages,control_residual,Identity,electronic remainder,no,196,256,256,393216,393216,0,98304,1,1,0,0,0,0,8.0000,8.0000,stages.2.1.conv_fusion.bn.drop,Identity,torch_hooks,local torch/timm hook trace; not edge evidence
MobileViT-S,mobilevit_s,1x3x256x256,mps,fp32,stages,normalization_softmax_activation,SiLU,electronic remainder,no,196,256,256,393216,393216,0,98304,1,1,0,0,0,98304,8.0000,8.0000,stages.2.1.conv_fusion.bn.act,SiLU,torch_hooks,local torch/timm hook trace; not edge evidence
MobileViT-S,mobilevit_s,1x3x256x256,mps,fp32,stages,pointwise_conv,Conv2d 1x1,PDPU-extension candidate,extension,196,256,256,393216,1572864,147456,393216,1,1,96,384,37748736,0,1.8867,1.8867,stages.3.0.conv1_1x1.conv,Conv2d,torch_hooks,local torch/timm hook trace; not edge evidence
MobileViT-S,mobilevit_s,1x3x256x256,mps,fp32,stages,control_residual,Identity,electronic remainder,no,196,256,256,1572864,1572864,0,393216,1,1,0,0,0,0,8.0000,8.0000,stages.3.0.conv1_1x1.bn.drop,Identity,torch_hooks,local torch/timm hook trace; not edge evidence
MobileViT-S,mobilevit_s,1x3x256x256,mps,fp32,stages,normalization_softmax_activation,SiLU,electronic remainder,no,196,256,256,1572864,1572864,0,393216,1,1,0,0,0,393216,8.0000,8.0000,stages.3.0.conv1_1x1.bn.act,SiLU,torch_hooks,local torch/timm hook trace; not edge evidence
MobileViT-S,mobilevit_s,1x3x256x256,mps,fp32,stages,depthwise_conv,Depthwise Conv2d 3x3,PDPU-extension candidate,extension,196,256,256,1572864,393216,13824,98304,9,384,384,384,884736,0,0.0442,0.0442,stages.3.0.conv2_kxk.conv,Conv2d,torch_hooks,local torch/timm hook trace; not edge evidence
MobileViT-S,mobilevit_s,1x3x256x256,mps,fp32,stages,control_residual,Identity,electronic remainder,no,196,256,256,393216,393216,0,98304,1,1,0,0,0,0,8.0000,8.0000,stages.3.0.conv2_kxk.bn.drop,Identity,torch_hooks,local torch/timm hook trace; not edge evidence
MobileViT-S,mobilevit_s,1x3x256x256,mps,fp32,stages,normalization_softmax_activation,SiLU,electronic remainder,no,196,256,256,393216,393216,0,98304,1,1,0,0,0,98304,8.0000,8.0000,stages.3.0.conv2_kxk.bn.act,SiLU,torch_hooks,local torch/timm hook trace; not edge evidence
MobileViT-S,mobilevit_s,1x3x256x256,mps,fp32,stages,control_residual,Identity,electronic remainder,no,196,256,256,393216,393216,0,98304,1,1,0,0,0,0,8.0000,8.0000,stages.3.0.conv2b_kxk,Identity,torch_hooks,local torch/timm hook trace; not edge evidence
MobileViT-S,mobilevit_s,1x3x256x256,mps,fp32,stages,control_residual,Identity,electronic remainder,no,196,256,256,393216,393216,0,98304,1,1,0,0,0,0,8.0000,8.0000,stages.3.0.attn,Identity,torch_hooks,local torch/timm hook trace; not edge evidence
MobileViT-S,mobilevit_s,1x3x256x256,mps,fp32,stages,pointwise_conv,Conv2d 1x1,PDPU-extension candidate,extension,196,256,256,393216,131072,196608,32768,1,1,384,128,12582912,0,0.6289,0.6289,stages.3.0.conv3_1x1.conv,Conv2d,torch_hooks,local torch/timm hook trace; not edge evidence
MobileViT-S,mobilevit_s,1x3x256x256,mps,fp32,stages,control_residual,Identity,electronic remainder,no,196,256,256,131072,131072,0,32768,1,1,0,0,0,0,8.0000,8.0000,stages.3.0.conv3_1x1.bn.drop,Identity,torch_hooks,local torch/timm hook trace; not edge evidence
MobileViT-S,mobilevit_s,1x3x256x256,mps,fp32,stages,normalization_softmax_activation,Identity,electronic remainder,no,196,256,256,131072,131072,0,32768,1,1,0,0,0,32768,8.0000,8.0000,stages.3.0.conv3_1x1.bn.act,Identity,torch_hooks,local torch/timm hook trace; not edge evidence
MobileViT-S,mobilevit_s,1x3x256x256,mps,fp32,stages,control_residual,Identity,electronic remainder,no,196,256,256,131072,131072,0,32768,1,1,0,0,0,0,8.0000,8.0000,stages.3.0.attn_last,Identity,torch_hooks,local torch/timm hook trace; not edge evidence
MobileViT-S,mobilevit_s,1x3x256x256,mps,fp32,stages,control_residual,Identity,electronic remainder,no,196,256,256,131072,131072,0,32768,1,1,0,0,0,0,8.0000,8.0000,stages.3.0.drop_path,Identity,torch_hooks,local torch/timm hook trace; not edge evidence
MobileViT-S,mobilevit_s,1x3x256x256,mps,fp32,stages,normalization_softmax_activation,Identity,electronic remainder,no,196,256,256,131072,131072,0,32768,1,1,0,0,0,32768,8.0000,8.0000,stages.3.0.act,Identity,torch_hooks,local torch/timm hook trace; not edge evidence
MobileViT-S,mobilevit_s,1x3x256x256,mps,fp32,stages,spatial_conv,Conv2d 3x3,PDPU-extension candidate,extension,196,256,256,131072,131072,589824,32768,9,1,128,128,37748736,0,1.8867,1.8867,stages.3.1.conv_kxk.conv,Conv2d,torch_hooks,local torch/timm hook trace; not edge evidence
MobileViT-S,mobilevit_s,1x3x256x256,mps,fp32,stages,control_residual,Identity,electronic remainder,no,196,256,256,131072,131072,0,32768,1,1,0,0,0,0,8.0000,8.0000,stages.3.1.conv_kxk.bn.drop,Identity,torch_hooks,local torch/timm hook trace; not edge evidence
MobileViT-S,mobilevit_s,1x3x256x256,mps,fp32,stages,normalization_softmax_activation,SiLU,electronic remainder,no,196,256,256,131072,131072,0,32768,1,1,0,0,0,32768,8.0000,8.0000,stages.3.1.conv_kxk.bn.act,SiLU,torch_hooks,local torch/timm hook trace; not edge evidence
MobileViT-S,mobilevit_s,1x3x256x256,mps,fp32,stages,pointwise_conv,Conv2d 1x1,PDPU-extension candidate,extension,196,256,256,131072,196608,98304,49152,1,1,128,192,6291456,0,0.3144,0.3144,stages.3.1.conv_1x1,Conv2d,torch_hooks,local torch/timm hook trace; not edge evidence
MobileViT-S,mobilevit_s,1x3x256x256,mps,fp32,stages,normalization_softmax_activation,LayerNorm,electronic remainder,no,196,256,256,196608,196608,1536,49152,1,1,0,0,0,49152,8.0000,8.0000,stages.3.1.transformer.0.norm1,LayerNorm,torch_hooks,local torch/timm hook trace; not edge evidence
MobileViT-S,mobilevit_s,1x3x256x256,mps,fp32,stages,qkv_projection,Linear,PDPU-candidate linear/MVM,yes,196,256,256,196608,589824,444672,147456,1,1,192,576,28311552,0,1.4150,1.4150,stages.3.1.transformer.0.attn.qkv,Linear,torch_hooks,local torch/timm hook trace; not edge evidence
MobileViT-S,mobilevit_s,1x3x256x256,mps,fp32,stages,normalization_softmax_activation,Identity,electronic remainder,no,196,256,256,196608,196608,0,49152,1,1,0,0,0,49152,8.0000,8.0000,stages.3.1.transformer.0.attn.q_norm,Identity,torch_hooks,local torch/timm hook trace; not edge evidence
MobileViT-S,mobilevit_s,1x3x256x256,mps,fp32,stages,normalization_softmax_activation,Identity,electronic remainder,no,196,256,256,196608,196608,0,49152,1,1,0,0,0,49152,8.0000,8.0000,stages.3.1.transformer.0.attn.k_norm,Identity,torch_hooks,local torch/timm hook trace; not edge evidence
MobileViT-S,mobilevit_s,1x3x256x256,mps,fp32,stages,normalization_softmax_activation,Identity,electronic remainder,no,196,256,256,196608,196608,0,49152,1,1,0,0,0,49152,8.0000,8.0000,stages.3.1.transformer.0.attn.norm,Identity,torch_hooks,local torch/timm hook trace; not edge evidence
MobileViT-S,mobilevit_s,1x3x256x256,mps,fp32,stages,attention_output_projection,Linear,PDPU-candidate linear/MVM,yes,196,256,256,196608,196608,148224,49152,1,1,192,192,9437184,0,0.4717,0.4717,stages.3.1.transformer.0.attn.proj,Linear,torch_hooks,local torch/timm hook trace; not edge evidence
MobileViT-S,mobilevit_s,1x3x256x256,mps,fp32,stages,control_residual,Dropout,electronic remainder,no,196,256,256,196608,196608,0,49152,1,1,0,0,0,0,8.0000,8.0000,stages.3.1.transformer.0.attn.proj_drop,Dropout,torch_hooks,local torch/timm hook trace; not edge evidence
MobileViT-S,mobilevit_s,1x3x256x256,mps,fp32,stages,attention_score,QK^T,PDPU-extension candidate,extension,64,192,256,393216,262144,0,65536,1,1,0,0,3145728,0,0.1572,0.1572,stages.3.1.transformer.0.attn.attention_score,Attention(function-level inferred),torch_hooks_shape_inferred,"local attention-module shape-derived function-op estimate; extension scenario only, not measured HPAT execution"
MobileViT-S,mobilevit_s,1x3x256x256,mps,fp32,stages,attention_value,Attention x V,PDPU-extension candidate,extension,64,192,256,458752,196608,0,49152,1,1,0,0,3145728,0,0.1572,0.1572,stages.3.1.transformer.0.attn.attention_value,Attention(function-level inferred),torch_hooks_shape_inferred,"local attention-module shape-derived function-op estimate; extension scenario only, not measured HPAT execution"
MobileViT-S,mobilevit_s,1x3x256x256,mps,fp32,stages,control_residual,Identity,electronic remainder,no,196,256,256,196608,196608,0,49152,1,1,0,0,0,0,8.0000,8.0000,stages.3.1.transformer.0.ls1,Identity,torch_hooks,local torch/timm hook trace; not edge evidence
MobileViT-S,mobilevit_s,1x3x256x256,mps,fp32,stages,control_residual,Identity,electronic remainder,no,196,256,256,196608,196608,0,49152,1,1,0,0,0,0,8.0000,8.0000,stages.3.1.transformer.0.drop_path1,Identity,torch_hooks,local torch/timm hook trace; not edge evidence
MobileViT-S,mobilevit_s,1x3x256x256,mps,fp32,stages,normalization_softmax_activation,LayerNorm,electronic remainder,no,196,256,256,196608,196608,1536,49152,1,1,0,0,0,49152,8.0000,8.0000,stages.3.1.transformer.0.norm2,LayerNorm,torch_hooks,local torch/timm hook trace; not edge evidence
MobileViT-S,mobilevit_s,1x3x256x256,mps,fp32,stages,ffn_linear,Linear,PDPU-candidate linear/MVM,yes,196,256,256,196608,393216,296448,98304,1,1,192,384,18874368,0,0.9433,0.9433,stages.3.1.transformer.0.mlp.fc1,Linear,torch_hooks,local torch/timm hook trace; not edge evidence
MobileViT-S,mobilevit_s,1x3x256x256,mps,fp32,stages,normalization_softmax_activation,SiLU,electronic remainder,no,196,256,256,393216,393216,0,98304,1,1,0,0,0,98304,8.0000,8.0000,stages.3.1.transformer.0.mlp.act,SiLU,torch_hooks,local torch/timm hook trace; not edge evidence
MobileViT-S,mobilevit_s,1x3x256x256,mps,fp32,stages,control_residual,Dropout,electronic remainder,no,196,256,256,393216,393216,0,98304,1,1,0,0,0,0,8.0000,8.0000,stages.3.1.transformer.0.mlp.drop1,Dropout,torch_hooks,local torch/timm hook trace; not edge evidence
MobileViT-S,mobilevit_s,1x3x256x256,mps,fp32,stages,normalization_softmax_activation,Identity,electronic remainder,no,196,256,256,393216,393216,0,98304,1,1,0,0,0,98304,8.0000,8.0000,stages.3.1.transformer.0.mlp.norm,Identity,torch_hooks,local torch/timm hook trace; not edge evidence
MobileViT-S,mobilevit_s,1x3x256x256,mps,fp32,stages,ffn_linear,Linear,PDPU-candidate linear/MVM,yes,196,256,256,393216,196608,295680,49152,1,1,384,192,18874368,0,0.9433,0.9433,stages.3.1.transformer.0.mlp.fc2,Linear,torch_hooks,local torch/timm hook trace; not edge evidence
MobileViT-S,mobilevit_s,1x3x256x256,mps,fp32,stages,control_residual,Dropout,electronic remainder,no,196,256,256,196608,196608,0,49152,1,1,0,0,0,0,8.0000,8.0000,stages.3.1.transformer.0.mlp.drop2,Dropout,torch_hooks,local torch/timm hook trace; not edge evidence
MobileViT-S,mobilevit_s,1x3x256x256,mps,fp32,stages,control_residual,Identity,electronic remainder,no,196,256,256,196608,196608,0,49152,1,1,0,0,0,0,8.0000,8.0000,stages.3.1.transformer.0.ls2,Identity,torch_hooks,local torch/timm hook trace; not edge evidence
MobileViT-S,mobilevit_s,1x3x256x256,mps,fp32,stages,control_residual,Identity,electronic remainder,no,196,256,256,196608,196608,0,49152,1,1,0,0,0,0,8.0000,8.0000,stages.3.1.transformer.0.drop_path2,Identity,torch_hooks,local torch/timm hook trace; not edge evidence
MobileViT-S,mobilevit_s,1x3x256x256,mps,fp32,stages,normalization_softmax_activation,LayerNorm,electronic remainder,no,196,256,256,196608,196608,1536,49152,1,1,0,0,0,49152,8.0000,8.0000,stages.3.1.transformer.1.norm1,LayerNorm,torch_hooks,local torch/timm hook trace; not edge evidence
MobileViT-S,mobilevit_s,1x3x256x256,mps,fp32,stages,qkv_projection,Linear,PDPU-candidate linear/MVM,yes,196,256,256,196608,589824,444672,147456,1,1,192,576,28311552,0,1.4150,1.4150,stages.3.1.transformer.1.attn.qkv,Linear,torch_hooks,local torch/timm hook trace; not edge evidence
MobileViT-S,mobilevit_s,1x3x256x256,mps,fp32,stages,normalization_softmax_activation,Identity,electronic remainder,no,196,256,256,196608,196608,0,49152,1,1,0,0,0,49152,8.0000,8.0000,stages.3.1.transformer.1.attn.q_norm,Identity,torch_hooks,local torch/timm hook trace; not edge evidence
MobileViT-S,mobilevit_s,1x3x256x256,mps,fp32,stages,normalization_softmax_activation,Identity,electronic remainder,no,196,256,256,196608,196608,0,49152,1,1,0,0,0,49152,8.0000,8.0000,stages.3.1.transformer.1.attn.k_norm,Identity,torch_hooks,local torch/timm hook trace; not edge evidence
MobileViT-S,mobilevit_s,1x3x256x256,mps,fp32,stages,normalization_softmax_activation,Identity,electronic remainder,no,196,256,256,196608,196608,0,49152,1,1,0,0,0,49152,8.0000,8.0000,stages.3.1.transformer.1.attn.norm,Identity,torch_hooks,local torch/timm hook trace; not edge evidence
MobileViT-S,mobilevit_s,1x3x256x256,mps,fp32,stages,attention_output_projection,Linear,PDPU-candidate linear/MVM,yes,196,256,256,196608,196608,148224,49152,1,1,192,192,9437184,0,0.4717,0.4717,stages.3.1.transformer.1.attn.proj,Linear,torch_hooks,local torch/timm hook trace; not edge evidence
MobileViT-S,mobilevit_s,1x3x256x256,mps,fp32,stages,control_residual,Dropout,electronic remainder,no,196,256,256,196608,196608,0,49152,1,1,0,0,0,0,8.0000,8.0000,stages.3.1.transformer.1.attn.proj_drop,Dropout,torch_hooks,local torch/timm hook trace; not edge evidence
MobileViT-S,mobilevit_s,1x3x256x256,mps,fp32,stages,attention_score,QK^T,PDPU-extension candidate,extension,64,192,256,393216,262144,0,65536,1,1,0,0,3145728,0,0.1572,0.1572,stages.3.1.transformer.1.attn.attention_score,Attention(function-level inferred),torch_hooks_shape_inferred,"local attention-module shape-derived function-op estimate; extension scenario only, not measured HPAT execution"
MobileViT-S,mobilevit_s,1x3x256x256,mps,fp32,stages,attention_value,Attention x V,PDPU-extension candidate,extension,64,192,256,458752,196608,0,49152,1,1,0,0,3145728,0,0.1572,0.1572,stages.3.1.transformer.1.attn.attention_value,Attention(function-level inferred),torch_hooks_shape_inferred,"local attention-module shape-derived function-op estimate; extension scenario only, not measured HPAT execution"
MobileViT-S,mobilevit_s,1x3x256x256,mps,fp32,stages,control_residual,Identity,electronic remainder,no,196,256,256,196608,196608,0,49152,1,1,0,0,0,0,8.0000,8.0000,stages.3.1.transformer.1.ls1,Identity,torch_hooks,local torch/timm hook trace; not edge evidence
MobileViT-S,mobilevit_s,1x3x256x256,mps,fp32,stages,control_residual,Identity,electronic remainder,no,196,256,256,196608,196608,0,49152,1,1,0,0,0,0,8.0000,8.0000,stages.3.1.transformer.1.drop_path1,Identity,torch_hooks,local torch/timm hook trace; not edge evidence
MobileViT-S,mobilevit_s,1x3x256x256,mps,fp32,stages,normalization_softmax_activation,LayerNorm,electronic remainder,no,196,256,256,196608,196608,1536,49152,1,1,0,0,0,49152,8.0000,8.0000,stages.3.1.transformer.1.norm2,LayerNorm,torch_hooks,local torch/timm hook trace; not edge evidence
MobileViT-S,mobilevit_s,1x3x256x256,mps,fp32,stages,ffn_linear,Linear,PDPU-candidate linear/MVM,yes,196,256,256,196608,393216,296448,98304,1,1,192,384,18874368,0,0.9433,0.9433,stages.3.1.transformer.1.mlp.fc1,Linear,torch_hooks,local torch/timm hook trace; not edge evidence
MobileViT-S,mobilevit_s,1x3x256x256,mps,fp32,stages,normalization_softmax_activation,SiLU,electronic remainder,no,196,256,256,393216,393216,0,98304,1,1,0,0,0,98304,8.0000,8.0000,stages.3.1.transformer.1.mlp.act,SiLU,torch_hooks,local torch/timm hook trace; not edge evidence
MobileViT-S,mobilevit_s,1x3x256x256,mps,fp32,stages,control_residual,Dropout,electronic remainder,no,196,256,256,393216,393216,0,98304,1,1,0,0,0,0,8.0000,8.0000,stages.3.1.transformer.1.mlp.drop1,Dropout,torch_hooks,local torch/timm hook trace; not edge evidence
MobileViT-S,mobilevit_s,1x3x256x256,mps,fp32,stages,normalization_softmax_activation,Identity,electronic remainder,no,196,256,256,393216,393216,0,98304,1,1,0,0,0,98304,8.0000,8.0000,stages.3.1.transformer.1.mlp.norm,Identity,torch_hooks,local torch/timm hook trace; not edge evidence
MobileViT-S,mobilevit_s,1x3x256x256,mps,fp32,stages,ffn_linear,Linear,PDPU-candidate linear/MVM,yes,196,256,256,393216,196608,295680,49152,1,1,384,192,18874368,0,0.9433,0.9433,stages.3.1.transformer.1.mlp.fc2,Linear,torch_hooks,local torch/timm hook trace; not edge evidence
MobileViT-S,mobilevit_s,1x3x256x256,mps,fp32,stages,control_residual,Dropout,electronic remainder,no,196,256,256,196608,196608,0,49152,1,1,0,0,0,0,8.0000,8.0000,stages.3.1.transformer.1.mlp.drop2,Dropout,torch_hooks,local torch/timm hook trace; not edge evidence
MobileViT-S,mobilevit_s,1x3x256x256,mps,fp32,stages,control_residual,Identity,electronic remainder,no,196,256,256,196608,196608,0,49152,1,1,0,0,0,0,8.0000,8.0000,stages.3.1.transformer.1.ls2,Identity,torch_hooks,local torch/timm hook trace; not edge evidence
MobileViT-S,mobilevit_s,1x3x256x256,mps,fp32,stages,control_residual,Identity,electronic remainder,no,196,256,256,196608,196608,0,49152,1,1,0,0,0,0,8.0000,8.0000,stages.3.1.transformer.1.drop_path2,Identity,torch_hooks,local torch/timm hook trace; not edge evidence
MobileViT-S,mobilevit_s,1x3x256x256,mps,fp32,stages,normalization_softmax_activation,LayerNorm,electronic remainder,no,196,256,256,196608,196608,1536,49152,1,1,0,0,0,49152,8.0000,8.0000,stages.3.1.transformer.2.norm1,LayerNorm,torch_hooks,local torch/timm hook trace; not edge evidence
MobileViT-S,mobilevit_s,1x3x256x256,mps,fp32,stages,qkv_projection,Linear,PDPU-candidate linear/MVM,yes,196,256,256,196608,589824,444672,147456,1,1,192,576,28311552,0,1.4150,1.4150,stages.3.1.transformer.2.attn.qkv,Linear,torch_hooks,local torch/timm hook trace; not edge evidence
MobileViT-S,mobilevit_s,1x3x256x256,mps,fp32,stages,normalization_softmax_activation,Identity,electronic remainder,no,196,256,256,196608,196608,0,49152,1,1,0,0,0,49152,8.0000,8.0000,stages.3.1.transformer.2.attn.q_norm,Identity,torch_hooks,local torch/timm hook trace; not edge evidence
MobileViT-S,mobilevit_s,1x3x256x256,mps,fp32,stages,normalization_softmax_activation,Identity,electronic remainder,no,196,256,256,196608,196608,0,49152,1,1,0,0,0,49152,8.0000,8.0000,stages.3.1.transformer.2.attn.k_norm,Identity,torch_hooks,local torch/timm hook trace; not edge evidence
MobileViT-S,mobilevit_s,1x3x256x256,mps,fp32,stages,normalization_softmax_activation,Identity,electronic remainder,no,196,256,256,196608,196608,0,49152,1,1,0,0,0,49152,8.0000,8.0000,stages.3.1.transformer.2.attn.norm,Identity,torch_hooks,local torch/timm hook trace; not edge evidence
MobileViT-S,mobilevit_s,1x3x256x256,mps,fp32,stages,attention_output_projection,Linear,PDPU-candidate linear/MVM,yes,196,256,256,196608,196608,148224,49152,1,1,192,192,9437184,0,0.4717,0.4717,stages.3.1.transformer.2.attn.proj,Linear,torch_hooks,local torch/timm hook trace; not edge evidence
MobileViT-S,mobilevit_s,1x3x256x256,mps,fp32,stages,control_residual,Dropout,electronic remainder,no,196,256,256,196608,196608,0,49152,1,1,0,0,0,0,8.0000,8.0000,stages.3.1.transformer.2.attn.proj_drop,Dropout,torch_hooks,local torch/timm hook trace; not edge evidence
MobileViT-S,mobilevit_s,1x3x256x256,mps,fp32,stages,attention_score,QK^T,PDPU-extension candidate,extension,64,192,256,393216,262144,0,65536,1,1,0,0,3145728,0,0.1572,0.1572,stages.3.1.transformer.2.attn.attention_score,Attention(function-level inferred),torch_hooks_shape_inferred,"local attention-module shape-derived function-op estimate; extension scenario only, not measured HPAT execution"
MobileViT-S,mobilevit_s,1x3x256x256,mps,fp32,stages,attention_value,Attention x V,PDPU-extension candidate,extension,64,192,256,458752,196608,0,49152,1,1,0,0,3145728,0,0.1572,0.1572,stages.3.1.transformer.2.attn.attention_value,Attention(function-level inferred),torch_hooks_shape_inferred,"local attention-module shape-derived function-op estimate; extension scenario only, not measured HPAT execution"
MobileViT-S,mobilevit_s,1x3x256x256,mps,fp32,stages,control_residual,Identity,electronic remainder,no,196,256,256,196608,196608,0,49152,1,1,0,0,0,0,8.0000,8.0000,stages.3.1.transformer.2.ls1,Identity,torch_hooks,local torch/timm hook trace; not edge evidence
MobileViT-S,mobilevit_s,1x3x256x256,mps,fp32,stages,control_residual,Identity,electronic remainder,no,196,256,256,196608,196608,0,49152,1,1,0,0,0,0,8.0000,8.0000,stages.3.1.transformer.2.drop_path1,Identity,torch_hooks,local torch/timm hook trace; not edge evidence
MobileViT-S,mobilevit_s,1x3x256x256,mps,fp32,stages,normalization_softmax_activation,LayerNorm,electronic remainder,no,196,256,256,196608,196608,1536,49152,1,1,0,0,0,49152,8.0000,8.0000,stages.3.1.transformer.2.norm2,LayerNorm,torch_hooks,local torch/timm hook trace; not edge evidence
MobileViT-S,mobilevit_s,1x3x256x256,mps,fp32,stages,ffn_linear,Linear,PDPU-candidate linear/MVM,yes,196,256,256,196608,393216,296448,98304,1,1,192,384,18874368,0,0.9433,0.9433,stages.3.1.transformer.2.mlp.fc1,Linear,torch_hooks,local torch/timm hook trace; not edge evidence
MobileViT-S,mobilevit_s,1x3x256x256,mps,fp32,stages,normalization_softmax_activation,SiLU,electronic remainder,no,196,256,256,393216,393216,0,98304,1,1,0,0,0,98304,8.0000,8.0000,stages.3.1.transformer.2.mlp.act,SiLU,torch_hooks,local torch/timm hook trace; not edge evidence
MobileViT-S,mobilevit_s,1x3x256x256,mps,fp32,stages,control_residual,Dropout,electronic remainder,no,196,256,256,393216,393216,0,98304,1,1,0,0,0,0,8.0000,8.0000,stages.3.1.transformer.2.mlp.drop1,Dropout,torch_hooks,local torch/timm hook trace; not edge evidence
MobileViT-S,mobilevit_s,1x3x256x256,mps,fp32,stages,normalization_softmax_activation,Identity,electronic remainder,no,196,256,256,393216,393216,0,98304,1,1,0,0,0,98304,8.0000,8.0000,stages.3.1.transformer.2.mlp.norm,Identity,torch_hooks,local torch/timm hook trace; not edge evidence
MobileViT-S,mobilevit_s,1x3x256x256,mps,fp32,stages,ffn_linear,Linear,PDPU-candidate linear/MVM,yes,196,256,256,393216,196608,295680,49152,1,1,384,192,18874368,0,0.9433,0.9433,stages.3.1.transformer.2.mlp.fc2,Linear,torch_hooks,local torch/timm hook trace; not edge evidence
MobileViT-S,mobilevit_s,1x3x256x256,mps,fp32,stages,control_residual,Dropout,electronic remainder,no,196,256,256,196608,196608,0,49152,1,1,0,0,0,0,8.0000,8.0000,stages.3.1.transformer.2.mlp.drop2,Dropout,torch_hooks,local torch/timm hook trace; not edge evidence
MobileViT-S,mobilevit_s,1x3x256x256,mps,fp32,stages,control_residual,Identity,electronic remainder,no,196,256,256,196608,196608,0,49152,1,1,0,0,0,0,8.0000,8.0000,stages.3.1.transformer.2.ls2,Identity,torch_hooks,local torch/timm hook trace; not edge evidence
MobileViT-S,mobilevit_s,1x3x256x256,mps,fp32,stages,control_residual,Identity,electronic remainder,no,196,256,256,196608,196608,0,49152,1,1,0,0,0,0,8.0000,8.0000,stages.3.1.transformer.2.drop_path2,Identity,torch_hooks,local torch/timm hook trace; not edge evidence
MobileViT-S,mobilevit_s,1x3x256x256,mps,fp32,stages,normalization_softmax_activation,LayerNorm,electronic remainder,no,196,256,256,196608,196608,1536,49152,1,1,0,0,0,49152,8.0000,8.0000,stages.3.1.transformer.3.norm1,LayerNorm,torch_hooks,local torch/timm hook trace; not edge evidence
MobileViT-S,mobilevit_s,1x3x256x256,mps,fp32,stages,qkv_projection,Linear,PDPU-candidate linear/MVM,yes,196,256,256,196608,589824,444672,147456,1,1,192,576,28311552,0,1.4150,1.4150,stages.3.1.transformer.3.attn.qkv,Linear,torch_hooks,local torch/timm hook trace; not edge evidence
MobileViT-S,mobilevit_s,1x3x256x256,mps,fp32,stages,normalization_softmax_activation,Identity,electronic remainder,no,196,256,256,196608,196608,0,49152,1,1,0,0,0,49152,8.0000,8.0000,stages.3.1.transformer.3.attn.q_norm,Identity,torch_hooks,local torch/timm hook trace; not edge evidence
MobileViT-S,mobilevit_s,1x3x256x256,mps,fp32,stages,normalization_softmax_activation,Identity,electronic remainder,no,196,256,256,196608,196608,0,49152,1,1,0,0,0,49152,8.0000,8.0000,stages.3.1.transformer.3.attn.k_norm,Identity,torch_hooks,local torch/timm hook trace; not edge evidence
MobileViT-S,mobilevit_s,1x3x256x256,mps,fp32,stages,normalization_softmax_activation,Identity,electronic remainder,no,196,256,256,196608,196608,0,49152,1,1,0,0,0,49152,8.0000,8.0000,stages.3.1.transformer.3.attn.norm,Identity,torch_hooks,local torch/timm hook trace; not edge evidence
MobileViT-S,mobilevit_s,1x3x256x256,mps,fp32,stages,attention_output_projection,Linear,PDPU-candidate linear/MVM,yes,196,256,256,196608,196608,148224,49152,1,1,192,192,9437184,0,0.4717,0.4717,stages.3.1.transformer.3.attn.proj,Linear,torch_hooks,local torch/timm hook trace; not edge evidence
MobileViT-S,mobilevit_s,1x3x256x256,mps,fp32,stages,control_residual,Dropout,electronic remainder,no,196,256,256,196608,196608,0,49152,1,1,0,0,0,0,8.0000,8.0000,stages.3.1.transformer.3.attn.proj_drop,Dropout,torch_hooks,local torch/timm hook trace; not edge evidence
MobileViT-S,mobilevit_s,1x3x256x256,mps,fp32,stages,attention_score,QK^T,PDPU-extension candidate,extension,64,192,256,393216,262144,0,65536,1,1,0,0,3145728,0,0.1572,0.1572,stages.3.1.transformer.3.attn.attention_score,Attention(function-level inferred),torch_hooks_shape_inferred,"local attention-module shape-derived function-op estimate; extension scenario only, not measured HPAT execution"
MobileViT-S,mobilevit_s,1x3x256x256,mps,fp32,stages,attention_value,Attention x V,PDPU-extension candidate,extension,64,192,256,458752,196608,0,49152,1,1,0,0,3145728,0,0.1572,0.1572,stages.3.1.transformer.3.attn.attention_value,Attention(function-level inferred),torch_hooks_shape_inferred,"local attention-module shape-derived function-op estimate; extension scenario only, not measured HPAT execution"
MobileViT-S,mobilevit_s,1x3x256x256,mps,fp32,stages,control_residual,Identity,electronic remainder,no,196,256,256,196608,196608,0,49152,1,1,0,0,0,0,8.0000,8.0000,stages.3.1.transformer.3.ls1,Identity,torch_hooks,local torch/timm hook trace; not edge evidence
MobileViT-S,mobilevit_s,1x3x256x256,mps,fp32,stages,control_residual,Identity,electronic remainder,no,196,256,256,196608,196608,0,49152,1,1,0,0,0,0,8.0000,8.0000,stages.3.1.transformer.3.drop_path1,Identity,torch_hooks,local torch/timm hook trace; not edge evidence
MobileViT-S,mobilevit_s,1x3x256x256,mps,fp32,stages,normalization_softmax_activation,LayerNorm,electronic remainder,no,196,256,256,196608,196608,1536,49152,1,1,0,0,0,49152,8.0000,8.0000,stages.3.1.transformer.3.norm2,LayerNorm,torch_hooks,local torch/timm hook trace; not edge evidence
MobileViT-S,mobilevit_s,1x3x256x256,mps,fp32,stages,ffn_linear,Linear,PDPU-candidate linear/MVM,yes,196,256,256,196608,393216,296448,98304,1,1,192,384,18874368,0,0.9433,0.9433,stages.3.1.transformer.3.mlp.fc1,Linear,torch_hooks,local torch/timm hook trace; not edge evidence
MobileViT-S,mobilevit_s,1x3x256x256,mps,fp32,stages,normalization_softmax_activation,SiLU,electronic remainder,no,196,256,256,393216,393216,0,98304,1,1,0,0,0,98304,8.0000,8.0000,stages.3.1.transformer.3.mlp.act,SiLU,torch_hooks,local torch/timm hook trace; not edge evidence
MobileViT-S,mobilevit_s,1x3x256x256,mps,fp32,stages,control_residual,Dropout,electronic remainder,no,196,256,256,393216,393216,0,98304,1,1,0,0,0,0,8.0000,8.0000,stages.3.1.transformer.3.mlp.drop1,Dropout,torch_hooks,local torch/timm hook trace; not edge evidence
MobileViT-S,mobilevit_s,1x3x256x256,mps,fp32,stages,normalization_softmax_activation,Identity,electronic remainder,no,196,256,256,393216,393216,0,98304,1,1,0,0,0,98304,8.0000,8.0000,stages.3.1.transformer.3.mlp.norm,Identity,torch_hooks,local torch/timm hook trace; not edge evidence
MobileViT-S,mobilevit_s,1x3x256x256,mps,fp32,stages,ffn_linear,Linear,PDPU-candidate linear/MVM,yes,196,256,256,393216,196608,295680,49152,1,1,384,192,18874368,0,0.9433,0.9433,stages.3.1.transformer.3.mlp.fc2,Linear,torch_hooks,local torch/timm hook trace; not edge evidence
MobileViT-S,mobilevit_s,1x3x256x256,mps,fp32,stages,control_residual,Dropout,electronic remainder,no,196,256,256,196608,196608,0,49152,1,1,0,0,0,0,8.0000,8.0000,stages.3.1.transformer.3.mlp.drop2,Dropout,torch_hooks,local torch/timm hook trace; not edge evidence
MobileViT-S,mobilevit_s,1x3x256x256,mps,fp32,stages,control_residual,Identity,electronic remainder,no,196,256,256,196608,196608,0,49152,1,1,0,0,0,0,8.0000,8.0000,stages.3.1.transformer.3.ls2,Identity,torch_hooks,local torch/timm hook trace; not edge evidence
MobileViT-S,mobilevit_s,1x3x256x256,mps,fp32,stages,control_residual,Identity,electronic remainder,no,196,256,256,196608,196608,0,49152,1,1,0,0,0,0,8.0000,8.0000,stages.3.1.transformer.3.drop_path2,Identity,torch_hooks,local torch/timm hook trace; not edge evidence
MobileViT-S,mobilevit_s,1x3x256x256,mps,fp32,stages,normalization_softmax_activation,LayerNorm,electronic remainder,no,196,256,256,196608,196608,1536,49152,1,1,0,0,0,49152,8.0000,8.0000,stages.3.1.norm,LayerNorm,torch_hooks,local torch/timm hook trace; not edge evidence
MobileViT-S,mobilevit_s,1x3x256x256,mps,fp32,stages,pointwise_conv,Conv2d 1x1,PDPU-extension candidate,extension,196,256,256,196608,131072,98304,32768,1,1,192,128,6291456,0,0.3144,0.3144,stages.3.1.conv_proj.conv,Conv2d,torch_hooks,local torch/timm hook trace; not edge evidence
MobileViT-S,mobilevit_s,1x3x256x256,mps,fp32,stages,control_residual,Identity,electronic remainder,no,196,256,256,131072,131072,0,32768,1,1,0,0,0,0,8.0000,8.0000,stages.3.1.conv_proj.bn.drop,Identity,torch_hooks,local torch/timm hook trace; not edge evidence
MobileViT-S,mobilevit_s,1x3x256x256,mps,fp32,stages,normalization_softmax_activation,SiLU,electronic remainder,no,196,256,256,131072,131072,0,32768,1,1,0,0,0,32768,8.0000,8.0000,stages.3.1.conv_proj.bn.act,SiLU,torch_hooks,local torch/timm hook trace; not edge evidence
MobileViT-S,mobilevit_s,1x3x256x256,mps,fp32,stages,spatial_conv,Conv2d 3x3,PDPU-extension candidate,extension,196,256,256,262144,131072,1179648,32768,9,1,256,128,75497472,0,3.7733,3.7733,stages.3.1.conv_fusion.conv,Conv2d,torch_hooks,local torch/timm hook trace; not edge evidence
MobileViT-S,mobilevit_s,1x3x256x256,mps,fp32,stages,control_residual,Identity,electronic remainder,no,196,256,256,131072,131072,0,32768,1,1,0,0,0,0,8.0000,8.0000,stages.3.1.conv_fusion.bn.drop,Identity,torch_hooks,local torch/timm hook trace; not edge evidence
MobileViT-S,mobilevit_s,1x3x256x256,mps,fp32,stages,normalization_softmax_activation,SiLU,electronic remainder,no,196,256,256,131072,131072,0,32768,1,1,0,0,0,32768,8.0000,8.0000,stages.3.1.conv_fusion.bn.act,SiLU,torch_hooks,local torch/timm hook trace; not edge evidence
MobileViT-S,mobilevit_s,1x3x256x256,mps,fp32,stages,pointwise_conv,Conv2d 1x1,PDPU-extension candidate,extension,196,256,256,131072,524288,262144,131072,1,1,128,512,16777216,0,0.8385,0.8385,stages.4.0.conv1_1x1.conv,Conv2d,torch_hooks,local torch/timm hook trace; not edge evidence
MobileViT-S,mobilevit_s,1x3x256x256,mps,fp32,stages,control_residual,Identity,electronic remainder,no,196,256,256,524288,524288,0,131072,1,1,0,0,0,0,8.0000,8.0000,stages.4.0.conv1_1x1.bn.drop,Identity,torch_hooks,local torch/timm hook trace; not edge evidence
MobileViT-S,mobilevit_s,1x3x256x256,mps,fp32,stages,normalization_softmax_activation,SiLU,electronic remainder,no,196,256,256,524288,524288,0,131072,1,1,0,0,0,131072,8.0000,8.0000,stages.4.0.conv1_1x1.bn.act,SiLU,torch_hooks,local torch/timm hook trace; not edge evidence
MobileViT-S,mobilevit_s,1x3x256x256,mps,fp32,stages,depthwise_conv,Depthwise Conv2d 3x3,PDPU-extension candidate,extension,196,256,256,524288,131072,18432,32768,9,512,512,512,294912,0,0.0147,0.0147,stages.4.0.conv2_kxk.conv,Conv2d,torch_hooks,local torch/timm hook trace; not edge evidence
MobileViT-S,mobilevit_s,1x3x256x256,mps,fp32,stages,control_residual,Identity,electronic remainder,no,196,256,256,131072,131072,0,32768,1,1,0,0,0,0,8.0000,8.0000,stages.4.0.conv2_kxk.bn.drop,Identity,torch_hooks,local torch/timm hook trace; not edge evidence
MobileViT-S,mobilevit_s,1x3x256x256,mps,fp32,stages,normalization_softmax_activation,SiLU,electronic remainder,no,196,256,256,131072,131072,0,32768,1,1,0,0,0,32768,8.0000,8.0000,stages.4.0.conv2_kxk.bn.act,SiLU,torch_hooks,local torch/timm hook trace; not edge evidence
MobileViT-S,mobilevit_s,1x3x256x256,mps,fp32,stages,control_residual,Identity,electronic remainder,no,196,256,256,131072,131072,0,32768,1,1,0,0,0,0,8.0000,8.0000,stages.4.0.conv2b_kxk,Identity,torch_hooks,local torch/timm hook trace; not edge evidence
MobileViT-S,mobilevit_s,1x3x256x256,mps,fp32,stages,control_residual,Identity,electronic remainder,no,196,256,256,131072,131072,0,32768,1,1,0,0,0,0,8.0000,8.0000,stages.4.0.attn,Identity,torch_hooks,local torch/timm hook trace; not edge evidence
MobileViT-S,mobilevit_s,1x3x256x256,mps,fp32,stages,pointwise_conv,Conv2d 1x1,PDPU-extension candidate,extension,196,256,256,131072,40960,327680,10240,1,1,512,160,5242880,0,0.2620,0.2620,stages.4.0.conv3_1x1.conv,Conv2d,torch_hooks,local torch/timm hook trace; not edge evidence
MobileViT-S,mobilevit_s,1x3x256x256,mps,fp32,stages,control_residual,Identity,electronic remainder,no,196,256,256,40960,40960,0,10240,1,1,0,0,0,0,8.0000,8.0000,stages.4.0.conv3_1x1.bn.drop,Identity,torch_hooks,local torch/timm hook trace; not edge evidence
MobileViT-S,mobilevit_s,1x3x256x256,mps,fp32,stages,normalization_softmax_activation,Identity,electronic remainder,no,196,256,256,40960,40960,0,10240,1,1,0,0,0,10240,8.0000,8.0000,stages.4.0.conv3_1x1.bn.act,Identity,torch_hooks,local torch/timm hook trace; not edge evidence
MobileViT-S,mobilevit_s,1x3x256x256,mps,fp32,stages,control_residual,Identity,electronic remainder,no,196,256,256,40960,40960,0,10240,1,1,0,0,0,0,8.0000,8.0000,stages.4.0.attn_last,Identity,torch_hooks,local torch/timm hook trace; not edge evidence
MobileViT-S,mobilevit_s,1x3x256x256,mps,fp32,stages,control_residual,Identity,electronic remainder,no,196,256,256,40960,40960,0,10240,1,1,0,0,0,0,8.0000,8.0000,stages.4.0.drop_path,Identity,torch_hooks,local torch/timm hook trace; not edge evidence
MobileViT-S,mobilevit_s,1x3x256x256,mps,fp32,stages,normalization_softmax_activation,Identity,electronic remainder,no,196,256,256,40960,40960,0,10240,1,1,0,0,0,10240,8.0000,8.0000,stages.4.0.act,Identity,torch_hooks,local torch/timm hook trace; not edge evidence
MobileViT-S,mobilevit_s,1x3x256x256,mps,fp32,stages,spatial_conv,Conv2d 3x3,PDPU-extension candidate,extension,196,256,256,40960,40960,921600,10240,9,1,160,160,14745600,0,0.7370,0.7370,stages.4.1.conv_kxk.conv,Conv2d,torch_hooks,local torch/timm hook trace; not edge evidence
MobileViT-S,mobilevit_s,1x3x256x256,mps,fp32,stages,control_residual,Identity,electronic remainder,no,196,256,256,40960,40960,0,10240,1,1,0,0,0,0,8.0000,8.0000,stages.4.1.conv_kxk.bn.drop,Identity,torch_hooks,local torch/timm hook trace; not edge evidence
MobileViT-S,mobilevit_s,1x3x256x256,mps,fp32,stages,normalization_softmax_activation,SiLU,electronic remainder,no,196,256,256,40960,40960,0,10240,1,1,0,0,0,10240,8.0000,8.0000,stages.4.1.conv_kxk.bn.act,SiLU,torch_hooks,local torch/timm hook trace; not edge evidence
MobileViT-S,mobilevit_s,1x3x256x256,mps,fp32,stages,pointwise_conv,Conv2d 1x1,PDPU-extension candidate,extension,196,256,256,40960,61440,153600,15360,1,1,160,240,2457600,0,0.1228,0.1228,stages.4.1.conv_1x1,Conv2d,torch_hooks,local torch/timm hook trace; not edge evidence
MobileViT-S,mobilevit_s,1x3x256x256,mps,fp32,stages,normalization_softmax_activation,LayerNorm,electronic remainder,no,196,256,256,61440,61440,1920,15360,1,1,0,0,0,15360,8.0000,8.0000,stages.4.1.transformer.0.norm1,LayerNorm,torch_hooks,local torch/timm hook trace; not edge evidence
MobileViT-S,mobilevit_s,1x3x256x256,mps,fp32,stages,qkv_projection,Linear,PDPU-candidate linear/MVM,yes,196,256,256,61440,184320,694080,46080,1,1,240,720,11059200,0,0.5527,0.5527,stages.4.1.transformer.0.attn.qkv,Linear,torch_hooks,local torch/timm hook trace; not edge evidence
MobileViT-S,mobilevit_s,1x3x256x256,mps,fp32,stages,normalization_softmax_activation,Identity,electronic remainder,no,196,256,256,61440,61440,0,15360,1,1,0,0,0,15360,8.0000,8.0000,stages.4.1.transformer.0.attn.q_norm,Identity,torch_hooks,local torch/timm hook trace; not edge evidence
MobileViT-S,mobilevit_s,1x3x256x256,mps,fp32,stages,normalization_softmax_activation,Identity,electronic remainder,no,196,256,256,61440,61440,0,15360,1,1,0,0,0,15360,8.0000,8.0000,stages.4.1.transformer.0.attn.k_norm,Identity,torch_hooks,local torch/timm hook trace; not edge evidence
MobileViT-S,mobilevit_s,1x3x256x256,mps,fp32,stages,normalization_softmax_activation,Identity,electronic remainder,no,196,256,256,61440,61440,0,15360,1,1,0,0,0,15360,8.0000,8.0000,stages.4.1.transformer.0.attn.norm,Identity,torch_hooks,local torch/timm hook trace; not edge evidence
MobileViT-S,mobilevit_s,1x3x256x256,mps,fp32,stages,attention_output_projection,Linear,PDPU-candidate linear/MVM,yes,196,256,256,61440,61440,231360,15360,1,1,240,240,3686400,0,0.1842,0.1842,stages.4.1.transformer.0.attn.proj,Linear,torch_hooks,local torch/timm hook trace; not edge evidence
MobileViT-S,mobilevit_s,1x3x256x256,mps,fp32,stages,control_residual,Dropout,electronic remainder,no,196,256,256,61440,61440,0,15360,1,1,0,0,0,0,8.0000,8.0000,stages.4.1.transformer.0.attn.proj_drop,Dropout,torch_hooks,local torch/timm hook trace; not edge evidence
MobileViT-S,mobilevit_s,1x3x256x256,mps,fp32,stages,attention_score,QK^T,PDPU-extension candidate,extension,16,240,256,122880,16384,0,4096,1,1,0,0,245760,0,0.0123,0.0123,stages.4.1.transformer.0.attn.attention_score,Attention(function-level inferred),torch_hooks_shape_inferred,"local attention-module shape-derived function-op estimate; extension scenario only, not measured HPAT execution"
MobileViT-S,mobilevit_s,1x3x256x256,mps,fp32,stages,attention_value,Attention x V,PDPU-extension candidate,extension,16,240,256,77824,61440,0,15360,1,1,0,0,245760,0,0.0123,0.0123,stages.4.1.transformer.0.attn.attention_value,Attention(function-level inferred),torch_hooks_shape_inferred,"local attention-module shape-derived function-op estimate; extension scenario only, not measured HPAT execution"
MobileViT-S,mobilevit_s,1x3x256x256,mps,fp32,stages,control_residual,Identity,electronic remainder,no,196,256,256,61440,61440,0,15360,1,1,0,0,0,0,8.0000,8.0000,stages.4.1.transformer.0.ls1,Identity,torch_hooks,local torch/timm hook trace; not edge evidence
MobileViT-S,mobilevit_s,1x3x256x256,mps,fp32,stages,control_residual,Identity,electronic remainder,no,196,256,256,61440,61440,0,15360,1,1,0,0,0,0,8.0000,8.0000,stages.4.1.transformer.0.drop_path1,Identity,torch_hooks,local torch/timm hook trace; not edge evidence
MobileViT-S,mobilevit_s,1x3x256x256,mps,fp32,stages,normalization_softmax_activation,LayerNorm,electronic remainder,no,196,256,256,61440,61440,1920,15360,1,1,0,0,0,15360,8.0000,8.0000,stages.4.1.transformer.0.norm2,LayerNorm,torch_hooks,local torch/timm hook trace; not edge evidence
MobileViT-S,mobilevit_s,1x3x256x256,mps,fp32,stages,ffn_linear,Linear,PDPU-candidate linear/MVM,yes,196,256,256,61440,122880,462720,30720,1,1,240,480,7372800,0,0.3685,0.3685,stages.4.1.transformer.0.mlp.fc1,Linear,torch_hooks,local torch/timm hook trace; not edge evidence
MobileViT-S,mobilevit_s,1x3x256x256,mps,fp32,stages,normalization_softmax_activation,SiLU,electronic remainder,no,196,256,256,122880,122880,0,30720,1,1,0,0,0,30720,8.0000,8.0000,stages.4.1.transformer.0.mlp.act,SiLU,torch_hooks,local torch/timm hook trace; not edge evidence
MobileViT-S,mobilevit_s,1x3x256x256,mps,fp32,stages,control_residual,Dropout,electronic remainder,no,196,256,256,122880,122880,0,30720,1,1,0,0,0,0,8.0000,8.0000,stages.4.1.transformer.0.mlp.drop1,Dropout,torch_hooks,local torch/timm hook trace; not edge evidence
MobileViT-S,mobilevit_s,1x3x256x256,mps,fp32,stages,normalization_softmax_activation,Identity,electronic remainder,no,196,256,256,122880,122880,0,30720,1,1,0,0,0,30720,8.0000,8.0000,stages.4.1.transformer.0.mlp.norm,Identity,torch_hooks,local torch/timm hook trace; not edge evidence
MobileViT-S,mobilevit_s,1x3x256x256,mps,fp32,stages,ffn_linear,Linear,PDPU-candidate linear/MVM,yes,196,256,256,122880,61440,461760,15360,1,1,480,240,7372800,0,0.3685,0.3685,stages.4.1.transformer.0.mlp.fc2,Linear,torch_hooks,local torch/timm hook trace; not edge evidence
MobileViT-S,mobilevit_s,1x3x256x256,mps,fp32,stages,control_residual,Dropout,electronic remainder,no,196,256,256,61440,61440,0,15360,1,1,0,0,0,0,8.0000,8.0000,stages.4.1.transformer.0.mlp.drop2,Dropout,torch_hooks,local torch/timm hook trace; not edge evidence
MobileViT-S,mobilevit_s,1x3x256x256,mps,fp32,stages,control_residual,Identity,electronic remainder,no,196,256,256,61440,61440,0,15360,1,1,0,0,0,0,8.0000,8.0000,stages.4.1.transformer.0.ls2,Identity,torch_hooks,local torch/timm hook trace; not edge evidence
MobileViT-S,mobilevit_s,1x3x256x256,mps,fp32,stages,control_residual,Identity,electronic remainder,no,196,256,256,61440,61440,0,15360,1,1,0,0,0,0,8.0000,8.0000,stages.4.1.transformer.0.drop_path2,Identity,torch_hooks,local torch/timm hook trace; not edge evidence
MobileViT-S,mobilevit_s,1x3x256x256,mps,fp32,stages,normalization_softmax_activation,LayerNorm,electronic remainder,no,196,256,256,61440,61440,1920,15360,1,1,0,0,0,15360,8.0000,8.0000,stages.4.1.transformer.1.norm1,LayerNorm,torch_hooks,local torch/timm hook trace; not edge evidence
MobileViT-S,mobilevit_s,1x3x256x256,mps,fp32,stages,qkv_projection,Linear,PDPU-candidate linear/MVM,yes,196,256,256,61440,184320,694080,46080,1,1,240,720,11059200,0,0.5527,0.5527,stages.4.1.transformer.1.attn.qkv,Linear,torch_hooks,local torch/timm hook trace; not edge evidence
MobileViT-S,mobilevit_s,1x3x256x256,mps,fp32,stages,normalization_softmax_activation,Identity,electronic remainder,no,196,256,256,61440,61440,0,15360,1,1,0,0,0,15360,8.0000,8.0000,stages.4.1.transformer.1.attn.q_norm,Identity,torch_hooks,local torch/timm hook trace; not edge evidence
MobileViT-S,mobilevit_s,1x3x256x256,mps,fp32,stages,normalization_softmax_activation,Identity,electronic remainder,no,196,256,256,61440,61440,0,15360,1,1,0,0,0,15360,8.0000,8.0000,stages.4.1.transformer.1.attn.k_norm,Identity,torch_hooks,local torch/timm hook trace; not edge evidence
MobileViT-S,mobilevit_s,1x3x256x256,mps,fp32,stages,normalization_softmax_activation,Identity,electronic remainder,no,196,256,256,61440,61440,0,15360,1,1,0,0,0,15360,8.0000,8.0000,stages.4.1.transformer.1.attn.norm,Identity,torch_hooks,local torch/timm hook trace; not edge evidence
MobileViT-S,mobilevit_s,1x3x256x256,mps,fp32,stages,attention_output_projection,Linear,PDPU-candidate linear/MVM,yes,196,256,256,61440,61440,231360,15360,1,1,240,240,3686400,0,0.1842,0.1842,stages.4.1.transformer.1.attn.proj,Linear,torch_hooks,local torch/timm hook trace; not edge evidence
MobileViT-S,mobilevit_s,1x3x256x256,mps,fp32,stages,control_residual,Dropout,electronic remainder,no,196,256,256,61440,61440,0,15360,1,1,0,0,0,0,8.0000,8.0000,stages.4.1.transformer.1.attn.proj_drop,Dropout,torch_hooks,local torch/timm hook trace; not edge evidence
MobileViT-S,mobilevit_s,1x3x256x256,mps,fp32,stages,attention_score,QK^T,PDPU-extension candidate,extension,16,240,256,122880,16384,0,4096,1,1,0,0,245760,0,0.0123,0.0123,stages.4.1.transformer.1.attn.attention_score,Attention(function-level inferred),torch_hooks_shape_inferred,"local attention-module shape-derived function-op estimate; extension scenario only, not measured HPAT execution"
MobileViT-S,mobilevit_s,1x3x256x256,mps,fp32,stages,attention_value,Attention x V,PDPU-extension candidate,extension,16,240,256,77824,61440,0,15360,1,1,0,0,245760,0,0.0123,0.0123,stages.4.1.transformer.1.attn.attention_value,Attention(function-level inferred),torch_hooks_shape_inferred,"local attention-module shape-derived function-op estimate; extension scenario only, not measured HPAT execution"
MobileViT-S,mobilevit_s,1x3x256x256,mps,fp32,stages,control_residual,Identity,electronic remainder,no,196,256,256,61440,61440,0,15360,1,1,0,0,0,0,8.0000,8.0000,stages.4.1.transformer.1.ls1,Identity,torch_hooks,local torch/timm hook trace; not edge evidence
MobileViT-S,mobilevit_s,1x3x256x256,mps,fp32,stages,control_residual,Identity,electronic remainder,no,196,256,256,61440,61440,0,15360,1,1,0,0,0,0,8.0000,8.0000,stages.4.1.transformer.1.drop_path1,Identity,torch_hooks,local torch/timm hook trace; not edge evidence
MobileViT-S,mobilevit_s,1x3x256x256,mps,fp32,stages,normalization_softmax_activation,LayerNorm,electronic remainder,no,196,256,256,61440,61440,1920,15360,1,1,0,0,0,15360,8.0000,8.0000,stages.4.1.transformer.1.norm2,LayerNorm,torch_hooks,local torch/timm hook trace; not edge evidence
MobileViT-S,mobilevit_s,1x3x256x256,mps,fp32,stages,ffn_linear,Linear,PDPU-candidate linear/MVM,yes,196,256,256,61440,122880,462720,30720,1,1,240,480,7372800,0,0.3685,0.3685,stages.4.1.transformer.1.mlp.fc1,Linear,torch_hooks,local torch/timm hook trace; not edge evidence
MobileViT-S,mobilevit_s,1x3x256x256,mps,fp32,stages,normalization_softmax_activation,SiLU,electronic remainder,no,196,256,256,122880,122880,0,30720,1,1,0,0,0,30720,8.0000,8.0000,stages.4.1.transformer.1.mlp.act,SiLU,torch_hooks,local torch/timm hook trace; not edge evidence
MobileViT-S,mobilevit_s,1x3x256x256,mps,fp32,stages,control_residual,Dropout,electronic remainder,no,196,256,256,122880,122880,0,30720,1,1,0,0,0,0,8.0000,8.0000,stages.4.1.transformer.1.mlp.drop1,Dropout,torch_hooks,local torch/timm hook trace; not edge evidence
MobileViT-S,mobilevit_s,1x3x256x256,mps,fp32,stages,normalization_softmax_activation,Identity,electronic remainder,no,196,256,256,122880,122880,0,30720,1,1,0,0,0,30720,8.0000,8.0000,stages.4.1.transformer.1.mlp.norm,Identity,torch_hooks,local torch/timm hook trace; not edge evidence
MobileViT-S,mobilevit_s,1x3x256x256,mps,fp32,stages,ffn_linear,Linear,PDPU-candidate linear/MVM,yes,196,256,256,122880,61440,461760,15360,1,1,480,240,7372800,0,0.3685,0.3685,stages.4.1.transformer.1.mlp.fc2,Linear,torch_hooks,local torch/timm hook trace; not edge evidence
MobileViT-S,mobilevit_s,1x3x256x256,mps,fp32,stages,control_residual,Dropout,electronic remainder,no,196,256,256,61440,61440,0,15360,1,1,0,0,0,0,8.0000,8.0000,stages.4.1.transformer.1.mlp.drop2,Dropout,torch_hooks,local torch/timm hook trace; not edge evidence
MobileViT-S,mobilevit_s,1x3x256x256,mps,fp32,stages,control_residual,Identity,electronic remainder,no,196,256,256,61440,61440,0,15360,1,1,0,0,0,0,8.0000,8.0000,stages.4.1.transformer.1.ls2,Identity,torch_hooks,local torch/timm hook trace; not edge evidence
MobileViT-S,mobilevit_s,1x3x256x256,mps,fp32,stages,control_residual,Identity,electronic remainder,no,196,256,256,61440,61440,0,15360,1,1,0,0,0,0,8.0000,8.0000,stages.4.1.transformer.1.drop_path2,Identity,torch_hooks,local torch/timm hook trace; not edge evidence
MobileViT-S,mobilevit_s,1x3x256x256,mps,fp32,stages,normalization_softmax_activation,LayerNorm,electronic remainder,no,196,256,256,61440,61440,1920,15360,1,1,0,0,0,15360,8.0000,8.0000,stages.4.1.transformer.2.norm1,LayerNorm,torch_hooks,local torch/timm hook trace; not edge evidence
MobileViT-S,mobilevit_s,1x3x256x256,mps,fp32,stages,qkv_projection,Linear,PDPU-candidate linear/MVM,yes,196,256,256,61440,184320,694080,46080,1,1,240,720,11059200,0,0.5527,0.5527,stages.4.1.transformer.2.attn.qkv,Linear,torch_hooks,local torch/timm hook trace; not edge evidence
MobileViT-S,mobilevit_s,1x3x256x256,mps,fp32,stages,normalization_softmax_activation,Identity,electronic remainder,no,196,256,256,61440,61440,0,15360,1,1,0,0,0,15360,8.0000,8.0000,stages.4.1.transformer.2.attn.q_norm,Identity,torch_hooks,local torch/timm hook trace; not edge evidence
MobileViT-S,mobilevit_s,1x3x256x256,mps,fp32,stages,normalization_softmax_activation,Identity,electronic remainder,no,196,256,256,61440,61440,0,15360,1,1,0,0,0,15360,8.0000,8.0000,stages.4.1.transformer.2.attn.k_norm,Identity,torch_hooks,local torch/timm hook trace; not edge evidence
MobileViT-S,mobilevit_s,1x3x256x256,mps,fp32,stages,normalization_softmax_activation,Identity,electronic remainder,no,196,256,256,61440,61440,0,15360,1,1,0,0,0,15360,8.0000,8.0000,stages.4.1.transformer.2.attn.norm,Identity,torch_hooks,local torch/timm hook trace; not edge evidence
MobileViT-S,mobilevit_s,1x3x256x256,mps,fp32,stages,attention_output_projection,Linear,PDPU-candidate linear/MVM,yes,196,256,256,61440,61440,231360,15360,1,1,240,240,3686400,0,0.1842,0.1842,stages.4.1.transformer.2.attn.proj,Linear,torch_hooks,local torch/timm hook trace; not edge evidence
MobileViT-S,mobilevit_s,1x3x256x256,mps,fp32,stages,control_residual,Dropout,electronic remainder,no,196,256,256,61440,61440,0,15360,1,1,0,0,0,0,8.0000,8.0000,stages.4.1.transformer.2.attn.proj_drop,Dropout,torch_hooks,local torch/timm hook trace; not edge evidence
MobileViT-S,mobilevit_s,1x3x256x256,mps,fp32,stages,attention_score,QK^T,PDPU-extension candidate,extension,16,240,256,122880,16384,0,4096,1,1,0,0,245760,0,0.0123,0.0123,stages.4.1.transformer.2.attn.attention_score,Attention(function-level inferred),torch_hooks_shape_inferred,"local attention-module shape-derived function-op estimate; extension scenario only, not measured HPAT execution"
MobileViT-S,mobilevit_s,1x3x256x256,mps,fp32,stages,attention_value,Attention x V,PDPU-extension candidate,extension,16,240,256,77824,61440,0,15360,1,1,0,0,245760,0,0.0123,0.0123,stages.4.1.transformer.2.attn.attention_value,Attention(function-level inferred),torch_hooks_shape_inferred,"local attention-module shape-derived function-op estimate; extension scenario only, not measured HPAT execution"
MobileViT-S,mobilevit_s,1x3x256x256,mps,fp32,stages,control_residual,Identity,electronic remainder,no,196,256,256,61440,61440,0,15360,1,1,0,0,0,0,8.0000,8.0000,stages.4.1.transformer.2.ls1,Identity,torch_hooks,local torch/timm hook trace; not edge evidence
MobileViT-S,mobilevit_s,1x3x256x256,mps,fp32,stages,control_residual,Identity,electronic remainder,no,196,256,256,61440,61440,0,15360,1,1,0,0,0,0,8.0000,8.0000,stages.4.1.transformer.2.drop_path1,Identity,torch_hooks,local torch/timm hook trace; not edge evidence
MobileViT-S,mobilevit_s,1x3x256x256,mps,fp32,stages,normalization_softmax_activation,LayerNorm,electronic remainder,no,196,256,256,61440,61440,1920,15360,1,1,0,0,0,15360,8.0000,8.0000,stages.4.1.transformer.2.norm2,LayerNorm,torch_hooks,local torch/timm hook trace; not edge evidence
MobileViT-S,mobilevit_s,1x3x256x256,mps,fp32,stages,ffn_linear,Linear,PDPU-candidate linear/MVM,yes,196,256,256,61440,122880,462720,30720,1,1,240,480,7372800,0,0.3685,0.3685,stages.4.1.transformer.2.mlp.fc1,Linear,torch_hooks,local torch/timm hook trace; not edge evidence
MobileViT-S,mobilevit_s,1x3x256x256,mps,fp32,stages,normalization_softmax_activation,SiLU,electronic remainder,no,196,256,256,122880,122880,0,30720,1,1,0,0,0,30720,8.0000,8.0000,stages.4.1.transformer.2.mlp.act,SiLU,torch_hooks,local torch/timm hook trace; not edge evidence
MobileViT-S,mobilevit_s,1x3x256x256,mps,fp32,stages,control_residual,Dropout,electronic remainder,no,196,256,256,122880,122880,0,30720,1,1,0,0,0,0,8.0000,8.0000,stages.4.1.transformer.2.mlp.drop1,Dropout,torch_hooks,local torch/timm hook trace; not edge evidence
MobileViT-S,mobilevit_s,1x3x256x256,mps,fp32,stages,normalization_softmax_activation,Identity,electronic remainder,no,196,256,256,122880,122880,0,30720,1,1,0,0,0,30720,8.0000,8.0000,stages.4.1.transformer.2.mlp.norm,Identity,torch_hooks,local torch/timm hook trace; not edge evidence
MobileViT-S,mobilevit_s,1x3x256x256,mps,fp32,stages,ffn_linear,Linear,PDPU-candidate linear/MVM,yes,196,256,256,122880,61440,461760,15360,1,1,480,240,7372800,0,0.3685,0.3685,stages.4.1.transformer.2.mlp.fc2,Linear,torch_hooks,local torch/timm hook trace; not edge evidence
MobileViT-S,mobilevit_s,1x3x256x256,mps,fp32,stages,control_residual,Dropout,electronic remainder,no,196,256,256,61440,61440,0,15360,1,1,0,0,0,0,8.0000,8.0000,stages.4.1.transformer.2.mlp.drop2,Dropout,torch_hooks,local torch/timm hook trace; not edge evidence
MobileViT-S,mobilevit_s,1x3x256x256,mps,fp32,stages,control_residual,Identity,electronic remainder,no,196,256,256,61440,61440,0,15360,1,1,0,0,0,0,8.0000,8.0000,stages.4.1.transformer.2.ls2,Identity,torch_hooks,local torch/timm hook trace; not edge evidence
MobileViT-S,mobilevit_s,1x3x256x256,mps,fp32,stages,control_residual,Identity,electronic remainder,no,196,256,256,61440,61440,0,15360,1,1,0,0,0,0,8.0000,8.0000,stages.4.1.transformer.2.drop_path2,Identity,torch_hooks,local torch/timm hook trace; not edge evidence
MobileViT-S,mobilevit_s,1x3x256x256,mps,fp32,stages,normalization_softmax_activation,LayerNorm,electronic remainder,no,196,256,256,61440,61440,1920,15360,1,1,0,0,0,15360,8.0000,8.0000,stages.4.1.norm,LayerNorm,torch_hooks,local torch/timm hook trace; not edge evidence
MobileViT-S,mobilevit_s,1x3x256x256,mps,fp32,stages,pointwise_conv,Conv2d 1x1,PDPU-extension candidate,extension,196,256,256,61440,40960,153600,10240,1,1,240,160,2457600,0,0.1228,0.1228,stages.4.1.conv_proj.conv,Conv2d,torch_hooks,local torch/timm hook trace; not edge evidence
MobileViT-S,mobilevit_s,1x3x256x256,mps,fp32,stages,control_residual,Identity,electronic remainder,no,196,256,256,40960,40960,0,10240,1,1,0,0,0,0,8.0000,8.0000,stages.4.1.conv_proj.bn.drop,Identity,torch_hooks,local torch/timm hook trace; not edge evidence
MobileViT-S,mobilevit_s,1x3x256x256,mps,fp32,stages,normalization_softmax_activation,SiLU,electronic remainder,no,196,256,256,40960,40960,0,10240,1,1,0,0,0,10240,8.0000,8.0000,stages.4.1.conv_proj.bn.act,SiLU,torch_hooks,local torch/timm hook trace; not edge evidence
MobileViT-S,mobilevit_s,1x3x256x256,mps,fp32,stages,spatial_conv,Conv2d 3x3,PDPU-extension candidate,extension,196,256,256,81920,40960,1843200,10240,9,1,320,160,29491200,0,1.4739,1.4739,stages.4.1.conv_fusion.conv,Conv2d,torch_hooks,local torch/timm hook trace; not edge evidence
MobileViT-S,mobilevit_s,1x3x256x256,mps,fp32,stages,control_residual,Identity,electronic remainder,no,196,256,256,40960,40960,0,10240,1,1,0,0,0,0,8.0000,8.0000,stages.4.1.conv_fusion.bn.drop,Identity,torch_hooks,local torch/timm hook trace; not edge evidence
MobileViT-S,mobilevit_s,1x3x256x256,mps,fp32,stages,normalization_softmax_activation,SiLU,electronic remainder,no,196,256,256,40960,40960,0,10240,1,1,0,0,0,10240,8.0000,8.0000,stages.4.1.conv_fusion.bn.act,SiLU,torch_hooks,local torch/timm hook trace; not edge evidence
MobileViT-S,mobilevit_s,1x3x256x256,mps,fp32,final_conv,pointwise_conv,Conv2d 1x1,PDPU-extension candidate,extension,196,256,256,40960,163840,409600,40960,1,1,160,640,6553600,0,0.3275,0.3275,final_conv.conv,Conv2d,torch_hooks,local torch/timm hook trace; not edge evidence
MobileViT-S,mobilevit_s,1x3x256x256,mps,fp32,final_conv,control_residual,Identity,electronic remainder,no,196,256,256,163840,163840,0,40960,1,1,0,0,0,0,8.0000,8.0000,final_conv.bn.drop,Identity,torch_hooks,local torch/timm hook trace; not edge evidence
MobileViT-S,mobilevit_s,1x3x256x256,mps,fp32,final_conv,normalization_softmax_activation,SiLU,electronic remainder,no,196,256,256,163840,163840,0,40960,1,1,0,0,0,40960,8.0000,8.0000,final_conv.bn.act,SiLU,torch_hooks,local torch/timm hook trace; not edge evidence
MobileViT-S,mobilevit_s,1x3x256x256,mps,fp32,head,control_residual,AdaptiveAvgPool2d,electronic remainder,no,196,256,256,163840,2560,0,640,1,1,0,0,0,0,8.0000,8.0000,head.global_pool.pool,AdaptiveAvgPool2d,torch_hooks,local torch/timm hook trace; not edge evidence
MobileViT-S,mobilevit_s,1x3x256x256,mps,fp32,head,control_residual,Flatten,electronic remainder,no,196,256,256,2560,2560,0,640,1,1,0,0,0,0,8.0000,8.0000,head.global_pool.flatten,Flatten,torch_hooks,local torch/timm hook trace; not edge evidence
MobileViT-S,mobilevit_s,1x3x256x256,mps,fp32,head,control_residual,Dropout,electronic remainder,no,196,256,256,2560,2560,0,640,1,1,0,0,0,0,8.0000,8.0000,head.drop,Dropout,torch_hooks,local torch/timm hook trace; not edge evidence
MobileViT-S,mobilevit_s,1x3x256x256,mps,fp32,head,classifier_linear,Linear,PDPU-candidate linear/MVM,yes,196,256,256,2560,4000,2564000,1000,1,1,640,1000,640000,0,0.0320,0.0320,head.fc,Linear,torch_hooks,local torch/timm hook trace; not edge evidence
MobileViT-S,mobilevit_s,1x3x256x256,mps,fp32,head,control_residual,Identity,electronic remainder,no,196,256,256,4000,4000,0,1000,1,1,0,0,0,0,8.0000,8.0000,head.flatten,Identity,torch_hooks,local torch/timm hook trace; not edge evidence
